player_name,date_of_birth,place_of_birth,age,height,citizenship,position,foot,player_agent,current_club,joined,contract_expires,contract_option,date_of_last_contract_extension,social_media,outfitter,full_name,on_loan_from,contract_there_expires,x2nd_club
Marek Rodák,"Dec 13, 1996",Košice,24,"1,94 m",Slovakia,Goalkeeper,right,Stars & Friends,Fulham FC,"Jul 1, 2019","Jun 30, 2024",club option 1 year,"May 15, 2020",,NA,NA,NA,NA,NA
Paulo Dino Gazzaniga Farias,"Jan 2, 1992",Murphy,29,"1,96 m",Argentina Italy,Goalkeeper,right,LGT Football,Fulham FC,"Jul 24, 2021","Jun 30, 2023",NA,NA,,adidas,NA,NA,NA,NA
Abdul-Nasir Oluwatosin Oluwadoyinsolami Adarabioyo,"Sep 24, 1997",Manchester,24,"1,96 m",England Nigeria,Defender - Centre-Back,right,Closeview Sports Management,Fulham FC,"Oct 5, 2020","Jun 30, 2023",club option 1 year,NA,,Nike,NA,NA,NA,NA
Alfie Robert John Mawson,"Jan 19, 1994",London,27,"1,89 m",England,Defender - Centre-Back,right,Volenti,Fulham FC,"Aug 2, 2018","Jun 30, 2022",NA,NA,NA,NA,NA,NA,NA,NA
Michael Anthony James Hector,"Jul 19, 1992",London,29,"1,93 m",Jamaica England,Defender - Centre-Back,right,Relatives,Fulham FC,"Jan 1, 2020","Jun 30, 2022",club option 1 year,NA,,NA,NA,NA,NA,NA
Timothy Michael Ream,"Oct 5, 1987","St. Louis, Missouri",34,"1,86 m",United States,Defender - Centre-Back,left,ICM Stellar Sports,Fulham FC,"Aug 20, 2015","Jun 30, 2022",NA,"Jul 6, 2018",,Nike,NA,NA,NA,NA
Joseph Edward Bryan,"Sep 17, 1993",Bristol,28,"1,73 m",England,Defender - Left-Back,left,CAA Base Ltd,Fulham FC,"Aug 9, 2018","Jun 30, 2023",club option 1 year,"Sep 14, 2020",,NA,NA,NA,NA,NA
Kenny Joelle Tete,"Oct 9, 1995",Amsterdam,26,"1,80 m",Netherlands Mozambique,Defender - Right-Back,right,Mino Raiola,Fulham FC,"Sep 10, 2020","Jun 30, 2024",club option 1 year,NA,,adidas,NA,NA,NA,NA
Zeze Steven Sessegnon,"May 18, 2000",London,21,"1,75 m",England,Defender - Right-Back,both,Unique Sports Group,Fulham FC,"Jul 1, 2019","Jun 30, 2022",club option 1 year,NA,NA,Nike,NA,NA,NA,NA
Cyrus Sylvester Frederick Christie,"Sep 30, 1992",Coventry,29,"1,88 m",Ireland England,Defender - Right-Back,right,ARETÉ,Fulham FC,"Jan 31, 2018","Jun 30, 2022",NA,"Jun 3, 2021",,NA,NA,NA,NA,NA
Denis Frimpong Odoi,"May 27, 1988",Leuven,33,"1,78 m",Belgium Ghana,Defender - Right-Back,right,NA,Fulham FC,"Jul 14, 2016","Jun 30, 2022",club option 1 year,"Sep 14, 2020",,NA,NA,NA,NA,NA
Harrison James Reed,"Jan 27, 1995",Worthing,26,"1,81 m",England,midfield - Defensive Midfield,right,Unique Sports Group,Fulham FC,"Aug 30, 2020","Jun 30, 2024",club option 1 year,NA,,Nike,NA,NA,NA,NA
Nathaniel Nyakie Chalobah,"Dec 12, 1994",Freetown,26,"1,85 m",England Sierra Leone,midfield - Defensive Midfield,right,CAA Base Ltd,Fulham FC,"Aug 31, 2021","Jun 30, 2023",club option 1 year,NA,,NA,NA,NA,NA,NA
Joshua Oghenetega Peter Onomah,"Apr 27, 1997",London,24,"1,85 m",England,midfield - Central Midfield,right,CAA Base Ltd,Fulham FC,"Aug 8, 2019","Jun 30, 2023",club option 1 year,"Sep 14, 2020",,NA,NA,NA,NA,NA
Tyrese Jay Francois,"Jul 16, 2000",Campbell Town,21,"1,73 m",Australia England,midfield - Central Midfield,left,G.S.G,Fulham FC,"Jul 1, 2021","Jun 30, 2022",NA,"Jun 3, 2021",,NA,NA,NA,NA,NA
Bobby Armani Decordova-Reid,"Feb 2, 1993",Bristol,28,"1,70 m",Jamaica England,midfield - Attacking Midfield,right,Straight Ace Sports,Fulham FC,"Jan 24, 2020","Jun 30, 2023",club option 1 year,NA,,NA,NA,NA,NA,NA
Thomas Cairney,"Jan 20, 1991",Nottingham,30,"1,85 m",Scotland England,midfield - Attacking Midfield,left,Unique Sports Group,Fulham FC,"Jul 1, 2015","Jun 30, 2024",Option for a further year,"May 3, 2019",,Nike,NA,NA,NA,NA
Fábio Leandro Freitas Gouveia Carvalho,"Aug 30, 2002",Torres Vedras,19,"1,70 m",England Portugal,midfield - Attacking Midfield,right,Unique Sports Group,Fulham FC,"Jul 1, 2021","Jun 30, 2022",NA,NA,,NA,NA,NA,NA,NA
Ivan Ricardo Neves Abreu Cavaleiro,"Oct 18, 1993",Vila Franca de Xira,28,"1,75 m",Angola Portugal,attack - Right Winger,right,Gestifute,Fulham FC,"Jan 7, 2020","Jun 30, 2024",club option 1 year,NA,,NA,NA,NA,NA,NA
Anthony Patrick Knockaert,"Nov 20, 1991",Roubaix,29,"1,72 m",France Belgium,attack - Right Winger,left,Relatives,Fulham FC,"Jul 27, 2020","Jun 30, 2023",club option 1 year,NA,,NA,NA,NA,NA,NA
Александар Митровић,"Sep 16, 1994",Smederevo,27,"1,89 m",Serbia,attack - Centre-Forward,right,Pini Zahavi,Fulham FC,"Jul 30, 2018","Jun 30, 2026",NA,"Aug 27, 2021",,Nike,NA,NA,NA,NA
Robin Patrick Olsen,"Jan 8, 1990",Malmö,31,"1,96 m",Sweden Denmark,Goalkeeper,right,HCM Sports Management,Sheffield United,"Aug 31, 2021","Jun 30, 2022",NA,NA,,Nike,NA,AS Roma,"Jun 30, 2023",NA
Michael Robin Verrips,"Dec 3, 1996",Velp,24,"1,96 m",Netherlands,Goalkeeper,right,PURE,Sheffield United,"Aug 8, 2019","Jun 30, 2023",NA,NA,,NA,NA,NA,NA,NA
Wesley Andrew Foderingham,"Jan 14, 1991",London,30,"1,85 m",England,Goalkeeper,left,ICM Stellar Sports,Sheffield United,"Jul 27, 2020","Jun 30, 2023",NA,NA,,Nike,NA,NA,NA,NA
Jack William O'Connell,"Mar 29, 1994",Liverpool,27,"1,91 m",England,Defender - Centre-Back,left,Midas Sports,Sheffield United,"Jul 8, 2016","Jun 30, 2023",NA,"Feb 28, 2019",NA,NA,NA,NA,NA,NA
Benjamin Keith Davies,"Aug 11, 1995",Barrow-in-Furness,26,"1,85 m",England,Defender - Centre-Back,left,CAA Base Ltd,Sheffield United,"Aug 16, 2021","May 31, 2022",NA,NA,,NA,NA,Liverpool FC,"Jun 30, 2025",NA
Christopher Paul Basham,"Jul 20, 1988",Hebburn,33,"1,90 m",England,Defender - Centre-Back,right,Omni-Sports,Sheffield United,"Jul 1, 2014","Jun 30, 2022",NA,"Aug 1, 2020",,NA,NA,NA,NA,NA
Enda John Stevens,"Jul 9, 1990",Dublin,31,"1,83 m",Ireland,Defender - Left-Back,left,NA,Sheffield United,"Jul 1, 2017","Jun 30, 2023",NA,"Mar 12, 2020",,NA,NA,NA,NA,NA
Rhys Llewelyn Norrington-Davies,"Apr 22, 1999",Riyadh,22,"1,81 m",Wales Saudi Arabia,Defender - Left-Back,left,New Era Global Sports,Sheffield United,"Jul 1, 2019","Jun 30, 2024",NA,"Dec 9, 2020",,NA,NA,NA,NA,NA
Jayden Ian Bogle,"Jul 27, 2000",Reading,21,"1,78 m",England,Defender - Right-Back,right,ICM Stellar Sports,Sheffield United,"Sep 7, 2020","Jun 30, 2024",NA,NA,,NA,NA,NA,NA,NA
George Henry Ivor Baldock,"Mar 9, 1993",Aylesbury Vale,28,"1,78 m",England Greece,Defender - Right-Back,right,CAA Base Ltd,Sheffield United,"Jul 1, 2017","Jun 30, 2022",NA,"Aug 19, 2019",,NA,NA,NA,NA,NA
Sander Gard Bolin Berge,"Feb 14, 1998",Bærum,23,"1,95 m",Norway,midfield - Defensive Midfield,right,Keypass AS,Sheffield United,"Jan 30, 2020","Jun 30, 2024",NA,NA,,adidas,NA,NA,NA,NA
Morgan Anthony Gibbs-White,"Jan 27, 2000",Stafford,21,"1,78 m",England,midfield - Central Midfield,right,ICM Stellar Sports,Sheffield United,"Aug 31, 2021","May 31, 2022",NA,NA,,NA,NA,Wolverhampton Wanderers,"Jun 30, 2024",NA
John Alexander Fleck,"Aug 24, 1991",Glasgow,30,"1,69 m",Scotland,midfield - Central Midfield,left,Samii Sport-Marketing Agentur,Sheffield United,"Jul 8, 2016","Jun 30, 2023",NA,"Feb 22, 2020",NA,NA,NA,NA,NA,NA
Oliver James Norwood,"Apr 12, 1991",Burnley,30,"1,75 m",Northern Ireland England,midfield - Central Midfield,right,Unique Sports Group,Sheffield United,"Jan 4, 2019","Jun 30, 2023",NA,"Jun 10, 2020",,adidas,NA,NA,NA,NA
عدلان قديورة,"Nov 12, 1985",La Roche-sur-Yon,35,"1,78 m",Algeria France,midfield - Central Midfield,right,On Fire,Sheffield United,"Sep 13, 2021","Jun 30, 2022",NA,NA,,NA,NA,NA,NA,NA
Benjamin Jarrod Osborn,"Aug 5, 1994",Derby,27,"1,76 m",England,midfield - Left Midfield,left,Unique Sports Group,Sheffield United,"Jul 26, 2019","Jun 30, 2022",NA,NA,,NA,NA,NA,NA,NA
Luke Anthony Freeman,"Mar 22, 1992",Dartford,29,"1,76 m",England,midfield - Attacking Midfield,left,YMU Group,Sheffield United,"Jul 3, 2019","Jun 30, 2022",NA,NA,,NA,NA,NA,NA,NA
Iliman Cheikh Baroy Ndiaye,"Mar 6, 2000",Rouen,21,"1,80 m",France Senegal,midfield - Attacking Midfield,NA,Classico Sports Management,Sheffield United,"Jul 1, 2021","Jun 30, 2024",NA,"Sep 5, 2021",NA,NA,NA,NA,NA,NA
Rhian Joel Brewster,"Apr 1, 2000",London,21,"1,80 m",England Barbados,attack - Centre-Forward,right,Wasserman,Sheffield United,"Oct 2, 2020","Jun 30, 2025",NA,NA,,adidas,NA,NA,NA,NA
Oliver Robert McBurnie,"Jun 4, 1996",Leeds,25,"1,88 m",Scotland England,attack - Centre-Forward,right,ICM Stellar Sports,Sheffield United,"Aug 2, 2019","Jun 30, 2023",NA,NA,,NA,NA,NA,NA,NA
Lys Émilien Mousset,"Feb 8, 1996",Montivilliers,25,"1,84 m",France Senegal,attack - Centre-Forward,right,Classico Sports Management,Sheffield United,"Jul 21, 2019","Jun 30, 2022",NA,NA,,NA,NA,NA,NA,NA
Oliver Jasen Burke,"Apr 7, 1997",Kirkcaldy,24,"1,88 m",Scotland,attack - Centre-Forward,right,Simply Sport Management Ltd,Sheffield United,"Sep 9, 2020","Jun 30, 2023",NA,NA,,adidas,NA,NA,NA,NA
David James McGoldrick,"Nov 29, 1987",Nottingham,33,"1,84 m",Ireland England,attack - Centre-Forward,right,NA,Sheffield United,"Jul 24, 2018","Jun 30, 2022",NA,"Jun 13, 2020",,NA,NA,NA,NA,NA
William Louis Sharp,"Feb 5, 1986",Sheffield,35,"1,75 m",England,attack - Centre-Forward,right,NA,Sheffield United,"Jul 25, 2015","Jun 30, 2022",NA,"Jun 10, 2020",,NA,NA,NA,NA,NA
Ørjan Håskjold Nyland,"Sep 10, 1990",Volda,31,"1,92 m",Norway,Goalkeeper,right,Jim Solbakken,AFC Bournemouth,"Aug 17, 2021","Jun 30, 2022",NA,NA,,NA,NA,NA,NA,NA
William Jonathan Dennis,"Jul 10, 2000",NA,21,"1,88 m",England,Goalkeeper,left,World in Motion,AFC Bournemouth,"Aug 1, 2020","Jun 30, 2023",NA,"Mar 3, 2020",NA,NA,NA,NA,NA,NA
Lloyd Casius Kelly,"Oct 6, 1998",Bristol,23,"1,90 m",England,Defender - Centre-Back,left,ICM Stellar Sports,AFC Bournemouth,"Jul 1, 2019","Jun 30, 2024",NA,NA,,NA,NA,NA,NA,NA
Steve Anthony Cook,"Apr 19, 1991",Hastings,30,"1,85 m",England,Defender - Centre-Back,right,Unique Sports Group,AFC Bournemouth,"Oct 27, 2011","Jun 30, 2022",NA,"May 25, 2017",,NA,NA,Brighton & Hove Albion,-,NA
Christopher James Mepham,"Nov 5, 1997",London,23,"1,91 m",Wales England,Defender - Centre-Back,right,Volenti,AFC Bournemouth,"Jan 22, 2019","Jun 30, 2023",NA,NA,,adidas,NA,NA,NA,NA
Gary James Cahill,"Dec 19, 1985",Dronfield,35,"1,93 m",England,Defender - Centre-Back,right,NA,AFC Bournemouth,"Aug 20, 2021","Jun 30, 2022",NA,NA,,adidas,NA,NA,NA,NA
Jordan Bhekithemba Zemura,"Nov 14, 1999",London,21,"1,73 m",Zimbabwe England,Defender - Left-Back,left,YMU Group,AFC Bournemouth,"Aug 1, 2020","Jun 30, 2022",NA,NA,,NA,NA,NA,NA,NA
Adam James Smith,"Apr 29, 1991",London,30,"1,74 m",England,Defender - Right-Back,right,ICM Stellar Sports,AFC Bournemouth,"Jan 28, 2014","Jun 30, 2023",NA,"Jul 10, 2021",,adidas,NA,NA,NA,NA
Jack William Stacey,"Apr 6, 1996",Ascot,25,"1,80 m",England,Defender - Right-Back,right,Unique Sports Group,AFC Bournemouth,"Jul 8, 2019","Jun 30, 2023",NA,NA,,NA,NA,NA,NA,NA
Jefferson Andrés Lerma Solís,"Oct 25, 1994",Cerrito,26,"1,79 m",Colombia,midfield - Defensive Midfield,right,ABADSPORT,AFC Bournemouth,"Aug 7, 2018","Jun 30, 2023",NA,NA,,Nike,NA,NA,NA,NA
Philip Anyanwu Billing,"Jun 11, 1996",Copenhagen,25,"1,93 m",Denmark Nigeria,midfield - Central Midfield,left,Wasserman,AFC Bournemouth,"Jul 29, 2019","Jun 30, 2024",NA,NA,,adidas,NA,NA,NA,NA
Lewis John Cook,"Feb 3, 1997",York,24,"1,75 m",England,midfield - Central Midfield,right,ICM Stellar Sports,AFC Bournemouth,"Jul 8, 2016","Jun 30, 2024",NA,"Sep 10, 2021",,adidas,NA,NA,NA,NA
Benjamin David Pearson,"Jan 4, 1995",Oldham,26,"1,76 m",England,midfield - Central Midfield,right,Wasserman,AFC Bournemouth,"Jan 29, 2021","Jun 30, 2024",NA,NA,NA,NA,NA,NA,NA,NA
Robert Brady,"Jan 14, 1992",Dublin,29,"1,76 m",Ireland,midfield - Left Midfield,left,10Ten Football,AFC Bournemouth,"Oct 18, 2021","Jun 30, 2022",NA,NA,NA,NA,NA,NA,NA,NA
Emiliano Marcondes Camargo Hansen,"Mar 9, 1995",Hvidovre,26,"1,82 m",Denmark Brazil,midfield - Attacking Midfield,right,NSKY,AFC Bournemouth,"Jul 3, 2021","Jun 30, 2024",NA,NA,,NA,NA,NA,NA,NA
Felix Junior Stanislas,"Nov 26, 1989",London,31,"1,83 m",England St. Lucia,attack - Left Winger,right,NA,AFC Bournemouth,"Jul 1, 2014","Jun 30, 2023",NA,"Jul 21, 2021",,Nike,NA,NA,NA,NA
Morgan Elliot Rogers,"Jul 26, 2002",Halesowen,19,"1,87 m",England,attack - Left Winger,right,SME 83,AFC Bournemouth,"Aug 23, 2021","May 31, 2022",Option to buy,NA,,adidas,NA,Manchester City U23,"Jun 30, 2024",NA
David Robert Brooks,"Jul 8, 1997",Warrington,24,"1,73 m",Wales England,attack - Right Winger,left,Unique Sports Group,AFC Bournemouth,"Jul 1, 2018","Jun 30, 2022",NA,"Mar 4, 2019",,Nike,NA,NA,NA,NA
Jamal Akua Lowe,"Jul 21, 1994",London,27,"1,83 m",Jamaica England,attack - Right Winger,right,NA,AFC Bournemouth,"Aug 31, 2021","Jun 30, 2023",Option for a further year,NA,,NA,NA,NA,NA,NA
Dominic Ayodele Solanke-Mitchell,"Sep 14, 1997",Basingstoke,24,"1,86 m",England Nigeria,attack - Centre-Forward,right,Relatives,AFC Bournemouth,"Jan 4, 2019","Jun 30, 2024",NA,NA,,adidas,NA,NA,NA,NA
Samuel Luke Johnstone,"Mar 25, 1993",Preston,28,"1,93 m",England,Goalkeeper,right,Unique Sports Group,West Bromwich Albion,"Jul 3, 2018","Jun 30, 2022",NA,NA,,NA,NA,NA,NA,NA
David Robert Edmund Button,"Feb 27, 1989",Stevenage,32,"1,91 m",England,Goalkeeper,right,Wasserman,West Bromwich Albion,"Sep 5, 2020","Jun 30, 2022",NA,NA,NA,NA,NA,NA,NA,NA
Alexander Palmer,"Aug 10, 1996",Kidderminster,25,"1,91 m",England,Goalkeeper,right,NA,West Bromwich Albion,"Jul 1, 2017","Jun 30, 2023",NA,"Jul 2, 2020",,NA,NA,NA,NA,NA
Oluwasemilogo Adesewo Ibidapo Ajayi,"Nov 9, 1993",London,27,"1,93 m",Nigeria England,Defender - Centre-Back,right,Wasserman,West Bromwich Albion,"Jul 20, 2019","Jun 30, 2023",NA,NA,,NA,NA,NA,NA,NA
Matthew Edward Barkell Clarke,"Sep 22, 1996",Barham,25,"1,85 m",England,Defender - Centre-Back,left,10Ten Football,West Bromwich Albion,"Jul 13, 2021","May 31, 2022",NA,NA,,NA,NA,Brighton & Hove Albion,"Jun 30, 2023",NA
Kyle Louis Bartley,"May 22, 1991",Stockport,30,"1,94 m",England Jamaica,Defender - Centre-Back,right,ICM Stellar Sports,West Bromwich Albion,"Jul 16, 2018","Jun 30, 2023",NA,"Aug 5, 2021",,NA,NA,NA,NA,NA
Kean Shay Bryan,"Nov 1, 1996",Manchester,24,"1,85 m",England Jamaica,Defender - Centre-Back,left,Unique Sports Group,West Bromwich Albion,"Sep 7, 2021","Jun 30, 2023",NA,NA,,NA,NA,NA,NA,NA
Caleb Joaquin Taylor,"Jan 14, 2003",NA,18,NA,England,Defender - Centre-Back,NA,KIN Partners,West Bromwich Albion U23,"Jul 1, 2021","Jun 30, 2024",NA,"Jul 6, 2021",NA,NA,NA,NA,NA,West Bromwich Albion (#33)
Conor Stephen Townsend,"Mar 4, 1993",Hessle,28,"1,68 m",England,Defender - Left-Back,left,Elite Management Agency,West Bromwich Albion,"Jul 28, 2018","Jun 30, 2024",NA,"Feb 12, 2021",,NA,NA,NA,NA,NA
Darnell Anthony Furlong,"Oct 31, 1995",Luton,25,"1,83 m",England Montserrat,Defender - Right-Back,right,New Era Global Sports,West Bromwich Albion,"Jul 23, 2019","Jun 30, 2025",NA,"Aug 5, 2021",,NA,NA,NA,NA,NA
Ethan John Ingram,"Apr 16, 2003",Gloucester,18,NA,England,Defender - Right-Back,right,NA,West Bromwich Albion U23,"Jul 1, 2021","Jun 30, 2024",NA,"Jul 6, 2021",NA,NA,NA,NA,NA,West Bromwich Albion (#34)
Jake Cyril Livermore,"Nov 14, 1989",London,31,"1,80 m",England,midfield - Defensive Midfield,right,Elite Management Agency,West Bromwich Albion,"Jan 20, 2017","Jun 30, 2022",NA,"Dec 14, 2018",,NA,NA,NA,NA,NA
Alex James Mowatt,"Feb 13, 1995",Doncaster,26,"1,77 m",England Scotland,midfield - Central Midfield,left,CAA Base Ltd,West Bromwich Albion,"Jul 2, 2021","Jun 30, 2024",NA,NA,,NA,NA,NA,NA,NA
Jayson Patrick Molumby,"Aug 6, 1999",Waterford,22,"1,76 m",Ireland,midfield - Central Midfield,right,PLG,West Bromwich Albion,"Aug 27, 2021","May 31, 2022",Option to buy,NA,,NA,NA,Brighton & Hove Albion U23,"Jun 30, 2023",NA
Adam Michael Reach,"Feb 3, 1993",Chester-le-Street,28,"1,85 m",England,midfield - Left Midfield,left,NA,West Bromwich Albion,"Aug 2, 2021","Jun 30, 2024",NA,NA,NA,NA,NA,NA,NA,NA
Rico Dean Scott Richards,"Sep 27, 2003",West Bromwich,18,"1,82 m",England,midfield - Attacking Midfield,left,NA,West Bromwich Albion U23,"Jul 1, 2021","Jun 30, 2023",NA,NA,,NA,NA,NA,NA,West Bromwich Albion (#30)
Grady George Diangana,"Apr 19, 1998",NA,23,"1,80 m",England DR Congo,attack - Left Winger,left,YMU Group,West Bromwich Albion,"Sep 4, 2020","Jun 30, 2025",NA,NA,,NA,NA,NA,NA,NA
Matthew Phillips,"Mar 13, 1991",Aylesbury,30,"1,83 m",Scotland England,attack - Right Winger,right,CAA Base Ltd,West Bromwich Albion,"Jul 6, 2016","Jun 30, 2024",NA,"Aug 5, 2021",,NA,NA,NA,NA,NA
Karlan Laughton Grant,"Sep 18, 1997",London,24,"1,83 m",England,attack - Centre-Forward,right,ICM Stellar Sports,West Bromwich Albion,"Oct 15, 2020","Jun 30, 2026",NA,NA,,adidas,NA,NA,NA,NA
Callum Jack Robinson,"Feb 2, 1995",Northampton,26,"1,78 m",Ireland England,attack - Centre-Forward,right,Wasserman,West Bromwich Albion,"Sep 9, 2020","Jun 30, 2025",NA,NA,,NA,NA,NA,NA,NA
Albin Kenneth Dahrup Zohore,"Jan 31, 1994",Kopenhagen,27,"1,90 m",Denmark Cote d'Ivoire,attack - Centre-Forward,left,NA,West Bromwich Albion,"Jul 19, 2019","Jun 30, 2023",NA,NA,,NA,NA,NA,NA,NA
Jordan Thomas Hugill,"Jun 4, 1992",Middlesbrough,29,"1,83 m",England,attack - Centre-Forward,right,NA,West Bromwich Albion,"Aug 25, 2021","May 31, 2022",NA,NA,NA,NA,NA,Norwich City,"Jun 30, 2023",NA
Josef John Bursik,"Jul 12, 2000",London,21,"1,87 m",England Czech Republic,Goalkeeper,left,Unique Sports Group,Stoke City,"Jul 1, 2020","Jun 30, 2023",NA,NA,,NA,NA,NA,NA,NA
Adam Rhys Davies,"Jul 17, 1992",Rinteln,29,"1,85 m",Wales Germany,Goalkeeper,right,Refuel Performance Management,Stoke City,"Jul 1, 2019","Jun 30, 2022",NA,NA,NA,NA,NA,NA,NA,NA
Jack Elliott Bonham,"Sep 14, 1993",Stevenage,28,"1,92 m",Ireland England,Goalkeeper,right,Refuel Performance Management,Stoke City,"Jul 1, 2021","Jun 30, 2023",NA,NA,,NA,NA,NA,NA,NA
Harry James Souttar,"Oct 22, 1998",Aberdeen,22,"2,01 m",Australia Scotland,Defender - Centre-Back,right,FullNinety,Stoke City,"Sep 29, 2016","Jun 30, 2025",NA,"Jan 24, 2018",,NA,NA,NA,NA,NA
Leo Skiri Østigard,"Nov 28, 1999",Åndalsnes,21,"1,84 m",Norway,Defender - Centre-Back,right,Jim Solbakken,Stoke City,"Aug 10, 2021","May 31, 2022",NA,NA,,Nike,NA,Brighton & Hove Albion,"Jun 30, 2022",NA
Daniel Tanveer Batth,"Sep 21, 1990",Brierley Hill,31,"1,91 m",England India,Defender - Centre-Back,right,Beswicks Sports Ltd,Stoke City,"Jan 29, 2019","Jun 30, 2022",NA,NA,,NA,NA,NA,NA,NA
Benjamin Lewis Wilmot,"Nov 4, 1999",Stevenage,21,"1,88 m",England Ireland,Defender - Centre-Back,right,Progress Manage,Stoke City,"Jul 1, 2021","Jun 30, 2025",NA,NA,,NA,NA,NA,NA,NA
James Grant Chester,"Jan 23, 1989",Warrington,32,"1,77 m",Wales England,Defender - Centre-Back,right,YMU Group,Stoke City,"Aug 10, 2020","Jun 30, 2022",NA,NA,,NA,NA,NA,NA,NA
Joshua Lewis Tymon,"May 22, 1999",Hull,22,"1,80 m",England,Defender - Left-Back,left,Triple S Sports,Stoke City,"Jul 5, 2017","Jun 30, 2022",NA,NA,,NA,NA,NA,NA,NA
Morgan Alexander Fox,"Sep 21, 1993",Chelmsford,28,"1,85 m",Wales England,Defender - Left-Back,left,NA,Stoke City,"Aug 7, 2020","Jun 30, 2023",NA,NA,,NA,NA,NA,NA,NA
Thomas George Smith,"Apr 14, 1992",Warrington,29,"1,85 m",England,Defender - Right-Back,right,New Era Global Sports,Stoke City,"Jul 15, 2019","Jun 30, 2022",NA,NA,,NA,NA,NA,NA,NA
Demeaco D'Vaughn Duhaney,"Oct 13, 1998",Manchester,23,"1,80 m",England,Defender - Right-Back,right,CAA Base Ltd,Stoke City,"Aug 31, 2021","Jan, 2022",NA,NA,,NA,NA,NA,NA,NA
Joseph Michael Allen,"Mar 14, 1990",Carmarthen,31,"1,68 m",Wales,midfield - Central Midfield,right,not clarified,Stoke City,"Jul 25, 2016","Jun 30, 2022",NA,"Jun 18, 2018",NA,NA,NA,NA,NA,NA
Samuel Raymond Clucas,"Sep 25, 1990",Lincoln,31,"1,78 m",England,midfield - Central Midfield,left,Unique Sports Group,Stoke City,"Aug 9, 2018","Jun 30, 2023",NA,"Jul 16, 2021",NA,NA,NA,NA,NA,NA
Mario Vrančić,"May 23, 1989",Slavonski Brod,32,"1,87 m",Bosnia-Herzegovina Germany,midfield - Central Midfield,left,Soccertalk GmbH,Stoke City,"Jul 5, 2021","Jun 30, 2022",NA,NA,,NA,NA,NA,NA,NA
Jordan Andrew Thompson,"Jan 3, 1997",Belfast,24,"1,8 m",Northern Ireland,midfield - Central Midfield,left,CAA Base Ltd,Stoke City,"Jan 17, 2020","Jun 30, 2022",NA,NA,,NA,NA,NA,NA,NA
Alfie Henry Doughty,"Dec 21, 1999",London,21,"1,83 m",England,midfield - Left Midfield,left,Refuel Performance Management,Stoke City,"Jan 22, 2021","Jun 30, 2024",NA,NA,NA,NA,NA,NA,NA,NA
Nicholas Edward Powell,"Mar 23, 1994",Crewe,27,"1,83 m",England,midfield - Attacking Midfield,both,SEM Group plc.,Stoke City,"Jul 1, 2019","Jun 30, 2022",NA,NA,,NA,NA,NA,NA,NA
Romaine Theodore Sawyers,"Nov 2, 1991",Birmingham,29,"1,75 m",St. Kitts & Nevis England,midfield - Attacking Midfield,right,Refuel Performance Management,Stoke City,"Aug 20, 2021","May 31, 2022",NA,NA,,NA,NA,West Bromwich Albion,"Jun 30, 2022",NA
Abdallah Dipo Sima,"Jun 17, 2001",Dakar,20,"1,88 m",Senegal,attack - Right Winger,right,Daniel Chrysostome,Stoke City,"Sep 1, 2021","May 31, 2022",NA,NA,,NA,NA,Brighton & Hove Albion,"Jun 30, 2025",NA
Jacob Samuel Brown,"Apr 10, 1998",Halifax,23,"1,78 m",England,attack - Right Winger,right,Momentum Sports Management,Stoke City,"Sep 9, 2020","Jun 30, 2022",NA,NA,,NA,NA,NA,NA,NA
Thomas Paul Ince,"Jan 30, 1992",Stockport,29,"1,78 m",England Barbados,attack - Right Winger,left,NA,Stoke City,"Jul 24, 2018","Jun 30, 2022",NA,NA,,NA,NA,NA,NA,NA
Tyrese Kai Campbell,"Dec 28, 1999",Cheadle Hulme,21,"1,85 m",England Jamaica,attack - Centre-Forward,left,FullNinety,Stoke City,"Jul 1, 2018","Jun 30, 2024",NA,"Jan 24, 2020",,adidas,NA,NA,NA,NA
Samuel William Surridge,"Jul 28, 1998",Slough,23,"1,90 m",England,attack - Centre-Forward,right,Wasserman,Stoke City,"Aug 4, 2021","Jun 30, 2025",NA,NA,,NA,NA,NA,NA,NA
Steven Kenneth Fletcher,"Mar 26, 1987",Shrewsbury,34,"1,85 m",Scotland England,attack - Centre-Forward,left,Stonemountain Management,Stoke City,"Aug 14, 2020","Jun 30, 2022",NA,NA,,NA,NA,NA,NA,NA
Ethan Shea Horvath,"Jun 9, 1995","Highlands Ranch, Colorado",26,"1,95 m",United States Hungary,Goalkeeper,right,YMU Group,Nottingham Forest,"Jul 13, 2021","Jun 30, 2024",NA,NA,,NA,NA,NA,NA,NA
Jordan Clifford Smith,"Dec 8, 1994",Nottingham,26,"1,83 m",England,Goalkeeper,left,NA,Nottingham Forest,"Jul 1, 2015","Jun 30, 2022",NA,"Sep 2, 2020",NA,NA,NA,NA,NA,NA
Joseph Adrian Worrall,"Jan 10, 1997",Nottingham,24,"1,90 m",England,Defender - Centre-Back,right,Sport First,Nottingham Forest,"Jul 1, 2015","Jun 30, 2024",NA,"Feb 13, 2020",,NA,NA,NA,NA,NA
Scott Fraser McKenna,"Nov 12, 1996",Kirriemuir,24,"1,89 m",Scotland,Defender - Centre-Back,left,Wasserman,Nottingham Forest,"Sep 23, 2020","Jun 30, 2024",NA,NA,,NA,NA,NA,NA,NA
Tobias Pereira Figueiredo,"Feb 2, 1994",Viseu,27,"1,88 m",Portugal,Defender - Centre-Back,right,Proeleven Gestão Desportiva,Nottingham Forest,"Jul 1, 2018","Jun 30, 2022",NA,NA,,NA,NA,NA,NA,NA
Max Josef Lowe,"May 11, 1997",South Normanton,24,"1,75 m",England,Defender - Left-Back,left,Unique Sports Group,Nottingham Forest,"Aug 27, 2021","May 31, 2022",NA,NA,,NA,NA,Sheffield United,"Jun 30, 2024",NA
Thomas Gaëtan Bong Songo,"Apr 25, 1988",Sakbayeme,33,"1,83 m",Cameroon France,Defender - Left-Back,left,not clarified,Nottingham Forest,"Jan 30, 2020","Jun 30, 2022",NA,NA,,NA,NA,NA,NA,NA
Diop Tehuti Djed-Hotep Spence,"Aug 9, 2000",London,21,"1,84 m",England,Defender - Right-Back,right,Raps Management,Nottingham Forest,"Aug 31, 2021","May 31, 2022",NA,NA,,NA,NA,Middlesbrough FC,"Jun 30, 2023",NA
Jordi Martin Emmanuel Osei-Tutu,"Oct 2, 1998",Slough,23,"1,76 m",England Ghana,Defender - Right-Back,right,Unique Sports Group,Nottingham Forest,"Aug 10, 2021","May 31, 2022",NA,NA,,NA,NA,Arsenal FC U23,"Jun 30, 2023",NA
Carl Daniel Jenkinson,"Feb 8, 1992",Harlow,29,"1,85 m",England Finland,Defender - Right-Back,right,YMU Group,Nottingham Forest,"Aug 7, 2019","Jun 30, 2022",NA,NA,,adidas,NA,NA,NA,NA
James David Garner,"Mar 13, 2001",Birkenhead,20,"1,82 m",England,midfield - Defensive Midfield,right,Triple S Sports,Nottingham Forest,"Aug 22, 2021","May 31, 2022",NA,NA,,NA,NA,Manchester United U23,"Jun 30, 2024",NA
Jack Raymond Colback,"Oct 24, 1989",Killingworth,31,"1,77 m",England,midfield - Defensive Midfield,left,Wasserman,Nottingham Forest,"Aug 11, 2020","Jun 30, 2023",NA,NA,NA,Nike,NA,NA,NA,NA
Ryan James Yates,"Nov 21, 1997",Nottingham,23,"1,90 m",England,midfield - Central Midfield,right,Sport First,Nottingham Forest,"Jul 1, 2016","Jun 30, 2023",NA,"Dec 5, 2019",NA,NA,NA,NA,NA,NA
Braian Óscar Ojeda Rodríguez,"Jun 27, 2000",Itaugua,21,"1,73 m",Paraguay,midfield - Central Midfield,right,EagleEye,Nottingham Forest,"Aug 31, 2021","Jun 30, 2025",NA,NA,NA,NA,NA,NA,NA,NA
João António Antunes Carvalho,"Mar 9, 1997",Castanheira De Pêra,24,"1,72 m",Portugal,midfield - Attacking Midfield,right,Gestifute,Nottingham Forest,"Jul 1, 2018","Jun 30, 2023",NA,NA,,NA,NA,NA,NA,NA
Brennan Price Johnson,"May 23, 2001",Nottingham,20,"1,79 m",Wales England,midfield - Attacking Midfield,right,Footwork,Nottingham Forest,"Jul 1, 2019","Jun 30, 2023",NA,NA,,NA,NA,NA,NA,NA
Alexander Cole Mighten,"Apr 11, 2002","West Hartford, Connecticut",19,"1,71 m",England United States,attack - Left Winger,left,ICM Stellar Sports,Nottingham Forest,"Jul 1, 2020","Jun 30, 2025",NA,"Aug 24, 2020",,NA,NA,NA,NA,NA
Joseph Lolley,"Aug 25, 1992",Redditch,29,"1,79 m",England,attack - Right Winger,right,Wasserman,Nottingham Forest,"Jan 31, 2018","Jun 30, 2023",NA,"Feb 7, 2019",,NA,NA,NA,NA,NA
Philip Aksel Frigast Zinckernagel,"Dec 16, 1994",København,26,"1,75 m",Denmark,attack - Right Winger,right,Pini Zahavi,Nottingham Forest,"Aug 7, 2021","May 31, 2022",NA,NA,,NA,NA,Watford FC,"Jun 30, 2026",NA
Lewis James Grabban,"Jan 12, 1988",London,33,"1,83 m",Jamaica England,attack - Centre-Forward,right,NA,Nottingham Forest,"Jul 6, 2018","Jun 30, 2022",NA,NA,,NA,NA,NA,NA,NA
Lyle James Alfred Taylor,"Mar 29, 1990",London,31,"1,88 m",Montserrat England,attack - Centre-Forward,right,SMI Sports Management,Nottingham Forest,"Aug 15, 2020","Jun 30, 2023",NA,NA,,NA,NA,NA,NA,NA
Dejan Stojanović,"Jul 19, 1993",Feldkirch,28,"1,96 m",Austria,Goalkeeper,left,BMS Sportconsulting GmbH,Middlesbrough FC,"Jan 16, 2020","Jun 30, 2023",NA,NA,NA,Reusch,NA,NA,NA,NA
Joseph Patrick Lumley,"Feb 15, 1995",Harlow,26,"1,90 m",England,Goalkeeper,right,NA,Middlesbrough FC,"Jul 1, 2021","Jun 30, 2023",NA,NA,,NA,NA,NA,NA,NA
Luke Matthew Daniels,"Jan 5, 1988",Bolton,33,"1,95 m",England,Goalkeeper,right,NA,Middlesbrough FC,"Aug 9, 2021","Jun 30, 2023",NA,NA,,NA,NA,NA,NA,NA
Dael Jonathan Fry,"Aug 30, 1997",Middlesbrough,24,"1,90 m",England,Defender - Centre-Back,right,Wasserman,Middlesbrough FC,"Jul 1, 2015","Jun 30, 2023",NA,"Apr 24, 2018",,Nike,NA,NA,NA,NA
Patrick James Coleman McNair,"Apr 27, 1995",Ballyclare,26,"1,83 m",Northern Ireland,Defender - Centre-Back,right,NA,Middlesbrough FC,"Jul 1, 2018","Jun 30, 2024",NA,"Dec 1, 2020",,Nike,NA,NA,NA,NA
Grant Terry Hall,"Oct 29, 1991",Brighton,29,"1,92 m",England Ireland,Defender - Centre-Back,right,NA,Middlesbrough FC,"Jul 31, 2020","Jun 30, 2023",NA,NA,,NA,NA,NA,NA,NA
Souleymane Bamba,"Jan 13, 1985",Ivry-sur-Seine,36,"1,90 m",Cote d'Ivoire France,Defender - Centre-Back,right,Meïssa N'diaye,Middlesbrough FC,"Aug 10, 2021","Jun 30, 2022",NA,NA,NA,NA,NA,NA,NA,NA
Marc Joel Bola,"Dec 9, 1997",London,23,"1,85 m",England Nigeria,Defender - Left-Back,left,CAA Base Ltd,Middlesbrough FC,"Jul 28, 2019","Jun 30, 2024",NA,"Dec 23, 2020",,NA,NA,NA,NA,NA
Anfernee Jamal Dijksteel,"Oct 27, 1996",Amsterdam,24,"1,83 m",Netherlands Suriname,Defender - Right-Back,right,CAA Base Ltd,Middlesbrough FC,"Aug 7, 2019","Jun 30, 2025",NA,"Nov 16, 2020",,NA,NA,NA,NA,NA
Lee Anthony Peltier,"Dec 11, 1986",Liverpool,34,"1,78 m",England Antigua and Barbuda,Defender - Right-Back,right,Unique Sports Group,Middlesbrough FC,"Jul 2, 2021","Jun 30, 2022",NA,NA,,NA,NA,NA,NA,NA
Martín Ismael Payero,"Sep 11, 1998",Pascanas,23,"1,82 m",Argentina Italy,midfield - Central Midfield,right,Hernan Berman,Middlesbrough FC,"Aug 5, 2021","Jun 30, 2024",NA,NA,,adidas,NA,NA,NA,NA
James Edward Léa Siliki,"Jun 12, 1996",Sarcelles,25,"1,83 m",Cameroon France,midfield - Central Midfield,left,MEDIATION CONSEIL FOOTBALL,Middlesbrough FC,"Aug 31, 2021","Jun 30, 2022",Option to buy,NA,,NA,NA,Stade Rennais FC,"Jun 30, 2023",NA
Jonathan Mark Howson,"May 21, 1988",Morley,33,"1,80 m",England,midfield - Central Midfield,right,ICM Stellar Sports,Middlesbrough FC,"Jul 7, 2017","Jun 30, 2022",NA,"Nov 23, 2020",NA,NA,NA,NA,NA,NA
Matt Davidson Rider Crooks,"Jan 20, 1994",Leeds,27,"1,91 m",England,midfield - Central Midfield,right,Wasserman,Middlesbrough FC,"Jul 23, 2021","Jun 30, 2024",NA,NA,,NA,NA,NA,NA,NA
Marcus Joseph Tavernier,"Mar 22, 1999",Leeds,22,"1,78 m",England,midfield - Left Midfield,left,StormSportsX,Middlesbrough FC,"Jul 1, 2018","Jun 30, 2023",NA,"Jan 29, 2020",,NA,NA,NA,NA,NA
Marcus Alexander Browne,"Dec 18, 1997",London,23,"1,78 m",England,midfield - Attacking Midfield,right,CAA Base Ltd,Middlesbrough FC,"Jul 26, 2019","Jun 30, 2023",NA,NA,,NA,NA,NA,NA,NA
Samuel Oluwaseyi Ameobi,"May 1, 1992",Newcastle upon Tyne,29,"1,90 m",England Nigeria,attack - Left Winger,left,Wasserman,Middlesbrough FC,"Jul 1, 2021","Jun 30, 2023",NA,NA,NA,NA,NA,NA,NA,NA
Onel Lázaro Hernández Mayea,"Feb 1, 1993",Morón,28,"1,72 m",Cuba Germany,attack - Right Winger,right,PLG,Middlesbrough FC,"Aug 29, 2021","May 31, 2022",NA,NA,,Nike,NA,Norwich City,"Jun 30, 2023",NA
Duncan Ian Watmore,"Mar 8, 1994",Manchester,27,"1,75 m",England,attack - Right Winger,right,Quantum Sport,Middlesbrough FC,"Nov 17, 2020","Jun 30, 2023",NA,"Jan 7, 2021",NA,NA,NA,NA,NA,NA
Isaiah Benjamin Montell Jones,"Jun 26, 1999",London,22,NA,England,attack - Right Winger,NA,Jwtiar Khalid Rahman,Middlesbrough FC,"Jul 1, 2021","Jun 30, 2022",NA,NA,NA,NA,NA,NA,NA,NA
Olutoyosi Tajudeen Olusanya,"Feb 1, 1998",London,23,"1,81 m",England Nigeria,attack - Right Winger,right,NA,Middlesbrough FC,"Aug 20, 2021","Jun 30, 2023",NA,NA,NA,NA,NA,NA,NA,NA
Andraž Šporar,"Feb 27, 1994",Ljubljana,27,"1,86 m",Slovenia,attack - Centre-Forward,right,AR Sport Management,Middlesbrough FC,"Aug 31, 2021","Jun 30, 2022",NA,NA,,Nike,NA,Sporting CP,"Jun 30, 2025",NA
Karl Anthony Uchechukwu Mubiru Ikpeazu,"Feb 28, 1995",London,26,"1,90 m",Uganda England,attack - Centre-Forward,right,NA,Middlesbrough FC,"Jul 2, 2021","Jun 30, 2024",NA,NA,,NA,NA,NA,NA,NA
Luke Kevin Southwood,"Dec 6, 1997",Oxford,23,"1,85 m",England,Goalkeeper,right,CAA Base Ltd,Reading FC,"Jul 1, 2020","Jun 30, 2023",NA,"May 7, 2021",,NA,NA,NA,NA,NA
Liam Simon Moore,"Jan 31, 1993",Loughborough,28,"1,85 m",Jamaica England,Defender - Centre-Back,right,Unique Sports Group,Reading FC,"Aug 20, 2016","Jun 30, 2023",NA,"Aug 31, 2018",,Nike,NA,NA,NA,NA
Thomas Richard Holmes,"Mar 12, 2000",Reading,21,"1,89 m",England,Defender - Centre-Back,right,Midas Sports,Reading FC,"Jul 1, 2020","Jun 30, 2022",NA,NA,NA,NA,NA,NA,NA,NA
Thomas Peter McIntyre,"Nov 6, 1998",Reading,22,"1,85 m",Scotland England,Defender - Centre-Back,left,ICM Stellar Sports,Reading FC,"Jul 1, 2019","Jun 30, 2024",NA,"Jun 29, 2021",,Nike,NA,NA,NA,NA
Michael Brian Morrison,"Mar 3, 1988",Bury St Edmunds,33,"1,87 m",England,Defender - Centre-Back,right,LIROMA AGENCIAMENTO ESPORTIVO LTD,Reading FC,"Jul 19, 2019","Jun 30, 2022",NA,"May 11, 2021",,Nike,NA,NA,NA,NA
Baba Abdul Rahman,"Jul 2, 1994",Tamale,27,"1,79 m",Ghana,Defender - Left-Back,left,SPOCS Global Sports,Reading FC,"Aug 27, 2021","May 31, 2022",NA,NA,,Nike,NA,Chelsea FC,"Jun 30, 2024",NA
Andrew Kyere Yiadom,"Dec 2, 1991",London,29,"1,80 m",Ghana England,Defender - Right-Back,right,Straight Ace Sports,Reading FC,"Jul 1, 2018","Jun 30, 2022",NA,NA,,NA,NA,NA,NA,NA
Felipe Araruna Hoffmann,"Mar 12, 1996",Porto Alegre,25,"1,75 m",Brazil Portugal,Defender - Right-Back,right,Fabio Mello Sports,Reading FC,"Jan 30, 2020","Jun 30, 2022",NA,NA,,NA,NA,NA,NA,NA
Дејан Тетек,"Sep 24, 2002",Oxford,19,"1,77 m",Serbia England,midfield - Defensive Midfield,right,Midas Sports,Reading FC,"Sep 1, 2020","Jun 30, 2023",NA,NA,,adidas,NA,NA,NA,NA
John David Swift,"Jun 23, 1995",Portsmouth,26,"1,82 m",England,midfield - Central Midfield,right,Campeador Sports Management,Reading FC,"Jul 14, 2016","Jun 30, 2022",NA,"Jul 31, 2017",,adidas,NA,NA,NA,NA
Oviemuno Dominic Ejaria,"Nov 18, 1997",London,23,"1,88 m",England Nigeria,midfield - Central Midfield,right,NA,Reading FC,"Aug 28, 2020","Jun 30, 2024",NA,NA,,NA,NA,NA,NA,NA
Andrew Ferai Rinomhota,"Apr 21, 1997",Leeds,24,"1,75 m",England Zimbabwe,midfield - Central Midfield,right,Unique Sports Group,Reading FC,"Jul 1, 2018","Jun 30, 2022",NA,"Feb 25, 2019",,NA,NA,NA,NA,NA
Daniel Noel Drinkwater,"Mar 5, 1990",Manchester,31,"1,78 m",England,midfield - Central Midfield,right,no agent,Reading FC,"Aug 30, 2021","May 31, 2022",NA,NA,,NA,NA,Chelsea FC,"Jun 30, 2022",NA
Joshua Ishaele Jacob-Heron Hunt-Laurent,"May 6, 1995",Leytonstone,26,"1,88 m",England,midfield - Central Midfield,right,PowerHause SG,Reading FC,"Jul 28, 2020","Jun 30, 2022",NA,NA,,NA,NA,NA,NA,NA
Ayotomiwa Sherif Dele-Bashiru,"Sep 17, 1999",Manchester,22,"1,78 m",Nigeria England,midfield - Central Midfield,right,Wonder Sports,Reading FC,"Aug 12, 2021","May 31, 2022",NA,NA,,NA,NA,Watford FC,"Jun 30, 2025",NA
Alen Halilović,"Jun 18, 1996",Dubrovnik,25,"1,69 m",Croatia,midfield - Attacking Midfield,left,NA,Reading FC,"Aug 27, 2021","Jun 30, 2022",NA,NA,,adidas,NA,NA,NA,NA
David Wayne Hoilett,"Jun 5, 1990","Brampton, Ontario",31,"1,74 m",Canada Jamaica,attack - Left Winger,right,David Hoilett sen.,Reading FC,"Aug 19, 2021","Jun 30, 2022",NA,NA,,NA,NA,NA,NA,NA
Lucas Eduardo Santos João,"Sep 4, 1993",Luanda,28,"1,93 m",Portugal Angola,attack - Centre-Forward,right,"Yes Sports, Lda.",Reading FC,"Aug 6, 2019","Jun 30, 2023",NA,NA,,NA,NA,NA,NA,NA
George Alexandru Pușcaș,"Apr 8, 1996",Marghita,25,"1,88 m",Romania,attack - Centre-Forward,right,NA,Reading FC,"Aug 7, 2019","Jun 30, 2024",NA,NA,,Nike,NA,NA,NA,NA
Benjamin John Hamer,"Nov 20, 1987",Taunton,33,"1,93 m",England,Goalkeeper,right,YMU Group,Swansea City,"Jan 15, 2021","Jun 30, 2022",NA,NA,,NA,NA,NA,NA,NA
Steven-Andreas Benda,"Oct 1, 1998",Stuttgart,23,"1,92 m",Germany,Goalkeeper,right,BMS Sportconsulting GmbH,Swansea City,"Jul 1, 2018","Jun 30, 2024",NA,"Jun 21, 2019",,adidas,NA,NA,NA,NA
Benjamin Cabango,"May 30, 2000",Cardiff,21,"1,88 m",Wales Angola,Defender - Centre-Back,right,Omni-Sports,Swansea City,"Jul 1, 2019","Jun 30, 2025",NA,"Mar 18, 2021",,NA,NA,NA,NA,NA
Brandon James Cooper,"Jan 14, 2000",Bridgend,21,"1,85 m",Wales,Defender - Centre-Back,NA,ICM Stellar Sports,Swansea City,"Aug 1, 2020","Jun 30, 2023",club option 1 year,"Dec 10, 2020",NA,NA,NA,NA,NA,NA
Joel Owen Latibeaudiere,"Jan 6, 2000",Doncaster,21,"1,80 m",England Jamaica,Defender - Centre-Back,right,Wasserman,Swansea City,"Oct 16, 2020","Jun 30, 2023",NA,NA,,Puma,NA,NA,NA,NA
Jake Brian Bidwell,"Mar 21, 1993",Southport,28,"1,83 m",England,Defender - Left-Back,left,Wasserman,Swansea City,"Jul 2, 2019","Jun 30, 2022",NA,NA,NA,NA,NA,NA,NA,NA
Ryan Phelim Manning,"Jun 14, 1996",Galway,25,"1,73 m",Ireland,Defender - Left-Back,left,Wasserman,Swansea City,"Oct 16, 2020","Jun 30, 2023",NA,NA,,NA,NA,NA,NA,NA
Ethan Benjamin Laird,"Aug 5, 2001",Basingstoke,20,"1,77 m",England Jamaica,Defender - Right-Back,right,ICM Stellar Sports,Swansea City,"Aug 16, 2021","May 31, 2022",NA,NA,,NA,NA,Manchester United U23,"Jun 30, 2023",NA
Tivonge Sacha Rushesha,"Jul 24, 2002",NA,19,"1,62 m",Wales Zimbabwe,Defender - Right-Back,right,Family & Football,Swansea City U23,"Jul 1, 2019","Jun 30, 2023",NA,"Jan 26, 2021",,NA,NA,NA,NA,Swansea City (#19)
Matthew Jacob Grimes,"Jul 15, 1995",Exeter,26,"1,78 m",England,midfield - Central Midfield,left,Unique Sports Group,Swansea City,"Jan 3, 2015","Jun 30, 2022",NA,"Nov 7, 2018",,adidas,NA,NA,NA,NA
Jules Olivier Ntcham,"Feb 9, 1996",Longjumeau,25,"1,80 m",France Cameroon,midfield - Central Midfield,right,Relatives,Swansea City,"Aug 31, 2021","Jun 30, 2024",NA,NA,NA,NA,NA,NA,NA,NA
Korey Alexander Sheridan Smith,"Jan 31, 1991",Hatfield,30,"1,83 m",England Jamaica,midfield - Central Midfield,right,CAA Base Ltd,Swansea City,"Aug 14, 2020","Jun 30, 2022",NA,NA,,NA,NA,NA,NA,NA
Daniel Patrick Williams,"Apr 19, 2001",NA,20,"1,72 m",Wales,midfield - Central Midfield,right,Omni-Sports,Swansea City U23,"Jul 1, 2019","Jun 30, 2022",NA,"Aug 16, 2020",,NA,NA,NA,NA,Swansea City (#37)
Jamie Charles Stuart Paterson,"Dec 20, 1991",Coventry,29,"1,75 m",England Scotland,midfield - Attacking Midfield,right,Unique Sports Group,Swansea City,"Aug 6, 2021","Jun 30, 2022",Option for a further year,NA,,NA,NA,NA,NA,NA
Morgan Reece Whittaker,"Jan 7, 2001",NA,20,"1,83 m",England,attack - Right Winger,left,World in Motion,Swansea City,"Feb 1, 2021","Jun 30, 2025",NA,NA,,NA,NA,NA,NA,NA
Michael Oluwadurotimi Obafemi,"Jul 6, 2000",Dublin,21,"1,70 m",Ireland Nigeria,attack - Centre-Forward,right,NA,Swansea City,"Aug 31, 2021","Jun 30, 2024",NA,NA,,NA,NA,NA,NA,NA
Joël Mohammed Ramzan Piroe,"Aug 2, 1999",Wijchen,22,"1,81 m",Netherlands Suriname,attack - Centre-Forward,left,Roebbers,Swansea City,"Jul 2, 2021","Jun 30, 2024",NA,NA,NA,NA,NA,NA,NA,NA
Liam Jamie Cullen,"Apr 23, 1999",Tenby,22,"1,78 m",Wales,attack - Centre-Forward,left,CAA Base Ltd,Swansea City,"Jan 1, 2020","Jun 30, 2024",NA,"Jan 27, 2021",,NA,NA,NA,NA,NA
Aynsley Alan William Pears,"Apr 23, 1998",Durham,23,"1,85 m",England,Goalkeeper,right,ICM Stellar Sports,Blackburn Rovers,"Oct 16, 2020","Jun 30, 2024",NA,NA,NA,NA,NA,NA,NA,NA
Αντώνης Στεργιάκης,"Mar 16, 1999",Thessaloniki,22,"1,96 m",Greece,Goalkeeper,right,Unique Sports Group,Blackburn Rovers,"Oct 6, 2020","Jun 30, 2023",club option 1 year,NA,NA,NA,NA,NA,NA,NA
Jordan James Eastham,"Sep 8, 2001",NA,20,"1,81 m",England,Goalkeeper,right,Quantum Sport,Blackburn Rovers U23,"Jul 1, 2020","Jun 30, 2022",NA,"Jul 21, 2020",NA,NA,NA,NA,NA,Blackburn Rovers (#45)
Darragh Patrick Lenihan,"Mar 16, 1994",Dublin,27,"1,87 m",Ireland,Defender - Centre-Back,right,Major League Sports Management,Blackburn Rovers,"Jul 1, 2014","Jun 30, 2022",NA,"Jul 3, 2018",,NA,NA,NA,NA,NA
Daniel Sánchez Ayala,"Nov 7, 1990",El Saucejo,30,"1,90 m",Spain,Defender - Centre-Back,right,SMI Sports Management,Blackburn Rovers,"Sep 15, 2020","Jun 30, 2023",NA,NA,NA,NA,NA,NA,NA,NA
Scott Bradley Wharton,"Oct 3, 1997",Blackburn,24,"1,82 m",England,Defender - Centre-Back,left,Omni-Sports,Blackburn Rovers,"Jul 1, 2016","Jun 30, 2024",NA,"May 24, 2021",NA,NA,NA,NA,NA,NA
Hayden James Carter,"Dec 17, 1999",NA,21,NA,England,Defender - Centre-Back,right,Omni-Sports,Blackburn Rovers,"Jul 1, 2021","Jun 30, 2022",NA,NA,,NA,NA,NA,NA,NA
Tyler Jordan Magloire,"Dec 21, 1998",Bradford,22,"1,83 m",England,Defender - Centre-Back,right,Crown Football Ltd,Blackburn Rovers,"Jul 1, 2021","Jun 30, 2022",NA,NA,NA,NA,NA,NA,NA,NA
Adetayo Oluwatosin Olusegun Edun,"May 14, 1998",London,23,"1,72 m",England,Defender - Left-Back,left,Unique Sports Group,Blackburn Rovers,"Aug 31, 2021",-,NA,NA,,NA,NA,NA,NA,NA
Harry Leslie Pickering,"Dec 29, 1998",Chester,22,"1,85 m",England,Defender - Left-Back,left,Triple S Sports,Blackburn Rovers,"Feb 1, 2021","Jun 30, 2025",NA,NA,,NA,NA,NA,NA,NA
Ryan Simasiku Nyambe,"Dec 4, 1997",Katima Mulilo,23,"1,83 m",Namibia England,Defender - Right-Back,right,Midas Sports,Blackburn Rovers,"Jul 1, 2016","Jun 30, 2022",Option for a further year,"Apr 23, 2019",,NA,NA,NA,NA,NA
Joseph Scott Rankin-Costello,"Jul 26, 1999",Stockport,22,"1,83 m",England,Defender - Right-Back,right,NA,Blackburn Rovers,"Jan 1, 2020","Jun 30, 2024",NA,"Jun 4, 2021",,NA,NA,NA,NA,NA
Jacob Alexander Davenport,"Dec 28, 1998",NA,22,"1,77 m",England,midfield - Defensive Midfield,left,CAA Base Ltd,Blackburn Rovers,"Jul 2, 2018","Jun 30, 2022",NA,NA,NA,NA,NA,NA,NA,NA
Leighton Owen Clarkson,"Oct 19, 2001",Clitheroe,20,NA,England,midfield - Defensive Midfield,right,Unique Sports Group,Blackburn Rovers,"Aug 16, 2021","May 31, 2022",NA,NA,,NA,NA,Liverpool FC U23,-,NA
Joseph Matthew Rothwell,"Jan 11, 1995",Manchester,26,"1,85 m",England,midfield - Central Midfield,right,NA,Blackburn Rovers,"Jul 1, 2018","Jun 30, 2022",NA,NA,,NA,NA,NA,NA,NA
John Keaton Buckley,"Oct 13, 1999",Manchester,22,"1,73 m",England,midfield - Central Midfield,right,SMI Sports Management,Blackburn Rovers,"Jul 1, 2019","Jun 30, 2024",Option for a further year,"Feb 15, 2021",,NA,NA,NA,NA,NA
Bradley Paul Johnson,"Apr 28, 1987",London,34,"1,78 m",England United States,midfield - Central Midfield,NA,Wasserman,Blackburn Rovers,"Jul 5, 2019",-,NA,NA,,NA,NA,NA,NA,NA
Bradley Paul Dack,"Dec 31, 1993",London,27,"1,75 m",England,midfield - Attacking Midfield,right,Wasserman,Blackburn Rovers,"Jul 1, 2017","Jun 30, 2023",both parties 1 year,"Dec 23, 2020",,NA,NA,NA,NA,NA
Reda Jousef Khadra,"Jul 4, 2001",Berlin,20,"1,75 m",Germany Lebanon,attack - Left Winger,NA,Relatives,Blackburn Rovers,"Aug 31, 2021","May 31, 2022",NA,NA,,NA,NA,Brighton & Hove Albion U23,"Jun 30, 2023",NA
Ian Carlo Poveda-Ocampo,"Feb 9, 2000",London,21,"1,67 m",England Colombia,attack - Right Winger,left,Relatives,Blackburn Rovers,"Aug 23, 2021","May 31, 2022",NA,NA,,NA,NA,Leeds United,"Jun 30, 2024",NA
Benjamin Anthony Brereton Díaz,"Apr 18, 1999",Stoke-on-Trent,22,"1,85 m",Chile England,attack - Centre-Forward,right,Wasserman,Blackburn Rovers,"Jan 4, 2019","Jun 30, 2022",NA,NA,,NA,NA,NA,NA,NA
Samuel James Gallagher,"Sep 15, 1995",Crediton,26,"1,93 m",England Scotland,attack - Centre-Forward,right,Crown Football Ltd,Blackburn Rovers,"Jul 13, 2019","Jun 30, 2023",NA,NA,,NA,NA,NA,NA,NA
Daniel James Butterworth,"Sep 14, 1999",Manchester,22,"1,83 m",England,attack - Centre-Forward,right,CAA Base Ltd,Blackburn Rovers,"Jul 1, 2021","Jun 30, 2022",NA,"Mar 21, 2019",,NA,NA,NA,NA,NA
Daniel Lønne Iversen,"Jul 19, 1997",NA,24,"1,91 m",Denmark,Goalkeeper,NA,First Touch,Preston North End,"Aug 4, 2021","May 31, 2022",NA,NA,NA,Uhlsport,NA,Leicester City U23,"Jun 30, 2025",NA
Declan Thomas Rudd,"Jan 16, 1991",Diss,30,"1,91 m",England,Goalkeeper,right,World in Motion,Preston North End,"Jul 1, 2017","Jun 30, 2023",NA,"Apr 17, 2020",,NA,NA,NA,NA,NA
Connor James Ripley,"Feb 13, 1993",Middlesbrough,28,"1,91 m",England,Goalkeeper,right,NA,Preston North End,"Jan 9, 2019","Jun 30, 2022",NA,NA,,NA,NA,NA,NA,NA
Mathew Anthony Hudson,"Jul 29, 1998",Southport,23,"1,93 m",England,Goalkeeper,right,PIR,Preston North End,"Jul 1, 2016","Jun 30, 2022",NA,NA,NA,NA,NA,NA,NA,NA
Jordan Ben Storey,"Sep 2, 1997",South Petherton,24,"1,88 m",England,Defender - Centre-Back,right,Wasserman,Preston North End,"Jul 1, 2018","Jun 30, 2022",NA,NA,NA,NA,NA,NA,NA,NA
Liam James Lindsay,"Oct 12, 1995",Glasgow,26,"1,91 m",Scotland,Defender - Centre-Back,right,PLG,Preston North End,"Jul 1, 2021","Jun 30, 2023",NA,NA,,NA,NA,NA,NA,NA
Paul David Huntington,"Sep 17, 1987",Carlisle,34,"1,91 m",England,Defender - Centre-Back,left,ICM Stellar Sports,Preston North End,"Jul 1, 2012","Jun 30, 2022",NA,"Jul 10, 2018",NA,NA,NA,NA,NA,NA
Gregory Richard Cunningham,"Jan 31, 1991",Carnmore,30,"1,83 m",Ireland,Defender - Left-Back,left,IWSM,Preston North End,"Jan 28, 2021","Jun 30, 2023",NA,"Apr 26, 2021",,NA,NA,NA,NA,NA
Andrew Martyn Hughes,"Jun 5, 1992",Cardiff,29,"1,88 m",Wales,Defender - Left-Back,left,Elite Management Agency,Preston North End,"Jul 1, 2018","Jun 30, 2022",NA,"Oct 27, 2020",,NA,NA,NA,NA,NA
Joshua John Francis Earl,"Oct 24, 1998",Southport,22,"1,95 m",England,Defender - Left-Back,left,CAA Base Ltd,Preston North End,"Jul 1, 2017","Jun 30, 2023",NA,"Oct 27, 2020",NA,NA,NA,NA,NA,NA
Joseph Rafferty,"Oct 6, 1993",Liverpool,28,"1,80 m",Ireland England,Defender - Right-Back,right,NA,Preston North End,"Jan 23, 2019","Jun 30, 2022",NA,NA,NA,NA,NA,NA,NA,NA
Matthew Olawale Olosunde,"Mar 7, 1998","Philadelphia, Pennsylvania",23,"1,86 m",United States England,Defender - Right-Back,right,Relatives,Preston North End,"Jul 1, 2021","Jun 30, 2023",NA,NA,,NA,NA,NA,NA,NA
Lewis Jack Leigh,"Dec 5, 2003",NA,17,NA,England,midfield,NA,Agent is known - Player under 18,Preston North End,"Jul 1, 2021","Jun 30, 2024",NA,NA,NA,NA,NA,NA,NA,NA
Jack Thomas Baxter,"Oct 27, 2000",Chorley,20,"1,78 m",England,midfield - Defensive Midfield,right,Wasserman,Preston North End,"Jul 1, 2019","Jun 30, 2022",NA,"Oct 31, 2019",NA,NA,NA,NA,NA,NA
Alan James Browne,"Apr 15, 1995",Cork,26,"1,79 m",Ireland,midfield - Central Midfield,right,Quorum Sports Advisors,Preston North End,"Jan 1, 2014","Jun 30, 2024",NA,"Jul 11, 2018",,NA,NA,NA,NA,NA
Daniel Anthony Johnson,"Oct 8, 1992",Kingston,29,"1,74 m",Jamaica England,midfield - Central Midfield,left,NA,Preston North End,"Jan 23, 2015","Jun 30, 2023",NA,"Jan 29, 2021",,NA,NA,NA,NA,NA
Ryan Graham Ledson,"Aug 19, 1997",Liverpool,24,"1,78 m",England,midfield - Central Midfield,right,PIR,Preston North End,"Jul 1, 2018","Jun 30, 2023",NA,"Aug 20, 2020",,NA,NA,NA,NA,NA
Benjamin Whiteman,"Jun 17, 1996",Rochdale,25,"1,85 m",England,midfield - Central Midfield,right,GS Magna,Preston North End,"Jan 14, 2021","Jun 30, 2024",NA,NA,NA,NA,NA,NA,NA,NA
Alistair Edward McCann,"Dec 4, 1999",Edinburgh,21,"1,76 m",Northern Ireland England,midfield - Central Midfield,right,NA,Preston North End,"Aug 31, 2021","Jun 30, 2025",NA,NA,NA,NA,NA,NA,NA,NA
Adam Kieran O'Reilly,"May 11, 2001",Cork,20,"1,68 m",Ireland,midfield - Central Midfield,right,New Era Global Sports,Preston North End,"Jul 1, 2019","Jun 30, 2023",NA,"Oct 27, 2020",,NA,NA,NA,NA,NA
Bradley Michael Potts,"Jul 3, 1994",Hexham,27,"1,88 m",England,midfield - Right Midfield,right,Clover Sports,Preston North End,"Jan 3, 2019","Jun 30, 2024",NA,"Sep 20, 2021",,NA,NA,NA,NA,NA
Joshua Andrew Harrop,"Dec 15, 1995",Stockport,25,"1,75 m",England,midfield - Attacking Midfield,right,New Era Global Sports,Preston North End,"Jul 1, 2017","Jun 30, 2023",NA,"Aug 27, 2020",,NA,NA,NA,NA,NA
Joshua Murphy,"Feb 24, 1995",London,26,"1,73 m",England,attack - Left Winger,right,New Era Global Sports,Preston North End,"Aug 31, 2021","May 31, 2022",NA,NA,,Nike,NA,Cardiff City,"Jun 30, 2022",NA
Scott Andrew Sinclair,"Mar 25, 1989",Bath,32,"1,77 m",England Jamaica,attack - Left Winger,right,ICM Stellar Sports,Preston North End,"Jan 8, 2020","Jun 30, 2022",NA,NA,,Nike,NA,NA,NA,NA
Glenn Ethan Walker,"Jul 28, 2002",Preston,19,"1,84 m",England,attack - Left Winger,NA,ICM Stellar Sports,Preston North End,"Jul 1, 2020","Jun 30, 2022",NA,NA,NA,NA,NA,NA,NA,NA
Thomas John Barkhuizen,"Jul 4, 1993",Blackpool,28,"1,75 m",England South Africa,attack - Right Winger,right,NA,Preston North End,"Jan 1, 2017","Jun 30, 2022",NA,"Jun 30, 2017",NA,NA,NA,NA,NA,NA
Isaiah Jay Brown,"Jan 7, 1997",Peterborough,24,"1,82 m",England Jamaica,attack - Second Striker,right,NA,Preston North End,"Jul 1, 2021","Jun 30, 2022",NA,NA,,Nike,NA,NA,NA,NA
Sean Patrick Maguire,"May 1, 1994",Luton,27,"1,75 m",Ireland England,attack - Centre-Forward,right,YMU Group,Preston North End,"Jul 24, 2017","Jun 30, 2023",NA,"Aug 14, 2020",,NA,NA,NA,NA,NA
Emil Riis Jakobsen,"Jun 24, 1998",Hobro,23,"1,90 m",Denmark,attack - Centre-Forward,right,Pro Athletes,Preston North End,"Oct 1, 2020","Jun 30, 2024",NA,NA,NA,NA,NA,NA,NA,NA
Connor Neil Ralph Wickham,"Mar 31, 1993",Hereford,28,"1,89 m",England Northern Ireland,attack - Centre-Forward,right,ICM Stellar Sports,Preston North End,"Sep 13, 2021","Jan 13, 2022",NA,NA,,Nike,NA,NA,NA,NA
Chedwyn Michael Evans,"Dec 28, 1988",St Asaph,32,"1,83 m",Wales,attack - Centre-Forward,right,Crown Football Ltd,Preston North End,"Feb 6, 2021","Jun 30, 2023",NA,"Apr 12, 2021",NA,NA,NA,NA,NA,NA
Jamie Carl Thomas,"Jan 10, 1997",Blackpool,24,NA,Wales England,attack - Centre-Forward,NA,NA,Preston North End,"Aug 5, 2021","Jun 30, 2022",club option 1 year,NA,NA,NA,NA,NA,NA,NA
Neil Leonard Dula Etheridge,"Feb 7, 1990",London,31,"1,88 m",Philippines England,Goalkeeper,right,Omni-Sports,Birmingham City,"Sep 11, 2020","Jun 30, 2024",NA,NA,,Nike,NA,NA,NA,NA
Connal Joe Trueman,"Mar 26, 1996",Birmingham,25,"1,86 m",England,Goalkeeper,right,World in Motion,Birmingham City,"Jul 1, 2017","Jun 30, 2022",NA,"Jul 31, 2019",NA,NA,NA,NA,NA,NA
Matija Šarkić,"Jul 23, 1997",Grimsby,24,"1,95 m",Montenegro England,Goalkeeper,right,Unique Sports Group,Birmingham City,"Jul 26, 2021","May 31, 2022",NA,NA,,NA,NA,Wolverhampton Wanderers,"Jun 30, 2023",NA
Harlee James Dean,"Jul 26, 1991",Basingstoke,30,"1,91 m",England,Defender - Centre-Back,right,Refuel Performance Management,Birmingham City,"Aug 30, 2017","Jun 30, 2023",NA,"Jul 31, 2019",,NA,NA,NA,NA,NA
Dion Dannie Leonard Sanderson,"Dec 15, 1999",Wednesfield,21,"1,88 m",England,Defender - Centre-Back,right,Sturridge Sports Management,Birmingham City,"Jul 19, 2021","May 31, 2022",NA,NA,,NA,NA,Wolverhampton Wanderers U23,"Jun 30, 2025",NA
Juan Carlos Familia-Castillo,"Jan 13, 2000",Amsterdam,21,"1,75 m",Netherlands Dominican Republic,Defender - Left-Back,left,ICM Stellar Sports,Birmingham City,"Jul 6, 2021","May 31, 2022",NA,NA,,Nike,NA,Chelsea FC U23,"Jun 30, 2023",NA
George Andrew Jordan Friend,"Oct 19, 1987",Barnstaple,34,"1,88 m",England,Defender - Left-Back,left,Midas Sports,Birmingham City,"Aug 15, 2020","Jun 30, 2023",NA,"Jul 16, 2021",NA,NA,NA,NA,NA,NA
Maxime Jean-Yves Colin,"Nov 15, 1991",Arras,29,"1,80 m",France,Defender - Right-Back,right,Omni-Sports,Birmingham City,"Aug 31, 2017","Jun 30, 2023",NA,"Aug 2, 2019",,NA,NA,NA,NA,NA
Ivan Šunjić,"Oct 9, 1996",Zenica,25,"1,85 m",Croatia,midfield - Defensive Midfield,right,Borislav Dvorzak,Birmingham City,"Jul 26, 2019","Jun 30, 2024",NA,NA,NA,NA,NA,NA,NA,NA
Ryan Michael Woods,"Dec 13, 1993",Norton Canes,27,"1,73 m",England,midfield - Defensive Midfield,right,Midas Sports,Birmingham City,"Jul 1, 2021","Jun 30, 2024",NA,NA,,NA,NA,NA,NA,NA
Adam Stephen Clayton,"Jan 14, 1989",Manchester,32,"1,75 m",England,midfield - Central Midfield,right,YMU Group,Birmingham City,"Sep 1, 2020","Jun 30, 2022",club option 1 year,NA,,Nike,NA,NA,NA,NA
Riley Patrick McGree,"Nov 2, 1998",Gawler,22,"1,78 m",Australia,midfield - Central Midfield,left,Aspire Management,Birmingham City,"Oct 5, 2020","Dec 31, 2021",NA,"May 19, 2021",,Nike,NA,Charlotte FC,-,NA
Jordan Tyler Graham,"Mar 5, 1995",Coventry,26,"1,82 m",England,attack - Left Winger,right,YMU Group,Birmingham City,"Jul 1, 2021","Jun 30, 2023",NA,NA,,Nike,NA,NA,NA,NA
Tahith Jose Chong,"Dec 4, 1999",Willemstad,21,"1,85 m",Netherlands Curacao,attack - Right Winger,left,ICM Stellar Sports,Birmingham City,"Jul 26, 2021","May 31, 2022",NA,NA,,NA,NA,Manchester United,"Jun 30, 2022",NA
Iván Sánchez Aguayo,"Sep 23, 1992",Jaén,29,"1,69 m",Spain,attack - Right Winger,left,JV SPORTS SL,Birmingham City,"Aug 27, 2020","Jun 30, 2023",NA,NA,,NA,NA,NA,NA,NA
Chukwuemeka Ademola Amachi Aneke,"Jul 3, 1993",London,28,"1,91 m",England Nigeria,attack - Second Striker,right,SMI Sports Management,Birmingham City,"Jul 1, 2021","Jun 30, 2023",NA,NA,,NA,NA,NA,NA,NA
Scott Andrew Hogan,"Apr 13, 1992",Salford,29,"1,80 m",Ireland England,attack - Centre-Forward,right,Unique Sports Group,Birmingham City,"Sep 16, 2020","Jun 30, 2024",NA,NA,NA,NA,NA,NA,NA,NA
Troy Matthew Deeney,"Jun 29, 1988",Birmingham,33,"1,84 m",England Jamaica,attack - Centre-Forward,right,Pinnacle Global Advisors LLP,Birmingham City,"Aug 30, 2021","Jun 30, 2023",NA,NA,,NA,NA,NA,NA,NA
Lukas Isaac Paul Jutkiewicz,"Mar 28, 1989",Southampton,32,"1,85 m",England,attack - Centre-Forward,left,NA,Birmingham City,"Jan 3, 2017","Jun 30, 2022",NA,"Jul 24, 2019",,NA,NA,NA,NA,NA
Daniel Ian Bentley,"Jul 13, 1993",Basildon,28,"1,93 m",England,Goalkeeper,NA,Elite Management Agency,Bristol City,"Jul 1, 2019","Jun 30, 2023",NA,NA,,NA,NA,NA,NA,NA
Max Edward O'Leary,"Oct 10, 1996",Bath,25,"1,85 m",England Ireland,Goalkeeper,right,ASC,Bristol City,"Jul 1, 2015","Jun 30, 2023",Option for a further year,"Sep 29, 2020",,NA,NA,NA,NA,NA
Harvey Jo Wiles-Richards,"May 27, 2002",Bath,19,NA,England,Goalkeeper,NA,Unique Sports Group,Bristol City U23,"Jul 1, 2020","Jun 30, 2022",NA,NA,,NA,NA,NA,NA,Bristol City (#13)
Tomáš Kalas,"May 15, 1993",Olomouc,28,"1,84 m",Czech Republic,Defender - Centre-Back,right,SPORT INVEST,Bristol City,"Jul 1, 2019","Jun 30, 2023",NA,NA,,Nike,NA,NA,NA,NA
Zachary George Onyego Vyner,"May 14, 1997",Bath,24,"1,87 m",England,Defender - Centre-Back,right,Wasserman,Bristol City,"Jul 1, 2016","Jun 30, 2023",Option for a further year,"Oct 1, 2020",,NA,NA,NA,NA,NA
Nathan Luke Baker,"Apr 23, 1991",Worcester,30,"1,89 m",England,Defender - Centre-Back,left,NA,Bristol City,"Jul 28, 2017","Jun 30, 2023",NA,"Jun 28, 2021",,Nike,NA,NA,NA,NA
Robbie David Cundy,"May 30, 1997",Oxford,24,"1,88 m",England,Defender - Centre-Back,NA,Wasserman,Bristol City,"Jul 1, 2019","Jun 30, 2021",NA,NA,NA,NA,NA,NA,NA,NA
Robert Philip Atkinson,"Jul 13, 1998",Chesterfield,23,"1,93 m",England,Defender - Centre-Back,left,Momentum Sports Management,Bristol City,"Jul 3, 2021","Jun 30, 2024",Option for a further year,NA,NA,NA,NA,NA,NA,NA
Jay Rhys Dasilva,"Apr 22, 1998",Luton,23,"1,70 m",England Wales,Defender - Left-Back,left,Darren Dein,Bristol City,"Jul 1, 2019","Jun 30, 2023",NA,NA,,NA,NA,NA,NA,NA
Cameron Lewis Moir-Pring,"Jan 22, 1998",Bristol,23,"1,85 m",England,Defender - Left-Back,left,Volenti,Bristol City,"Jul 1, 2020","Jun 30, 2023",NA,"Sep 1, 2020",NA,NA,NA,NA,NA,NA
Daniel Peter Simpson,"Jan 4, 1987",Eccles,34,"1,76 m",England Jamaica,Defender - Right-Back,right,YMU Group,Bristol City,"Mar 26, 2021","Jun 30, 2022",NA,"Jun 23, 2021",,adidas,NA,NA,NA,NA
Tyreeq Jamal Adeshina Oliveira Bakinson,"Oct 10, 1998",London,23,"1,90 m",England,midfield - Defensive Midfield,right,Unique Sports Group,Bristol City,"Aug 31, 2017","Jun 30, 2022",NA,NA,,NA,NA,NA,NA,NA
Matthew Lee James,"Jul 22, 1991",Bacup,30,"1,81 m",England,midfield - Central Midfield,right,Wasserman,Bristol City,"Jul 1, 2021","Jun 30, 2024",NA,NA,,Nike,NA,NA,NA,NA
Joseph Michael Williams,"Dec 8, 1996",Liverpool,24,"1,85 m",England,midfield - Central Midfield,right,Wasserman,Bristol City,"Aug 20, 2020","Jun 30, 2024",NA,NA,,NA,NA,NA,NA,NA
Andrew Philip King,"Oct 29, 1988",Barnstaple,32,"1,84 m",Wales England,midfield - Central Midfield,right,Wasserman,Bristol City,"Jul 2, 2021","Jun 30, 2022",NA,NA,,adidas,NA,NA,NA,NA
Callum Joshua Ryan O'Dowda,"Apr 23, 1995",Oxford,26,"1,80 m",Ireland England,midfield - Left Midfield,left,Wasserman,Bristol City,"Jul 14, 2016","Jun 30, 2022",Option for a further year,"Jan 17, 2019",,NA,NA,NA,NA,NA
Kasey Remel Palmer,"Nov 9, 1996",London,24,"1,75 m",Jamaica England,midfield - Attacking Midfield,right,Colossal Sports Management,Bristol City,"Aug 1, 2019","Jun 30, 2023",NA,NA,,NA,NA,NA,NA,NA
Alex Jay Scott,"Aug 21, 2003",NA,18,NA,England,midfield - Attacking Midfield,NA,YMU Group,Bristol City,"Jul 1, 2021","Jun 30, 2025",NA,"Aug 21, 2021",NA,NA,NA,NA,NA,NA
Nahki Michael Wells,"Jun 1, 1990",Hamilton,31,"1,70 m",Bermuda,attack - Centre-Forward,right,NA,Bristol City,"Jan 30, 2020","Jun 30, 2023",NA,NA,,NA,NA,NA,NA,NA
Antoine Serlom Semenyo,"Jan 7, 2000",London,21,"1,78 m",England,attack - Centre-Forward,right,ANTHONY FINNIGAN T/A PLAYERS,Bristol City,"Jul 1, 2018","Jun 30, 2023",NA,"Jun 25, 2019",,NA,NA,NA,NA,NA
Christopher Hugh Martin,"Nov 4, 1988",Beccles,32,"1,84 m",Scotland England,attack - Centre-Forward,right,After Sports Consultancy,Bristol City,"Sep 3, 2020","Jun 30, 2022",Option for a further year,NA,,NA,NA,NA,NA,NA
Alexander Smithies,"Mar 5, 1990",Huddersfield,31,"1,89 m",England,Goalkeeper,right,World in Motion,Cardiff City,"Jul 1, 2018","Jun 30, 2022",NA,NA,NA,NA,NA,NA,NA,NA
Sean Joseph Morrison,"Jan 8, 1991",Plymouth,30,"1,94 m",England Ireland,Defender - Centre-Back,right,Unique Sports Group,Cardiff City,"Aug 15, 2014","Jun 30, 2022",NA,"Jul 6, 2018",,NA,NA,NA,NA,NA
Curtis Alexander Nelson,"May 21, 1993",Newcastle-under-Lyme,28,"1,83 m",England,Defender - Centre-Back,right,Volenti,Cardiff City,"Jul 1, 2019","Jun 30, 2023",NA,"Sep 7, 2020",NA,NA,NA,NA,NA,NA
Ciaron Maurice Brown,"Jan 14, 1998",London,23,"1,85 m",Northern Ireland England,Defender - Centre-Back,left,NA,Cardiff City,"Jan 1, 2018","Jan 31, 2021",NA,NA,NA,NA,NA,NA,NA,NA
Mark James McGuinness,"Jan 5, 2001",Slough,20,"1,94 m",Ireland England,Defender - Centre-Back,right,Unique Sports Group,Cardiff City,"Jul 1, 2021","Jun 30, 2024",NA,NA,NA,NA,NA,NA,NA,NA
Joel Matthew Bagan,"Sep 3, 2001",Basingstoke,20,"1,93 m",Ireland England,Defender - Left-Back,left,ICM Stellar Sports,Cardiff City,"Aug 4, 2020","Jun 30, 2023",NA,"Nov 5, 2020",NA,NA,NA,NA,NA,NA
Perry Tian Hee Ng,"Apr 27, 1996",Liverpool,25,"1,80 m",England Singapore,Defender - Right-Back,right,NA,Cardiff City,"Jan 19, 2021","Jun 30, 2024",NA,NA,,NA,NA,NA,NA,NA
William Robert Vaulks,"Sep 13, 1993",Wirral,28,"1,80 m",Wales England,midfield - Defensive Midfield,right,NA,Cardiff City,"Jul 1, 2019","Jun 30, 2022",NA,NA,,NA,NA,NA,NA,NA
Thomas Roy Sang,"Jun 29, 1999",Liverpool,22,"1,88 m",England,midfield - Defensive Midfield,right,NA,Cardiff City,"Aug 13, 2019","Jun 30, 2023",NA,"Apr 12, 2021",,NA,NA,NA,NA,NA
Leandro Jones Johan Bacuna,"Aug 21, 1991",Groningen,30,"1,80 m",Curacao Netherlands,midfield - Central Midfield,right,Unique Sports Group,Cardiff City,"Jan 31, 2019","Jun 30, 2023",NA,NA,,NA,NA,NA,NA,NA
Joseph Williams Ralls,"Oct 13, 1993",Aldershot,28,"1,78 m",England,midfield - Central Midfield,left,Unique Sports Group,Cardiff City,"Jul 1, 2011","Jun 30, 2022",NA,"Jul 6, 2018",NA,NA,NA,NA,NA,NA
Sam Lewis Bowen,"Jan 14, 2001",NA,20,NA,Wales,midfield - Central Midfield,right,NA,Cardiff City,"Jul 1, 2021","Jun 30, 2023",NA,"Jul 7, 2021",NA,NA,NA,NA,NA,NA
Ryan John Giles,"Jan 26, 2000",Telford,21,"1,79 m",England,midfield - Left Midfield,left,Unique Sports Group,Cardiff City,"Jul 13, 2021","May 31, 2022",NA,NA,,NA,NA,Wolverhampton Wanderers U23,"Jun 30, 2025",NA
Rubin James Colwill,"Apr 27, 2002",Neath,19,"1,69 m",Wales,midfield - Attacking Midfield,NA,Omni-Sports,Cardiff City,"Jul 1, 2021","Jun 30, 2024",NA,"Aug 30, 2021",,NA,NA,NA,NA,NA
Kieron Thomas Evans,"Dec 19, 2001",NA,19,"1,70 m",Wales,midfield - Attacking Midfield,NA,GSF Agency,Cardiff City,"Jul 1, 2021","Jun 30, 2023",NA,"Mar 17, 2021",NA,adidas,NA,NA,NA,NA
Mark Thomas Harris,"Dec 29, 1998",Swansea,22,"1,82 m",Wales,attack - Left Winger,right,Unique Sports Group,Cardiff City,"Jul 1, 2020","Jun 30, 2023",NA,"May 19, 2021",NA,NA,NA,NA,NA,NA
Kieffer Roberto Francisco Moore,"Aug 8, 1992",Torquay,29,"1,95 m",Wales England,attack - Centre-Forward,right,Elite Management Agency,Cardiff City,"Aug 13, 2020","Jun 30, 2023",NA,NA,,NA,NA,NA,NA,NA
James Steven Collins,"Dec 1, 1990",Coventry,30,"1,88 m",Ireland England,attack - Centre-Forward,right,Unique Sports Group,Cardiff City,"Jul 1, 2021","Jun 30, 2023",NA,NA,NA,NA,NA,NA,NA,NA
Isaac Cleveland Vassell,"Sep 9, 1993",Newquay,28,"1,78 m",England,attack - Centre-Forward,right,NA,Cardiff City,"Aug 8, 2019","Jun 30, 2022",NA,NA,NA,NA,NA,NA,NA,NA
Kelle Willem Roos,"May 31, 1992",Rijkevoort,29,"1,96 m",Netherlands,Goalkeeper,right,Unique Sports Group,Derby County,"Jan 23, 2014","Jun 30, 2022",NA,"Jun 3, 2019",,NA,NA,NA,NA,NA
David James Marshall,"Mar 5, 1985",Glasgow,36,"1,87 m",Scotland,Goalkeeper,right,ICM Stellar Sports,Derby County,"Aug 21, 2020","Jun 30, 2022",NA,NA,NA,NA,NA,NA,NA,NA
Richard James Michael Stearman,"Aug 19, 1987",Wolverhampton,34,"1,91 m",England Ireland,Defender - Centre-Back,right,Wasserman,Derby County,"Aug 6, 2021","Jun 30, 2022",NA,NA,,NA,NA,NA,NA,NA
Philip Nikodem Jagielka,"Aug 17, 1982",Manchester,39,"1,80 m",England Poland,Defender - Centre-Back,right,ICM Stellar Sports,Derby County,"Aug 17, 2021",-,NA,NA,,NA,NA,NA,NA,NA
Curtis Eugene Davies,"Mar 15, 1985",London,36,"1,88 m",England Sierra Leone,Defender - Centre-Back,right,Sport First,Derby County,"Jul 1, 2017","Jun 30, 2022",NA,"Aug 6, 2021",,adidas,NA,NA,NA,NA
Eiran Joe Cashin,"Nov 9, 2001",NA,19,NA,Ireland England,Defender - Centre-Back,NA,Tornado Sports Management,Derby County U23,"Jul 1, 2020","Jun 30, 2022",NA,NA,NA,NA,NA,NA,NA,Derby County (#22)
Lee David Buchanan,"Mar 7, 2001",Mansfield,20,"1,75 m",England,Defender - Left-Back,left,Quantum Sport,Derby County,"Jul 1, 2019","Jun 30, 2022",NA,"Jul 31, 2020",,NA,NA,NA,NA,Derby County UEFA U19
Nathan William Byrne,"Jun 5, 1992",St Albans,29,"1,80 m",England,Defender - Right-Back,right,World in Motion,Derby County,"Sep 10, 2020","Jun 30, 2022",NA,NA,,NA,NA,NA,NA,NA
Festy Oseiwe Ebosele,"Aug 2, 2002",Wexford,19,"1,80 m",Ireland Nigeria,Defender - Right-Back,right,NA,Derby County,"Jul 1, 2021","Jun 30, 2023",NA,NA,,NA,NA,NA,NA,NA
Graeme Garry Shinnie,"Aug 4, 1991",Aberdeen,30,"1,75 m",Scotland,midfield - Defensive Midfield,left,CAA Base Ltd,Derby County,"Jul 1, 2019","Jun 30, 2022",NA,NA,NA,NA,NA,NA,NA,NA
Jason Paul Knight,"Feb 13, 2001",Dublin,20,"1,73 m",Ireland,midfield - Central Midfield,right,NA,Derby County,"Jul 1, 2019","Jun 30, 2023",NA,"Jan 22, 2020",,NA,NA,NA,NA,Derby County UEFA U19
Louie Joseph Sibley,"Sep 13, 2001",Birmingham,20,"1,83 m",England,midfield - Attacking Midfield,left,Wasserman,Derby County,"Jan 1, 2020","Jun 30, 2024",NA,"Sep 17, 2020",,NA,NA,NA,NA,NA
Ravel Ryan Morrison,"Feb 2, 1993",Manchester,28,"1,75 m",Jamaica England,midfield - Attacking Midfield,right,Sync Global Sports,Derby County,"Aug 7, 2021","Jun 30, 2022",NA,NA,,adidas,NA,NA,NA,NA
Louie Shaun Watson,"Jun 7, 2001",Croydon,20,NA,Ireland England,midfield - Attacking Midfield,NA,ICM Stellar Sports,Derby County,"Jul 1, 2021","Jun 30, 2022",NA,NA,NA,NA,NA,NA,NA,NA
Kamil Jóźwiak,"Apr 22, 1998",Międzyrzecz,23,"1,76 m",Poland,attack - Left Winger,right,Fabryka Futbolu,Derby County,"Sep 16, 2020","Jun 30, 2024",NA,NA,,NA,NA,NA,NA,NA
Thomas Morris Lawrence,"Jan 13, 1994",Wrexham,27,"1,75 m",Wales,attack - Left Winger,right,YMU Group,Derby County,"Aug 15, 2017","Jun 30, 2022",NA,NA,,NA,NA,NA,NA,NA
Samuel Edward Thomas Baldock,"Mar 15, 1989",Buckingham,32,"1,70 m",England Greece,attack - Centre-Forward,right,Wasserman,Derby County,"Aug 17, 2021","Jan, 2022",NA,NA,NA,NA,NA,NA,NA,NA
Colin Kâzım-Richards,"Aug 26, 1986",London,35,"1,87 m",Turkey England,attack - Centre-Forward,right,AGN Football,Derby County,"Oct 15, 2020","Jun 30, 2022",NA,"Feb 26, 2021",,NA,NA,NA,NA,NA
Jack Kirk Stretton,"Sep 6, 2001",Burton-upon-Trent,20,NA,Scotland,attack - Centre-Forward,NA,Tornado Sports Management,Derby County,"Jul 1, 2021","Jun 30, 2023",NA,NA,,NA,NA,NA,NA,NA
George Martin Long,"Nov 5, 1993",Sheffield,27,"1,93 m",England,Goalkeeper,NA,Wasserman,Millwall FC,"Jul 1, 2021","Jun 30, 2023",NA,NA,,NA,NA,NA,NA,NA
Bartosz Białkowski,"Jul 6, 1987",Braniewo,34,"1,94 m",Poland,Goalkeeper,right,World in Motion,Millwall FC,"Jan 27, 2020","Jun 30, 2023",NA,"Aug 13, 2021",,NA,NA,NA,NA,NA
Jake Matthew Cooper,"Feb 3, 1995",Bracknell,26,"1,99 m",England,Defender - Centre-Back,left,NA,Millwall FC,"Jul 28, 2017","Jun 30, 2023",NA,"Jun 13, 2020",,NA,NA,NA,NA,NA
Shaun Matthew Hutchinson,"Nov 23, 1990",Newcastle,30,"1,88 m",England,Defender - Centre-Back,right,World in Motion,Millwall FC,"Jul 1, 2016","Jun 30, 2023",NA,"Jan 27, 2020",NA,NA,NA,NA,NA,NA
Alexander James Pearce,"Nov 9, 1988",Oxford,32,"1,88 m",Ireland Scotland,Defender - Centre-Back,right,NA,Millwall FC,"Jul 1, 2019","Jun 30, 2022",NA,"Aug 18, 2019",NA,NA,NA,NA,NA,NA
Daniel George Ballard,"Sep 22, 1999",Stevenage,22,"1,87 m",Northern Ireland England,Defender - Centre-Back,right,Progress Manage,Millwall FC,"Jul 1, 2021","May 31, 2022",NA,NA,,NA,NA,Arsenal FC U23,-,NA
Scott Liam Malone,"Mar 25, 1991",Rowley Regis,30,"1,89 m",England,Defender - Left-Back,left,Wasserman,Millwall FC,"Jul 1, 2021","Jun 30, 2023",NA,NA,,NA,NA,NA,NA,NA
Danny John McNamara,"Dec 27, 1998",Sidcup,22,"1,80 m",Ireland England,Defender - Right-Back,right,PLG Scotland,Millwall FC,"Jul 1, 2019","Jun 30, 2024",NA,NA,NA,NA,NA,NA,NA,NA
George Alan Saville,"Jun 1, 1993",Camberley,28,"1,76 m",Northern Ireland England,midfield - Central Midfield,left,Refuel Performance Management,Millwall FC,"Jul 2, 2021","Jun 30, 2024",NA,NA,,NA,NA,NA,NA,NA
Ryan Ian Leonard,"May 24, 1992",Plympton,29,"1,85 m",England,midfield - Central Midfield,right,Crown Football Ltd,Millwall FC,"Jan 2, 2019","Jun 30, 2022",NA,"Dec 30, 2020",NA,NA,NA,NA,NA,NA
Ben Rhys Thompson,"Oct 3, 1995",Sidcup,26,"1,80 m",England,midfield - Central Midfield,right,NA,Millwall FC,"Jul 1, 2014","Jun 30, 2022",NA,NA,,NA,NA,NA,NA,NA
Billy James Mitchell,"Apr 7, 2001",NA,20,"1,78 m",England,midfield - Central Midfield,right,NA,Millwall FC,"Jan 1, 2020","Jun 30, 2022",NA,"Mar 17, 2020",NA,NA,NA,NA,NA,NA
Connor Anthony Mahoney,"Feb 12, 1997",Blackburn,24,"1,75 m",England,midfield - Right Midfield,left,Omni-Sports,Millwall FC,"Jul 9, 2019","Jun 30, 2022",NA,NA,,NA,NA,NA,NA,NA
Mason Kane Bennett,"Jul 15, 1996",Shirebrook,25,"1,78 m",England Barbados,attack - Left Winger,right,NA,Millwall FC,"Aug 28, 2020","Jun 30, 2023",NA,NA,,NA,NA,NA,NA,NA
Jed Fearnley Wallace,"Mar 26, 1994",Reading,27,"1,78 m",England,attack - Right Winger,right,NA,Millwall FC,"Jul 1, 2017","Jun 30, 2022",NA,NA,,NA,NA,NA,NA,NA
Oluwaseyi Babajide Ojo,"Jun 19, 1997",Hemel Hempstead,24,"1,79 m",England Nigeria,attack - Right Winger,left,Elite Project Group Ltd,Millwall FC,"Aug 31, 2021","May 31, 2022",NA,NA,,NA,NA,Liverpool FC,"Jun 30, 2023",NA
Benik Tunani Afobé,"Feb 12, 1993",London,28,"1,83 m",DR Congo England,attack - Centre-Forward,right,Wasserman,Millwall FC,"Jul 2, 2021","May 31, 2022",NA,NA,,NA,NA,Stoke City,"Jun 30, 2022",NA
Thomas William Bradshaw,"Jul 27, 1992",Shrewsbury,29,"1,78 m",Wales England,attack - Centre-Forward,right,NA,Millwall FC,"Jan 3, 2019","Jun 30, 2022",NA,"Dec 30, 2020",,NA,NA,NA,NA,NA
Jón Daði Böðvarsson,"May 25, 1992",Selfoss,29,"1,90 m",Iceland,attack - Centre-Forward,right,NA,Millwall FC,"Jul 12, 2019","Jun 30, 2022",NA,NA,,Nike,NA,NA,NA,NA
Mathieu James Smith,"Jun 7, 1989",Birmingham,32,"1,98 m",England Scotland,attack - Centre-Forward,left,NA,Millwall FC,"Jul 1, 2019","Jun 30, 2022",NA,"Jun 18, 2021",,NA,NA,NA,NA,NA
Seny Timothy Dieng,"Nov 23, 1994",Zürich,26,"1,93 m",Senegal Switzerland,Goalkeeper,right,Unique Sports Group,Queens Park Rangers,"Aug 26, 2016","Jun 30, 2024",NA,"Sep 20, 2020",,NA,NA,NA,NA,NA
Jordan Gideon Archer,"Apr 12, 1993",London,28,"1,90 m",Scotland England,Goalkeeper,right,Unique Sports Group,Queens Park Rangers,"Jul 7, 2021","Jun 30, 2023",NA,NA,,NA,NA,NA,NA,NA
Robert Joseph Andrew Dickie,"Mar 3, 1996",Wokingham,25,"1,91 m",England,Defender - Centre-Back,right,YMU Group,Queens Park Rangers,"Sep 1, 2020","Jun 30, 2024",NA,NA,,NA,NA,NA,NA,NA
Jordy Adriana Jozefina de Wijs,"Jan 8, 1995",Kortrijk,26,"1,89 m",Netherlands,Defender - Centre-Back,left,Muy Manero,Queens Park Rangers,"Jul 1, 2021","Jun 30, 2024",NA,NA,,NA,NA,NA,NA,NA
James Gerard Dunne,"Oct 19, 1997",Drogheda,24,"1,91 m",Ireland,Defender - Centre-Back,right,NA,Queens Park Rangers,"Jul 13, 2021","Jun 30, 2024",club option 1 year,NA,,NA,NA,NA,NA,NA
Sam Benjamin McCallum,"Sep 2, 2000",Canterbury,21,"1,77 m",England,Defender - Left-Back,left,Wasserman,Queens Park Rangers,"Jul 12, 2021","May 31, 2022",NA,NA,NA,NA,NA,Norwich City,"Jun 30, 2024",NA
Moses Adeshina Ayoola Junior Odubajo,"Jul 28, 1993",London,28,"1,77 m",England Nigeria,Defender - Right-Back,right,Wasserman,Queens Park Rangers,"Jul 30, 2021","Jun 30, 2022",club option 1 year,NA,NA,NA,NA,NA,NA,NA
Osman Jovan Kakay,"Aug 25, 1997",London,24,"1,80 m",Sierra Leone England,Defender - Right-Back,right,Unique Sports Group,Queens Park Rangers,"Jul 1, 2016","Jun 30, 2024",NA,"Dec 3, 2018",,NA,NA,NA,NA,NA
Luke Ayodele Amos,"Feb 23, 1997",London,24,"1,79 m",England Nigeria,midfield - Defensive Midfield,right,Wasserman,Queens Park Rangers,"Aug 17, 2020","Jun 30, 2023",NA,NA,,NA,NA,NA,NA,NA
Dominic Martin Ball,"Aug 2, 1995",Welwyn Garden City,26,"1,84 m",England Northern Ireland,midfield - Defensive Midfield,right,KWM,Queens Park Rangers,"Jul 2, 2019","Jun 30, 2022",NA,"Sep 14, 2020",NA,NA,NA,NA,NA,NA
Stefan Marius Johansen,"Jan 8, 1991",Vardø,30,"1,82 m",Norway,midfield - Central Midfield,left,TPSportManagement,Queens Park Rangers,"Jul 24, 2021","Jun 30, 2024",NA,NA,,NA,NA,NA,NA,NA
Samuel Edward Field,"May 8, 1998",Stourbridge,23,"1,91 m",England,midfield - Central Midfield,left,Field Management,Queens Park Rangers,"Jul 1, 2021","Jun 30, 2024",NA,NA,NA,NA,NA,NA,NA,NA
Andre Leon Dozzell,"May 2, 1999",Ipswich,22,"1,78 m",England,midfield - Central Midfield,left,ICM Stellar Sports,Queens Park Rangers,"Jul 1, 2021","Jun 30, 2024",NA,NA,,NA,NA,NA,NA,NA
Ilias Emilian Chair,"Oct 30, 1997",Antwerp,23,"1,72 m",Morocco Belgium,midfield - Attacking Midfield,right,Quadrans,Queens Park Rangers,"Jul 1, 2018","Jun 30, 2025",club option 1 year,"Sep 19, 2019",,NA,NA,NA,NA,NA
George Stanley Thomas,"Mar 24, 1997",Leicester,24,"1,73 m",Wales England,midfield - Attacking Midfield,right,CAA Base Ltd,Queens Park Rangers,"Jul 27, 2020","Jun 30, 2023",club option 1 year,NA,,NA,NA,NA,NA,NA
Christopher Anthony Willock,"Jan 31, 1998",London,23,"1,78 m",England Montserrat,attack - Left Winger,right,NA,Queens Park Rangers,"Oct 5, 2020","Jun 30, 2023",club option 1 year,NA,,NA,NA,NA,NA,NA
Albert Danquah Adomah,"Dec 13, 1987",London,33,"1,85 m",Ghana England,attack - Right Winger,right,ANTHONY FINNIGAN T/A PLAYERS,Queens Park Rangers,"Oct 5, 2020","Jun 30, 2022",NA,NA,NA,NA,NA,NA,NA,NA
Andre Anthony Gray,"Jun 26, 1991",Wolverhampton,30,"1,78 m",Jamaica England,attack - Centre-Forward,right,Wasserman,Queens Park Rangers,"Aug 31, 2021","May 31, 2022",NA,NA,,NA,NA,Watford FC,-,NA
Lyndon John Dykes,"Oct 7, 1995",Gold Coast,26,"1,88 m",Scotland Australia,attack - Centre-Forward,right,StormSportsX,Queens Park Rangers,"Aug 19, 2020","Jun 30, 2024",NA,NA,,NA,NA,NA,NA,NA
Charles Austin,"Jul 5, 1989",Hungerford,32,"1,88 m",England,attack - Centre-Forward,right,Soccertalents,Queens Park Rangers,"Jul 1, 2021","Jun 30, 2023",NA,NA,,Nike,NA,NA,NA,NA
Bradley Ray Collins,"Feb 18, 1997",Southampton,24,"1,84 m",England,Goalkeeper,right,NA,Barnsley FC,"Jul 1, 2019","Jun 30, 2023",NA,NA,,NA,NA,NA,NA,NA
Daniel Oluwagbolade Jinadu,"Jun 21, 2002",NA,19,NA,Nigeria England,Goalkeeper,NA,NA,Barnsley FC,"Jul 1, 2021",-,NA,NA,NA,NA,NA,NA,NA,NA
Michał Helik,"Sep 9, 1995",Chorzów,26,"1,91 m",Poland,Defender - Centre-Back,right,BMG-SPORT,Barnsley FC,"Sep 9, 2020","Jun 30, 2023",NA,NA,,NA,NA,NA,NA,NA
Aapo Ilmari Halme,"May 22, 1998",Helsinki,23,"1,96 m",Finland,Defender - Centre-Back,right,PRO Profil GmbH,Barnsley FC,"Jul 3, 2019","Jun 30, 2022",Option for a further year,NA,,NA,NA,NA,NA,NA
Toby Peter Sibbick,"May 23, 1999",London,22,"1,89 m",England,Defender - Centre-Back,right,NA,Barnsley FC,"Jul 2, 2019","Jun 30, 2023",NA,NA,,NA,NA,NA,NA,NA
Liam James Kitching,"Oct 1, 1999",Harrogate,22,"1,86 m",England Ireland,Defender - Centre-Back,left,FullNinety,Barnsley FC,"Jan 5, 2021","Jun 30, 2025",NA,NA,,NA,NA,NA,NA,NA
Clarke Sydney Omondi Oduor,"Jun 25, 1999",Siaya,22,"1,79 m",Kenya England,Defender - Left-Back,left,YMU Group,Barnsley FC,"Aug 8, 2019","Jun 30, 2023",NA,NA,,NA,NA,NA,NA,NA
Benjamin Joseph Williams,"Mar 31, 1999",Preston,22,NA,Wales England,Defender - Left-Back,NA,Omni-Sports,Barnsley FC,"Jul 1, 2017","Jun 30, 2022",NA,"Mar 5, 2019",,NA,NA,NA,NA,NA
Callum James Brittain,"Mar 12, 1998",Bedford,23,"1,79 m",England,Defender - Right-Back,right,Omni-Sports,Barnsley FC,"Oct 10, 2020","Jun 30, 2023",club option 1 year,NA,,NA,NA,NA,NA,NA
Jordan Lee Williams,"Oct 22, 1999",Huddersfield,21,"1,79 m",England,Defender - Right-Back,right,NA,Barnsley FC,"Aug 8, 2018","Jun 30, 2023",club option 1 year,"Oct 8, 2020",,NA,NA,NA,NA,NA
Callum John Styles,"Mar 28, 2000",Bury,21,"1,67 m",England,midfield - Central Midfield,left,NA,Barnsley FC,"Aug 6, 2018","Jun 30, 2023",club option 1 year,"Aug 23, 2020",,NA,NA,NA,NA,NA
Romal Jordan Palmer,"Sep 30, 1998",Wigan,23,"1,81 m",England,midfield - Central Midfield,right,Midas Sports,Barnsley FC,"Jul 1, 2020","Jun 30, 2022",NA,NA,NA,NA,NA,NA,NA,NA
Carlton John Morris,"Dec 16, 1995",Cambridge,25,"1,85 m",England,attack - Centre-Forward,NA,ICM Stellar Sports,Barnsley FC,"Jan 6, 2021","Jun 30, 2023",Option for a further year,NA,,NA,NA,NA,NA,NA
Mamadou Obbi Oularé,"Jan 8, 1996",Waregem,25,"1,96 m",Belgium Guinea,attack - Centre-Forward,right,CAA Base Ltd,Barnsley FC,"Jul 26, 2021","Jun 30, 2024",NA,NA,,NA,Mamadou Oulare Obbi,NA,NA,NA
Devante Dewar-Cole,"May 10, 1995",Alderley Edge,26,"1,84 m",England Jamaica,attack - Centre-Forward,right,MRI,Barnsley FC,"Jul 1, 2021","Jun 30, 2024",NA,NA,,NA,NA,NA,NA,NA
Ayomide Victor Adeboyejo,"Jan 12, 1998",Ibadan,23,"1,78 m",Nigeria England,attack - Centre-Forward,NA,NA,Barnsley FC,"Nov 3, 2017","Jun 30, 2021",NA,"Dec 20, 2018",,NA,NA,NA,NA,NA
Ryan James Schofield,"Dec 11, 1999",Huddersfield,21,"1,90 m",England,Goalkeeper,right,SMI Sports Management,Huddersfield Town,"Jul 1, 2017","Jun 30, 2023",NA,"Oct 5, 2020",,NA,NA,NA,NA,NA
Lee Anthony Nicholls,"Oct 5, 1992",Liverpool,29,"1,91 m",England,Goalkeeper,right,Unique Sports Group,Huddersfield Town,"Jul 1, 2021","Jun 30, 2023",NA,NA,,NA,NA,NA,NA,NA
Nicholas Bilokapić,"Sep 8, 2002",NA,19,"2,04 m",Australia Croatia,Goalkeeper,right,NA,Huddersfield Town,"Jul 1, 2021","Jun 30, 2023",NA,"Nov 11, 2020",NA,NA,NA,NA,NA,NA
Mouhamadou-Naby Sarr,"Aug 13, 1993",Marseille,28,"1,96 m",Senegal France,Defender - Centre-Back,left,Extra Time Sports U.K.,Huddersfield Town,"Sep 11, 2020","Jun 30, 2022",NA,NA,,NA,NA,NA,NA,NA
Thomas James Lees,"Nov 28, 1990",Warwick,30,"1,85 m",England,Defender - Centre-Back,right,New Era Global Sports,Huddersfield Town,"Aug 1, 2021","Jun 30, 2023",club option 1 year,NA,NA,NA,NA,NA,NA,NA
Matthew Joe Pearson,"Aug 3, 1993",Keighley,28,"1,90 m",England,Defender - Centre-Back,right,Unique Sports Group,Huddersfield Town,"Jul 1, 2021","Jun 30, 2024",NA,NA,,NA,NA,NA,NA,NA
Levi Lemar Samuel Colwill,"Feb 26, 2003",Southampton,18,"1,87 m",England,Defender - Centre-Back,left,First Access Sports,Huddersfield Town,"Jul 1, 2021","May 31, 2022",NA,NA,,NA,NA,Chelsea FC U23,"Jun 30, 2025",NA
Harry Stefano Toffolo,"Aug 19, 1995",Welwyn Garden City,26,"1,83 m",England,Defender - Left-Back,left,Wasserman,Huddersfield Town,"Jan 17, 2020","Jun 30, 2022",club option 1 year,NA,,adidas,NA,NA,NA,NA
Joshua Andrew Bernard Ruffels,"Oct 23, 1993",Oxford,27,"1,78 m",England,Defender - Left-Back,left,Unique Sports Group,Huddersfield Town,"Jul 1, 2021","Jun 30, 2023",NA,NA,,NA,NA,NA,NA,NA
Oliver Anthony Turton,"Dec 6, 1992",Manchester,28,"1,80 m",England,Defender - Right-Back,right,Omni-Sports,Huddersfield Town,"Jul 1, 2021","Jun 30, 2023",NA,"Jun 3, 2021",NA,NA,NA,NA,NA,NA
Alexander Vallejo Mínguez,"Jan 16, 1992",Vitoria-Gasteiz,29,"1,91 m",Spain,midfield - Defensive Midfield,right,no agent,Huddersfield Town,"Oct 18, 2020","Jun 30, 2022",NA,"May 11, 2021",NA,NA,NA,NA,NA,NA
Lewis John O'Brien,"Oct 14, 1998",Colchester,23,"1,73 m",England,midfield - Central Midfield,left,Palm Sports Management,Huddersfield Town,"Jul 1, 2019","Jun 30, 2025",NA,"Sep 22, 2021",,NA,NA,NA,NA,NA
Jonathan Lee Hogg,"Dec 6, 1988",Middlesbrough,32,"1,76 m",England,midfield - Central Midfield,right,YMU Group,Huddersfield Town,"Jul 29, 2013","Jun 30, 2023",NA,"Feb 1, 2021",,NA,NA,NA,NA,NA
Scott John High,"Feb 15, 2001",Dewsbury,20,"1,77 m",Scotland England,midfield - Central Midfield,right,ICM Stellar Sports,Huddersfield Town,"Jan 1, 2021","Jun 30, 2025",club option 1 year,"May 31, 2021",NA,NA,NA,NA,NA,NA
Duane Octavious Holmes,"Nov 6, 1994","Columbus, Georgia",26,"1,73 m",United States England,midfield - Right Midfield,right,Two Touch Agency,Huddersfield Town,"Jan 25, 2021","Jun 30, 2024",Option for a further year,NA,,NA,NA,NA,NA,NA
Aaron Kevin Isaac Rowe,"Sep 7, 2000",London,21,NA,England Jamaica,midfield - Right Midfield,right,ICM Stellar Sports,Huddersfield Town,"Jul 1, 2020","Jun 30, 2024",NA,"Jul 1, 2021",NA,NA,NA,NA,NA,NA
Rolando James Aarons,"Nov 16, 1995",Kingston,25,"1,78 m",England Jamaica,attack - Left Winger,left,Colossal Sports Management,Huddersfield Town,"Jan 7, 2021","Jun 30, 2023",club option 1 year,NA,,NA,NA,NA,NA,NA
Daniel Grant,"Dec 23, 1999",Dublin,21,"1,78 m",Ireland,attack - Right Winger,right,Quorum Sports Advisors,Huddersfield Town,"Jan 2, 2021","Jun 30, 2023",club option 1 year,NA,NA,NA,NA,NA,NA,NA
Joshua Abdulai Koroma,"Nov 8, 1998",London,22,"1,78 m",England Sierra Leone,attack - Centre-Forward,right,Elite Project Group Ltd,Huddersfield Town,"Jul 1, 2019","Jun 30, 2022",NA,NA,,NA,NA,NA,NA,NA
Daniel Carl Ward,"Dec 11, 1991",Bradford,29,"1,80 m",England,attack - Centre-Forward,left,World in Motion,Huddersfield Town,"Aug 17, 2020","Jun 30, 2023",NA,NA,,NA,NA,NA,NA,NA
Jordan Luke Rhodes,"Feb 5, 1990",Oldham,31,"1,85 m",Scotland England,attack - Centre-Forward,right,YMU Group,Huddersfield Town,"Jul 1, 2021","Jun 30, 2024",NA,NA,NA,NA,NA,NA,NA,NA
Fraizer Lee Campbell,"Sep 13, 1987",Huddersfield,34,"1,72 m",England Jamaica,attack - Centre-Forward,right,CAA Base Ltd,Huddersfield Town,"Aug 12, 2019","Jun 30, 2022",Option for a further year,"May 11, 2021",,NA,NA,NA,NA,NA
Ademipo Ibrahim Odubeko,"Oct 21, 2002 Happy Birthday",Tallaght,19,"1,81 m",Ireland Nigeria,attack - Centre-Forward,right,Closeview Sports Management,Huddersfield Town,"Aug 30, 2021","May 31, 2022",NA,NA,,NA,NA,West Ham United U23,"Jun 30, 2023",NA
James William Shea,"Jun 16, 1991",London,30,"1,88 m",England Ireland,Goalkeeper,NA,World in Motion,Luton Town,"Jul 3, 2017","Jun 30, 2022",NA,"Oct 3, 2019",NA,NA,NA,NA,NA,NA
Harvey James Duke Isted,"Mar 5, 1997",Chichester,24,"1,85 m",England,Goalkeeper,NA,Wasserman,Luton Town,"Jul 25, 2017","Jun 30, 2022",NA,"May 16, 2018",NA,NA,NA,NA,NA,NA
Reece Frederick James Burke,"Sep 2, 1996",London,25,"1,89 m",England,Defender - Centre-Back,right,ICM Stellar Sports,Luton Town,"Jul 1, 2021","Jun 30, 2022",NA,NA,,NA,NA,NA,NA,NA
Thomas Alun Lockyer,"Dec 3, 1994",Cardiff,26,"1,84 m",Wales,Defender - Centre-Back,right,Wasserman,Luton Town,"Sep 1, 2020","Jun 30, 2022",NA,NA,,NA,NA,NA,NA,NA
Gabriel Jeremiah Adedayo Osho,"Aug 14, 1998",Reading,23,"1,85 m",England Nigeria,Defender - Centre-Back,right,Stonemountain Management,Luton Town,"Nov 18, 2020","Jun 30, 2022",NA,NA,,NA,NA,NA,NA,NA
Amari'i Kyren Bell,"May 5, 1994",Burton upon Trent,27,"1,80 m",Jamaica England,Defender - Left-Back,left,Wasserman,Luton Town,"Jul 1, 2021","Jun 30, 2022",NA,NA,,NA,NA,NA,NA,NA
Daniel Potts,"Apr 13, 1994",London,27,"1,73 m",England United States,Defender - Left-Back,left,ICM Stellar Sports,Luton Town,"Jul 1, 2015","Jun 30, 2022",NA,"Aug 2, 2018",,NA,NA,NA,NA,NA
Kallum Lachlan Naismith,"Feb 18, 1992",Glasgow,29,"1,86 m",Scotland,Defender - Left-Back,right,SMI Sports Management,Luton Town,"Jan 15, 2021","Jun 30, 2022",NA,NA,,NA,NA,NA,NA,NA
James Patrick Bree,"Dec 11, 1997",Wakefield,23,"1,78 m",England,Defender - Right-Back,right,Wasserman,Luton Town,"Sep 1, 2020","Jun 30, 2022",NA,NA,NA,NA,NA,NA,NA,NA
Glen Charles Rea,"Sep 3, 1994",Brighton,27,"1,84 m",Ireland England,midfield - Defensive Midfield,NA,Volenti,Luton Town,"Jul 1, 2016","Jun 30, 2022",NA,"Aug 7, 2020",NA,NA,NA,NA,NA,NA
Henri George Lansbury,"Oct 12, 1990",London,31,"1,83 m",England,midfield - Central Midfield,right,NA,Luton Town,"Jul 1, 2021","Jun 30, 2022",NA,NA,,NA,NA,NA,NA,NA
Luke David Berry,"Jul 12, 1992",Bassingbourn,29,"1,77 m",England,midfield - Central Midfield,right,Momentum Sports Management,Luton Town,"Aug 25, 2017","Jun 30, 2022",NA,"Aug 6, 2020",NA,NA,NA,NA,NA,NA
Elliot Morgan Thorpe,"Nov 9, 2000",Hinchingbrooke,20,"1,76 m",Wales England,midfield - Central Midfield,NA,Wasserman,Luton Town,"Sep 24, 2021",-,NA,NA,,NA,NA,NA,NA,NA
Wilfred Oluwafemi Onyedinma,"Nov 24, 1996",Lagos,24,"1,85 m",Nigeria England,midfield - Right Midfield,right,Elite Project Group Ltd,Luton Town,"Jul 1, 2021","Jun 30, 2022",NA,NA,NA,NA,NA,NA,NA,NA
Dion Enrico Pereira Greives,"Mar 25, 1999",Watford,22,"1,75 m",England Portugal,attack - Left Winger,left,Unique Sports Group,Luton Town,"Nov 3, 2020","Jun 30, 2022",NA,NA,,NA,NA,NA,NA,NA
Harry Charles Frederick Cornick,"Apr 9, 1995",Poole,26,"1,80 m",England,attack - Right Winger,NA,Volenti,Luton Town,"Aug 8, 2017","Jun 30, 2022",NA,"Jul 16, 2019",,NA,NA,NA,NA,NA
Jordan Charles Clark,"Sep 22, 1993",Hoyland,28,"1,83 m",England,attack - Right Winger,right,Momentum Sports Management,Luton Town,"Aug 5, 2020","Jun 30, 2022",NA,NA,NA,NA,NA,NA,NA,NA
Carlos Mendes Gomes,"Nov 14, 1998",Dakar,22,"1,78 m",Spain Senegal,attack - Right Winger,right,Autograph Sports Management,Luton Town,"Jul 1, 2021","Jun 30, 2023",NA,NA,,NA,NA,NA,NA,NA
Elijah Anuoluwapo Adebayo,"Jan 7, 1998",London,23,"1,93 m",England Nigeria,attack - Centre-Forward,NA,ICM Stellar Sports,Luton Town,"Feb 1, 2021","Jun 30, 2022",NA,NA,,NA,NA,NA,NA,NA
Cameron Zishan Rana-Jerome,"Aug 14, 1986",Huddersfield,35,"1,85 m",England Grenada,attack - Centre-Forward,right,CAA Base Ltd,Luton Town,"Jul 1, 2021","Jun 30, 2022",NA,NA,NA,NA,NA,NA,NA,NA
Daniel Thomas Hylton,"Feb 25, 1989",London,32,"1,83 m",England,attack - Centre-Forward,right,ICM Stellar Sports,Luton Town,"Jul 1, 2016","Jun 30, 2022",NA,"May 16, 2018",NA,NA,NA,NA,NA,NA
Admiral Dalindlela Muskwe,"Aug 21, 1998",Leicester,23,"1,83 m",Zimbabwe England,attack - Centre-Forward,right,NA,Luton Town,"Jul 15, 2021","Jun 30, 2022",NA,NA,,NA,NA,NA,NA,NA
Simon William Moore,"May 19, 1990",Sandown,31,"1,91 m",England,Goalkeeper,right,Wasserman,Coventry City,"Jul 3, 2021","Jun 30, 2024",NA,NA,,NA,NA,NA,NA,NA
Jake-Liam Clarke-Salter,"Sep 22, 1997",Carshalton,24,"1,88 m",England,Defender - Centre-Back,left,New Era Global Sports,Coventry City,"Aug 13, 2021","May 31, 2022",NA,NA,,NA,NA,Chelsea FC,"Jun 30, 2022",NA
Dominic John Hyam,"Dec 20, 1995",Leuchars,25,"1,88 m",Scotland England,Defender - Centre-Back,right,NA,Coventry City,"Jul 1, 2017","Jun 30, 2022",Option for a further year,"Dec 19, 2019",NA,NA,NA,NA,NA,NA
Michael Alexander Rose,"Oct 11, 1995",Bridge of Don,26,"1,88 m",Scotland,Defender - Centre-Back,right,JM Sports,Coventry City,"Jul 1, 2019","Jun 30, 2023",NA,"Oct 1, 2020",NA,NA,NA,NA,NA,NA
Kyle John McFadzean,"Feb 20, 1987",Sheffield,34,"1,85 m",England,Defender - Centre-Back,right,Fifteen Eleven Management,Coventry City,"Jul 1, 2019","Jun 30, 2022",NA,NA,,NA,NA,NA,NA,NA
Joshua David Pask,"Nov 1, 1997",London,23,"1,87 m",England,Defender - Centre-Back,right,CAA Base Ltd,Coventry City,"Jul 1, 2019","Jun 30, 2022",NA,NA,NA,NA,NA,NA,NA,NA
Joshua Kelman Reid,"May 3, 2002",Dingwall,19,"1,81 m",Scotland,Defender - Left-Back,left,Deadline Day Soccer Group,Coventry City,"Jan 28, 2021","Jun 30, 2024",NA,NA,NA,NA,NA,NA,NA,NA
Ian Ethan Maatsen,"Mar 10, 2002",Vlaardingen,19,"1,73 m",Netherlands Suriname,Defender - Left-Back,left,Unique Sports Group,Coventry City,"Jul 30, 2021","May 31, 2022",NA,NA,,NA,NA,Chelsea FC U23,"Jun 30, 2024",NA
Todd Arthur Lucien Kane,"Sep 17, 1993",Huntingdon,28,"1,80 m",England Scotland,Defender - Right-Back,right,CAA Base Ltd,Coventry City,"Aug 31, 2021","Jun 30, 2023",NA,NA,,NA,NA,NA,NA,NA
Sheik Mohamed Fankaty Dabo,"Oct 11, 1995",London,26,"1,81 m",England Sierra Leone,Defender - Right-Back,right,NA,Coventry City,"Jul 1, 2019","Jun 30, 2023",NA,"Sep 25, 2020",,NA,NA,NA,NA,NA
Julien Joachim Da Costa,"May 29, 1996",Marseille,25,"1,82 m",France Senegal,Defender - Right-Back,right,Wasserman,Coventry City,"Jul 6, 2020","Jun 30, 2023",NA,NA,,NA,NA,NA,NA,NA
Gustavo Martin Emilio Hamer,"Jun 24, 1997",Itajai,24,"1,69 m",Netherlands Brazil,midfield - Defensive Midfield,right,Wasserman,Coventry City,"Jul 3, 2020","Jun 30, 2023",NA,NA,,adidas,NA,NA,NA,NA
Benjamin David Sheaf,"Feb 5, 1998",Eynsford,23,"1,85 m",England,midfield - Defensive Midfield,right,Crown Football Ltd,Coventry City,"Jul 1, 2021","Jun 30, 2024",NA,NA,NA,NA,NA,NA,NA,NA
Joshua Elliot Eccles,"Apr 6, 2000",Coventry,21,"1,81 m",England,midfield - Defensive Midfield,right,KIN Partners,Coventry City,"Jul 1, 2020","Jun 30, 2022",NA,NA,NA,NA,NA,NA,NA,NA
Liam Mark Kelly,"Feb 10, 1990",Milton Keynes,31,"1,87 m",Scotland England,midfield - Central Midfield,right,KIN Partners,Coventry City,"Jul 1, 2017","Jun 30, 2023",NA,"Jul 3, 2018",NA,NA,NA,NA,NA,NA
Jamie Paul Allen,"Jan 29, 1995",Rochdale,26,"1,80 m",England,midfield - Central Midfield,right,Unique Sports Group,Coventry City,"Jul 1, 2019","Jun 30, 2022",NA,NA,NA,NA,NA,NA,NA,NA
Jordan Mark Edward James Shipley,"Sep 26, 1997",Leamington Spa,24,"1,83 m",Ireland England,midfield - Left Midfield,left,NA,Coventry City,"Jul 1, 2016","Jun 30, 2022",NA,"Aug 29, 2019",,NA,NA,NA,NA,NA
Callum Luke O'Hare,"May 1, 1998",Solihull,23,"1,73 m",England Ireland,midfield - Attacking Midfield,right,Wasserman,Coventry City,"Jul 15, 2020","Jun 30, 2023",NA,NA,,NA,NA,NA,NA,NA
Wesley Georges Jobello,"Jan 23, 1994",Gennevilliers,27,"1,80 m",Martinique France,attack - Left Winger,right,USM GROUP,Coventry City,"Jul 1, 2019","Jun 30, 2022",NA,NA,,NA,NA,NA,NA,NA
Jodi Jay Felice Jones,"Oct 22, 1997",London,23,"1,77 m",England Malta,attack - Right Winger,left,YMU Group,Coventry City,"Jul 1, 2016","Jun 30, 2022",NA,"Feb 18, 2020",,NA,NA,NA,NA,NA
Martyn Thomas Waghorn,"Jan 23, 1990",South Shields,31,"1,77 m",England,attack - Centre-Forward,left,Wasserman,Coventry City,"Jul 2, 2021","Jun 30, 2023",NA,NA,,NA,NA,NA,NA,NA
Viktor Einar Gyökeres,"Jun 4, 1998",NA,23,"1,87 m",Sweden Hungary,attack - Centre-Forward,NA,NSKY,Coventry City,"Jul 9, 2021","Jun 30, 2024",NA,NA,,NA,NA,NA,NA,NA
Matthew James Godden,"Jul 29, 1991",Canterbury,30,"1,85 m",England,attack - Centre-Forward,right,NA,Coventry City,"Aug 6, 2019","Jun 30, 2022",NA,NA,,NA,NA,NA,NA,NA
Tyler Andrew Walker,"Oct 17, 1996",Nottingham,25,"1,79 m",England,attack - Centre-Forward,right,Wasserman,Coventry City,"Aug 28, 2020","Jun 30, 2023",NA,NA,,NA,NA,NA,NA,NA
Fábio André Tavares Desidério,"Jan 22, 2001",Matosinhos,20,"1,78 m",Portugal England,attack - Centre-Forward,right,Unique Sports Group,Coventry City,"Feb 1, 2021","Jun 30, 2023",NA,"Jun 19, 2020",,NA,NA,NA,NA,Coventry City U23
Christopher Ethan Maxwell,"Jul 30, 1990",St Asaph,31,"1,85 m",Wales Scotland,Goalkeeper,right,Crown Football Ltd,Blackpool FC,"Jan 24, 2020","Jun 30, 2023",club option 1 year,"Jun 16, 2020",,NA,NA,NA,NA,NA
Stuart John Moore,"Sep 8, 1994",Sandown,27,"1,87 m",England,Goalkeeper,NA,Wasserman,Blackpool FC,"Feb 26, 2021","Jun 30, 2022",NA,"Jun 10, 2021",,NA,NA,NA,NA,NA
Daniel James Grimshaw,"Jan 16, 1998",Manchester,23,"1,85 m",England,Goalkeeper,right,Unique Sports Group,Blackpool FC,"Jul 1, 2021","Jun 30, 2023",NA,NA,,NA,NA,NA,NA,NA
Marvin Akpereogene Paul Edem Ekpiteta,"Aug 26, 1995",Enfield,26,"1,93 m",England Nigeria,Defender - Centre-Back,right,Elite Management Agency,Blackpool FC,"Jul 8, 2020","Jun 30, 2022",NA,NA,,NA,NA,NA,NA,NA
Daníel Leó Grétarsson Schmidt,"Oct 2, 1995",Grindavík,26,"1,85 m",Iceland,Defender - Centre-Back,left,ICM Stellar Sports,Blackpool FC,"Oct 5, 2020","Jun 30, 2022",NA,NA,NA,NA,NA,NA,NA,NA
Richard John Keogh,"Aug 11, 1986",Harlow,35,"1,88 m",Ireland England,Defender - Centre-Back,right,Emimel Sports Management,Blackpool FC,"Jul 17, 2021","Jun 30, 2022",Option for a further year,NA,NA,NA,NA,NA,NA,NA
Oliver Joseph Casey,"Dec 19, 2000",Leeds,20,"1,88 m",England,Defender - Centre-Back,right,NA,Blackpool FC,"Jul 1, 2021","Jun 30, 2024",Option for a further year,NA,,NA,NA,NA,NA,NA
James Andrew Husband,"Jan 3, 1994",Leeds,27,"1,79 m",England,Defender - Left-Back,left,InterLex Sport,Blackpool FC,"Jan 25, 2020","Jun 30, 2023",Option for a further year,"Jun 14, 2021",NA,NA,NA,NA,NA,NA
Luke Samuel Garbutt,"May 21, 1993",Harrogate,28,"1,80 m",England,Defender - Left-Back,left,Wasserman,Blackpool FC,"Sep 22, 2020","Jun 30, 2023",Option for a further year,"Jun 10, 2021",,adidas,NA,NA,NA,NA
Demetri Karim Mitchell,"Jan 11, 1997",Manchester,24,"1,79 m",England,Defender - Left-Back,left,NA,Blackpool FC,"Sep 4, 2020","Jun 30, 2022",Option for a further year,NA,,NA,NA,NA,NA,NA
Dujon Henriques Sterling,"Oct 24, 1999",London,21,"1,86 m",England Jamaica,Defender - Right-Back,right,Progress Manage,Blackpool FC,"Aug 31, 2021","May 31, 2022",NA,NA,,Nike,NA,Chelsea FC U23,"Jun 30, 2023",NA
Jordan Jay Lawrence-Gabriel,"Sep 25, 1998",London,23,"1,79 m",England St. Lucia,Defender - Right-Back,right,NA,Blackpool FC,"Aug 31, 2021","Jun 30, 2025",club option 1 year,NA,,NA,NA,NA,NA,NA
Teddy William Howe,"Oct 9, 1998",Oxford,23,"1,77 m",England,Defender - Right-Back,right,PIR,Blackpool FC,"Jan 31, 2020","Jun 30, 2022",NA,NA,NA,NA,NA,NA,NA,NA
Callum Alexander Connolly,"Sep 23, 1997",Liverpool,24,"1,83 m",England,midfield - Defensive Midfield,right,Wasserman,Blackpool FC,"Jul 1, 2021","Jun 30, 2023",Option for a further year,NA,,NA,NA,NA,NA,NA
Kevin Linford Levi Stewart,"Sep 7, 1993",London,28,"1,82 m",Jamaica England,midfield - Defensive Midfield,NA,New Vision,Blackpool FC,"Jan 23, 2021","Jun 30, 2023",Option for a further year,"Jun 30, 2021",,NA,NA,NA,NA,NA
Kenneth William Dougall,"May 7, 1993",Brisbane,28,"1,82 m",Australia Scotland,midfield - Defensive Midfield,right,Juzzt Football,Blackpool FC,"Oct 16, 2020","Jun 30, 2022",NA,NA,,NA,NA,NA,NA,NA
Matthew Joseph Virtue Thick,"May 2, 1997",Epsom,24,"1,75 m",England,midfield - Defensive Midfield,right,PIR,Blackpool FC,"Jan 31, 2019","Jun 30, 2023",club option 1 year,"Oct 22, 2020",NA,NA,NA,NA,NA,NA
Ryan Frank Wintle,"Jun 13, 1997",Newcastle-under-Lyme,24,"1,80 m",England,midfield - Defensive Midfield,right,SMI Sports Management,Blackpool FC,"Aug 28, 2021","May 31, 2022",NA,NA,,NA,NA,Cardiff City,"Jun 30, 2024",NA
Grant Antony Ward,"Dec 5, 1994",London,26,"1,78 m",England,midfield - Right Midfield,right,Unique Sports Group,Blackpool FC,"Dec 28, 2019","Jun 30, 2022",NA,"Jun 3, 2021",,NA,NA,NA,NA,NA
Komi Keshi Anderson,"Apr 6, 1995",Luton,26,"1,75 m",England Nigeria,attack - Left Winger,right,Elite Management Agency,Blackpool FC,"Jul 1, 2020","Jun 30, 2022",NA,NA,,NA,NA,NA,NA,NA
Christopher Nathan Hamilton,"Mar 23, 1995",London,26,"1,85 m",England,attack - Left Winger,left,New Era Global Sports,Blackpool FC,"Jul 22, 2020","Jun 30, 2023",NA,NA,NA,NA,NA,NA,NA,NA
Beryly Logos Lubala,"Jan 8, 1998",NA,23,"1,77 m",DR Congo England,attack - Left Winger,right,NA,Blackpool FC,"Sep 1, 2020","Jun 30, 2023",club option 1 year,NA,NA,NA,NA,NA,NA,NA
Joshua Luke Bowler,"Mar 5, 1999",Chertsey,22,"1,75 m",England,attack - Right Winger,left,Straight Ace Sports,Blackpool FC,"Jul 1, 2021","Jun 30, 2022",Option for a further year,NA,,NA,NA,NA,NA,NA
Gary Lee Madine,"Aug 24, 1990",Gateshead,31,"1,91 m",England,attack - Centre-Forward,right,ICM Stellar Sports,Blackpool FC,"Jan 16, 2020","Jun 30, 2022",Option for a further year,"Jun 23, 2021",,NA,NA,NA,NA,NA
Jerry Arron Yates,"Nov 10, 1996",Doncaster,24,"1,75 m",England,attack - Centre-Forward,right,New Era Global Sports,Blackpool FC,"Jul 21, 2020","Jun 30, 2024",Option for a further year,"Jul 23, 2021",,NA,NA,NA,NA,NA
Joseph Nuttall,"Jan 27, 1997",Manchester,24,"1,82 m",England,attack - Centre-Forward,right,Major League Sports Management,Blackpool FC,"Aug 1, 2019","Jun 30, 2022",NA,NA,,NA,NA,NA,NA,NA
Oliver Šarkić,"Jul 23, 1997",Grimsby,24,"1,84 m",Montenegro England,attack - Centre-Forward,right,Unique Sports Group,Blackpool FC,"Jul 9, 2020","Jun 30, 2022",NA,NA,NA,NA,NA,NA,NA,NA
Shayne Francis Lavery,"Dec 8, 1998",Lurgan,22,"1,80 m",Northern Ireland,attack - Centre-Forward,right,NA,Blackpool FC,"Jul 1, 2021","Jun 30, 2023",NA,NA,NA,NA,NA,NA,NA,NA
Tyreece Romayo John-Jules,"Feb 14, 2001",London,20,"1,83 m",England Dominica,attack - Centre-Forward,right,NA,Blackpool FC,"Jul 29, 2021","May 31, 2022",NA,NA,,Nike,NA,Arsenal FC U23,-,NA
Matthew Robert Ingram,"Dec 18, 1993",High Wycombe,27,"1,90 m",England,Goalkeeper,left,NA,Hull City,"Jul 1, 2019","Jun 30, 2022",Option for a further year,NA,NA,NA,NA,NA,NA,NA
Nathan Joseph Baxter,"Nov 8, 1998",London,22,"1,91 m",England,Goalkeeper,right,Wasserman,Hull City,"Jul 1, 2021","May 31, 2022",NA,NA,,NA,NA,Chelsea FC U23,"Jun 30, 2023",NA
Di'Shon Joel Bernard,"Oct 14, 2000",London,21,"1,87 m",England,Defender - Centre-Back,right,Omni-Sports,Hull City,"Jul 30, 2021","May 31, 2022",NA,NA,,NA,NA,Manchester United U23,"Jun 30, 2024",NA
Jacob John Greaves,"Sep 12, 2000",Cottingham,21,"1,87 m",England,Defender - Centre-Back,right,ICM Stellar Sports,Hull City,"Jul 1, 2020","Jun 30, 2023",NA,"Nov 12, 2020",,NA,NA,NA,NA,NA
Alfie Charles Jones,"Oct 7, 1997",Bristol,24,"1,91 m",England,Defender - Centre-Back,right,Wasserman,Hull City,"Sep 4, 2020","Jun 30, 2023",club option 1 year,"Jun 9, 2021",NA,NA,NA,NA,NA,NA
Sean Desmond McLoughlin,"Nov 13, 1996",Cork,24,"1,91 m",Ireland,Defender - Centre-Back,left,FFP,Hull City,"Jul 26, 2019","Jun 30, 2022",NA,NA,NA,NA,NA,NA,NA,NA
Callum Roddie Elder,"Jan 27, 1995",Sydney,26,"1,80 m",Australia England,Defender - Left-Back,left,New Era Global Sports,Hull City,"Aug 8, 2019","Jun 30, 2022",club option 1 year,NA,,NA,NA,NA,NA,NA
Brandon James Fleming,"Dec 3, 1999",Dewsbury,21,"1,75 m",England,Defender - Left-Back,left,NA,Hull City,"Jul 1, 2019","Jun 30, 2021",NA,NA,NA,NA,NA,NA,NA,NA
Lewie Jacob Coyle,"Oct 15, 1995",Hull,26,"1,73 m",England,Defender - Right-Back,right,Major League Sports Management,Hull City,"Aug 7, 2020","Jun 30, 2023",NA,NA,,NA,NA,NA,NA,NA
Joshua Oluwadurotimi Emmanuel,"Aug 18, 1997",London,24,"1,80 m",England Nigeria,Defender - Right-Back,right,Wasserman,Hull City,"Aug 7, 2020","Jun 30, 2022",Option for a further year,NA,,NA,NA,NA,NA,NA
Matthew Robert Smith,"Nov 22, 1999",Redditch,21,"1,75 m",Wales England,midfield - Defensive Midfield,right,ICM Stellar Sports,Hull City,"Aug 6, 2021","May 31, 2022",NA,NA,,NA,NA,Manchester City U23,"Jun 30, 2023",NA
Thomas Andrew Huddlestone,"Dec 28, 1986",Nottingham,34,"1,88 m",England,midfield - Defensive Midfield,right,Panthera Sports,Hull City,"Aug 17, 2021","Jun 30, 2022",club option 1 year,NA,,adidas,NA,NA,NA,NA
Greg Alexander Docherty,"Sep 10, 1996",Milngavie,25,"1,77 m",Scotland Ireland,midfield - Central Midfield,right,NA,Hull City,"Aug 20, 2020","Jun 30, 2023",club option 1 year,NA,,NA,NA,NA,NA,NA
George Anthony Moncur,"Aug 18, 1993",Swindon,28,"1,75 m",England,midfield - Central Midfield,right,10Ten Football,Hull City,"Jul 1, 2021","Jun 30, 2023",NA,NA,,NA,NA,NA,NA,NA
Andrew Francis Cannon,"Mar 14, 1996",Tameside,25,"1,76 m",England,midfield - Central Midfield,right,PIR,Hull City,"Jul 1, 2021","Jun 30, 2023",NA,NA,,NA,NA,NA,NA,NA
Randell Alphonso Williams,"Dec 30, 1996",London,24,"1,73 m",England,midfield - Right Midfield,NA,ANTHONY FINNIGAN T/A PLAYERS,Hull City,"Jul 1, 2021","Jun 30, 2023",NA,NA,NA,NA,NA,NA,NA,NA
George Christopher Honeyman,"Sep 8, 1994",Prudhoe,27,"1,73 m",England,midfield - Attacking Midfield,right,FFP,Hull City,"Aug 2, 2019","Jun 30, 2022",club option 1 year,NA,,NA,NA,NA,NA,NA
Keane William Lewis-Potter,"Feb 22, 2001",Hull,20,"1,70 m",England,attack - Left Winger,right,Major League Sports Management,Hull City,"Jul 1, 2018","Jun 30, 2023",club option 1 year,"Jan 18, 2021",,NA,NA,NA,NA,NA
Mallik Rashaun Coley Wilks,"Dec 15, 1998",Leeds,22,"1,83 m",England,attack - Right Winger,left,YMU Group,Hull City,"Jul 2, 2020","Jun 30, 2022",club option 1 year,NA,,NA,NA,NA,NA,NA
Ryan James Longman,"Nov 6, 2000",Redhill,20,"1,80 m",England,attack - Right Winger,right,Dirk Hebel,Hull City,"Jul 7, 2021","May 31, 2022",NA,NA,,NA,NA,Brighton & Hove Albion U23,"Jun 30, 2023",NA
Joshua Brendan David Magennis,"Aug 15, 1990",Bangor,31,"1,88 m",Northern Ireland,attack - Centre-Forward,right,The Endgame Group,Hull City,"Aug 8, 2019","Jun 30, 2022",NA,"May 18, 2021",,Nike,NA,NA,NA,NA
Thomas James Eaves,"Dec 4, 1992",Liverpool,28,"1,91 m",England,attack - Centre-Forward,right,New Vision,Hull City,"Jul 10, 2019","Jun 30, 2022",club option 1 year,NA,NA,NA,NA,NA,NA,NA
Tyler Gavin Junior Smith,"Dec 4, 1998",Sheffield,22,"1,78 m",England,attack - Centre-Forward,right,Unique Sports Group,Hull City,"Aug 27, 2021","Jun 30, 2023",NA,NA,NA,NA,NA,NA,NA,NA
Christy James Pym,"Apr 24, 1995",Exeter,26,"1,83 m",England,Goalkeeper,right,Unique Sports Group,Peterborough United,"Jul 1, 2019","Jun 30, 2024",NA,"May 27, 2021",NA,NA,NA,NA,NA,NA
David Joseph Cornell,"Mar 28, 1991",Waunarlwydd,30,"1,86 m",Wales,Goalkeeper,right,SSG,Peterborough United,"Jul 1, 2021","Jun 30, 2023",NA,NA,NA,NA,NA,NA,NA,NA
William Oliver Blackmore,"Mar 13, 2003",NA,18,"1,85 m",England,Goalkeeper,right,NA,Peterborough United,"Aug 7, 2020","Jun 30, 2022",NA,NA,NA,NA,NA,NA,NA,NA
Joshua Michael Knight,"Sep 7, 1997",Leicester,24,"1,85 m",England,Defender - Centre-Back,right,Midas Sports,Peterborough United,"Jul 2, 2021","Jun 30, 2024",NA,NA,,NA,NA,NA,NA,NA
Nathan Michael Thompson,"Nov 9, 1990",Chester,30,"1,77 m",England Wales,Defender - Centre-Back,right,Elite Management Agency,Peterborough United,"Aug 16, 2019","Jun 30, 2023",Option for a further year,"May 21, 2021",,NA,NA,NA,NA,NA
Mark Geoffrey Beevers,"Nov 21, 1989",Barnsley,31,"1,93 m",England,Defender - Centre-Back,left,NA,Peterborough United,"Jul 1, 2019","Jun 30, 2024",NA,"Jun 22, 2021",,NA,NA,NA,NA,NA
Frankie James Kent,"Nov 21, 1995",London,25,"1,88 m",England,Defender - Centre-Back,right,ICM Stellar Sports,Peterborough United,"Jul 1, 2019","Jun 30, 2024",NA,"May 20, 2021",NA,NA,NA,NA,NA,NA
Ronnie Lee Edwards,"Mar 28, 2003",Harlow,18,"1,80 m",England,Defender - Centre-Back,NA,Coda Independent Sports,Peterborough United,"Aug 10, 2020","Jun 30, 2025",NA,"May 18, 2021",NA,NA,NA,NA,NA,NA
Daniel Butler,"Aug 26, 1994",Cowes,27,"1,75 m",England,Defender - Left-Back,left,Elite Management Agency,Peterborough United,"Jul 1, 2019","Jun 30, 2024",NA,"May 21, 2021",,NA,NA,NA,NA,NA
Joseph Tomlinson,"Jun 9, 2000",NA,21,"1,67 m",England,Defender - Left-Back,NA,Elite Management Agency,Peterborough United,"Jul 29, 2021","Jun 30, 2024",NA,NA,,NA,NA,NA,NA,NA
Kyle Lennon Barker,"Dec 16, 2000",King's Lynn,20,"1,76 m",England,midfield - Defensive Midfield,left,NA,Peterborough United,"Jul 1, 2020","Jun 30, 2023",NA,"Jul 1, 2021",NA,NA,NA,NA,NA,NA
Jack Henry Philip Taylor,"Jun 23, 1998",London,23,"1,85 m",Ireland England,midfield - Central Midfield,right,Unique Sports Group,Peterborough United,"Jan 7, 2020","Jun 30, 2022",NA,NA,,NA,NA,NA,NA,NA
Jorge Edward Grant,"Dec 19, 1994",Oxford,26,"1,75 m",England,midfield - Central Midfield,right,Unique Sports Group,Peterborough United,"Jul 1, 2021","Jun 30, 2024",NA,NA,,NA,NA,NA,NA,NA
Oliver Lewis Norburn,"Oct 26, 1992",Bolton,28,"1,85 m",Grenada England,midfield - Central Midfield,right,366 Group,Peterborough United,"Aug 10, 2021","Jun 30, 2024",NA,NA,NA,NA,NA,NA,NA,NA
Joseph Ward,"Aug 22, 1995",Chelmsford,26,"1,67 m",England,midfield - Right Midfield,right,KIN Partners,Peterborough United,"Jan 10, 2018","Jun 30, 2023",NA,"Jan 2, 2021",,NA,NA,NA,NA,NA
Harrison James Burrows,"Jan 12, 2002",Peterborough,19,"1,80 m",England,midfield - Left Midfield,NA,KIN Partners,Peterborough United,"Jul 1, 2019","Jun 30, 2022",NA,"Feb 4, 2021",NA,NA,NA,NA,NA,NA
Joel John Randall,"Oct 29, 1999",Salisbury,21,"1,77 m",England,midfield - Left Midfield,right,Midas Sports,Peterborough United,"Aug 3, 2021","Jun 30, 2025",NA,NA,,NA,NA,NA,NA,NA
Samuel Joseph Szmodics,"Sep 24, 1995",Colchester,26,"1,68 m",Ireland England,midfield - Attacking Midfield,right,Select Sports Management,Peterborough United,"Sep 8, 2020","Jun 30, 2024",NA,NA,,NA,NA,NA,NA,NA
Kwame Afriyie Adubofour Poku,"Aug 11, 2001",London,20,"1,79 m",Ghana England,midfield - Attacking Midfield,left,Volenti,Peterborough United,"Aug 2, 2021","Jun 30, 2025",NA,NA,NA,NA,NA,NA,NA,NA
Ben Siriki Dembélé,"Sep 7, 1996",London,25,"1,73 m",Scotland Cote d'Ivoire,attack - Centre-Forward,right,Relatives,Peterborough United,"Jul 1, 2018","Jun 30, 2022",NA,NA,,NA,NA,NA,NA,NA
Jack David Marriott,"Sep 9, 1994",Beverley,27,"1,73 m",England,attack - Centre-Forward,right,10Ten Football,Peterborough United,"Jul 1, 2021","Jun 30, 2024",NA,NA,,NA,NA,NA,NA,NA
Jonson Scott Clarke-Harris,"Jul 21, 1994",Leicester,27,"1,83 m",England Jamaica,attack - Centre-Forward,left,SSG,Peterborough United,"Aug 27, 2020","Jun 30, 2024",NA,NA,NA,NA,NA,NA,NA,NA
