player_name,date_of_birth,place_of_birth,age,height,citizenship,position,foot,player_agent,current_club,joined,contract_expires,date_of_last_contract_extension,on_loan_from,contract_there_expires,social_media,outfitter,contract_option,x2nd_club
Joseph Charles Wildsmith,"Dec 28, 1995",Sheffield,25,"1,89 m",England,Goalkeeper,right,New Vision,Sheffield Wednesday,"Nov 27, 2013","Jun 30, 2022","Aug 9, 2017",NA,NA,NA,NA,NA,NA
Cheyenne Dunkley,"Feb 13, 1992",Wolverhampton,29,"1,88 m",Jamaica England,Defender - Centre-Back,right,Elite Management Agency,Sheffield Wednesday,"Aug 13, 2020","Jun 30, 2022",NA,NA,NA,,NA,NA,NA
Lewis Jack Gibson,"Jul 19, 2000",Durham,21,"1,85 m",England,Defender - Centre-Back,left,SEG,Sheffield Wednesday,"Aug 7, 2021","May 31, 2022",NA,Everton FC U23,-,,NA,NA,NA
Jaden Wavey Brown,"Jan 24, 1999",London,22,"1,75 m",England Jamaica,Defender - Left-Back,left,CAA Base Ltd,Sheffield Wednesday,"Jul 14, 2021","Jun 30, 2023",NA,NA,NA,,NA,NA,NA
Jack Paul Hunt,"Dec 6, 1990",Leeds,30,"1,75 m",England,Defender - Right-Back,right,New Era Global Sports,Sheffield Wednesday,"Jul 22, 2021","Jun 30, 2022",NA,NA,NA,,NA,Option for a further year,NA
Liam Jordan Palmer,"Sep 19, 1991",Worksop,30,"1,88 m",Scotland England,Defender - Right-Back,right,NA,Sheffield Wednesday,"Jul 1, 2010","Jun 30, 2022","Jun 21, 2019",NA,NA,NA,NA,NA,NA
Samuel Edward Hutchinson,"Aug 3, 1989",Windsor,32,"1,82 m",England,midfield - Defensive Midfield,right,Omni-Sports,Sheffield Wednesday,"Jan 25, 2021","Jun 30, 2022","May 20, 2021",NA,NA,NA,NA,NA,NA
Barry Ryan Bannan,"Dec 1, 1989",Airdrie,31,"1,69 m",Scotland,midfield - Central Midfield,left,SMI Sports Management,Sheffield Wednesday,"Aug 31, 2015","Jun 30, 2023","Aug 29, 2018",NA,NA,,NA,NA,NA
Massimo Corey Luongo,"Sep 25, 1992",Sydney,29,"1,76 m",Australia Italy,midfield - Central Midfield,right,NA,Sheffield Wednesday,"Aug 8, 2019","Jun 30, 2022",NA,NA,NA,,New Balance,NA,NA
George William Byers,"May 29, 1996",Ilford,25,"1,80 m",Scotland England,midfield - Central Midfield,right,Two Touch Agency,Sheffield Wednesday,"Aug 3, 2021","Jun 30, 2023",NA,NA,NA,,NA,NA,NA
Dennis Emmanuel Abiodun Adeniran,"Jan 2, 1999",London,22,"1,80 m",England Nigeria,midfield - Central Midfield,right,New Vision,Sheffield Wednesday,"Jul 10, 2021","Jun 30, 2023",NA,NA,NA,,NA,NA,NA
Joshua Dean Windass,"Jan 9, 1994",Kingston upon Hull,27,"1,75 m",England,midfield - Attacking Midfield,right,ICM Stellar Sports,Sheffield Wednesday,"Sep 2, 2020","Jun 30, 2023","Aug 10, 2021",NA,NA,,NA,NA,NA
Olamide Oluwatimilehin Baba Babatunde Oluwaka Shodipo,"Jul 5, 1997",Dublin,24,"1,76 m",Ireland England,attack - Left Winger,right,Wasserman,Sheffield Wednesday,"Jul 11, 2021","May 31, 2022",NA,Queens Park Rangers,"Jun 30, 2022",,NA,NA,NA
Korede Yemi Adedoyin,"Nov 14, 2000",Lagos,20,"1,84 m",Nigeria England,attack - Right Winger,left,Wonder Sports,Sheffield Wednesday,"Sep 12, 2020","Jun 30, 2022",NA,NA,NA,NA,Puma,NA,NA
Callum Thomas Owen Paterson,"Oct 13, 1994",London,27,"1,83 m",Scotland England,attack - Centre-Forward,right,NA,Sheffield Wednesday,"Sep 30, 2020","Jun 30, 2022",NA,NA,NA,,NA,NA,NA
Theodor Alexander Corbeanu,"May 17, 2002","Hamilton, Ontario",19,"1,90 m",Canada Romania,attack - Centre-Forward,NA,ICM Stellar Sports,Sheffield Wednesday,"Aug 2, 2021","May 31, 2022",NA,Wolverhampton Wanderers U23,"Jun 30, 2023",,NA,NA,NA
Lee Andrew Gregory,"Aug 26, 1988",Sheffield,33,"1,88 m",England,attack - Centre-Forward,NA,NA,Sheffield Wednesday,"Aug 5, 2021","Jun 30, 2023",NA,NA,NA,,NA,NA,NA
Christian Timothy Walton,"Nov 9, 1995",Truro,25,"1,95 m",England,Goalkeeper,left,Crown Football Ltd,Ipswich Town,"Aug 30, 2021","May 31, 2022",NA,Brighton & Hove Albion,-,,NA,NA,NA
Václav Hladký,"Nov 14, 1990",Brno,30,"1,92 m",Czech Republic,Goalkeeper,right,V&M agency,Ipswich Town,"Jul 1, 2021","Jun 30, 2024",NA,NA,NA,NA,NA,NA,NA
Tomáš Holý,"Dec 10, 1991",Rychnov nad Kněžnou,29,"2,06 m",Czech Republic,Goalkeeper,right,World in Motion,Ipswich Town,"Jul 1, 2019","Jun 30, 2022","Jul 6, 2020",NA,NA,,NA,NA,NA
Aristote Nsiala,"Mar 25, 1992",Kinshasa,29,"1,93 m",DR Congo Wales,Defender - Centre-Back,right,Wasserman,Ipswich Town,"Aug 8, 2018","Jun 30, 2022","May 10, 2021",NA,NA,,NA,NA,NA
Samuel George Alan Edmundson,"Aug 15, 1997",Manchester,24,"1,90 m",England,Defender - Centre-Back,right,World in Motion,Ipswich Town,"Jul 27, 2021","Jun 30, 2025",NA,NA,NA,,NA,NA,NA
Cameron Robert Burgess,"Oct 21, 1995 Happy Birthday",Aberdeen,26,"1,94 m",Australia Scotland,Defender - Centre-Back,NA,NA,Ipswich Town,"Aug 15, 2021","Jun 30, 2024",NA,NA,NA,,NA,club option 1 year,NA
Luke Matthew Woolfenden,"Oct 21, 1998 Happy Birthday",Ipswich,23,"1,93 m",England,Defender - Centre-Back,right,Refuel Performance Management,Ipswich Town,"Jul 1, 2017","Jun 30, 2024","Jul 1, 2020",NA,NA,,NA,Option for a further year,NA
Hayden Ross Coulson,"Jun 17, 1998",Gateshead,23,"1,72 m",England,Defender - Left-Back,left,ICM Stellar Sports,Ipswich Town,"Aug 9, 2021","May 31, 2022",NA,Middlesbrough FC,"Jun 30, 2023",NA,NA,NA,NA
Matthew Luke Penney,"Feb 11, 1998",Chesterfield,23,"1,72 m",England,Defender - Left-Back,left,NA,Ipswich Town,"Jul 1, 2021","Jun 30, 2023",NA,NA,NA,NA,NA,NA,NA
Kane Benjamin Vincent-Young,"Mar 15, 1996",London,25,"1,80 m",England,Defender - Right-Back,right,Panthera Sports,Ipswich Town,"Aug 19, 2019","Jun 30, 2023",NA,NA,NA,,NA,club option 1 year,NA
Rekeem Jordan Harper,"Mar 8, 2000",Birmingham,21,"1,83 m",England Jamaica,midfield - Central Midfield,right,Wasserman,Ipswich Town,"Jul 1, 2021","Jun 30, 2024",NA,NA,NA,,NA,club option 1 year,NA
Thomas James Carroll,"May 28, 1992",Watford,29,"1,77 m",England,midfield - Central Midfield,left,NA,Ipswich Town,"Aug 16, 2021","Jun 30, 2022",NA,NA,NA,,Nike,NA,NA
Samy Sayed Morsy,"Sep 10, 1991",Wolverhampton,30,"1,75 m",Egypt England,midfield - Central Midfield,right,NA,Ipswich Town,"Aug 31, 2021","Jun 30, 2024",NA,NA,NA,,NA,NA,NA
Jon Anthony Nolan,"Apr 22, 1992",Huyton,29,"1,75 m",England,midfield - Central Midfield,right,Wasserman,Ipswich Town,"Aug 8, 2018","Jun 30, 2022","Jul 6, 2020",NA,NA,NA,NA,NA,NA
Wesley James Burns,"Nov 23, 1994",Cardiff,26,"1,73 m",Wales,midfield - Right Midfield,right,ICM Stellar Sports,Ipswich Town,"Jul 1, 2021","Jun 30, 2024",NA,NA,NA,,NA,NA,NA
Kyle Hakeem Edwards,"Feb 17, 1998",Dudley,23,"1,78 m",England,midfield - Left Midfield,right,NA,Ipswich Town,"Aug 9, 2021","Jun 30, 2024",NA,NA,NA,,NA,club option 1 year,NA
Scott Stewart Fraser,"Mar 30, 1995",Dundee,26,"1,83 m",Scotland,midfield - Attacking Midfield,left,Omni-Sports,Ipswich Town,"Jul 14, 2021","Jun 30, 2024",NA,NA,NA,NA,NA,NA,NA
Omatsone Folarin Aluko,"Feb 19, 1989",London,32,"1,73 m",Nigeria England,attack - Second Striker,left,Wasserman,Ipswich Town,"Aug 6, 2021","Jun 30, 2022",NA,NA,NA,,NA,club option 1 year,NA
Macauley Miles Bonne,"Oct 26, 1995",Ipswich,25,"1,80 m",Zimbabwe England,attack - Centre-Forward,right,Oakmont Black Sports,Ipswich Town,"Jul 1, 2021","May 31, 2022",NA,Queens Park Rangers,"Jun 30, 2023",,NA,NA,NA
Louie Mark Barry,"Jun 21, 2003",Sutton Coldfield,18,"1,74 m",England Ireland,attack - Centre-Forward,right,Elite Management Agency,Ipswich Town,"Aug 6, 2021","May 31, 2022",NA,Aston Villa U23,"Jun 30, 2024",,Nike,NA,NA
Conor Mark Chaplin,"Feb 16, 1997",Worthing,24,"1,78 m",England,attack - Centre-Forward,left,ICM Stellar Sports,Ipswich Town,"Jul 27, 2021","Jun 30, 2024",NA,NA,NA,,NA,NA,NA
Kayden Pastel Dunn Jackson,"Feb 22, 1994",Bradford,27,"1,81 m",England,attack - Centre-Forward,right,Panthera Sports,Ipswich Town,"Aug 9, 2018","Jun 30, 2022","May 10, 2021",NA,NA,NA,NA,NA,NA
Joseph David Wozencroft Pigott,"Nov 24, 1993",Maidstone,27,"1,87 m",England,attack - Centre-Forward,right,Skillequal Ltd.,Ipswich Town,"Jul 12, 2021","Jun 30, 2024",NA,NA,NA,NA,NA,NA,NA
James Hammond Norwood,"Sep 5, 1990",Eastbourne,31,"1,78 m",England,attack - Centre-Forward,right,NA,Ipswich Town,"Jul 1, 2019","Jun 30, 2022",NA,NA,NA,,NA,Option for a further year,NA
Lee Stephen Burge,"Jan 9, 1993",Hereford,28,"1,90 m",England,Goalkeeper,left,World in Motion,Sunderland AFC,"Jul 3, 2019","Jun 30, 2021",NA,NA,NA,NA,NA,NA,NA
Frederik Alves Ibsen,"Nov 8, 1999",Hvidovre,21,"1,95 m",Denmark Brazil,Defender - Centre-Back,right,Elite Consulting,Sunderland AFC,"Aug 13, 2021","May 31, 2022",NA,West Ham United,"Jun 30, 2024",,NA,NA,NA
Bailey Colin Wright,"Jul 28, 1992",Melbourne,29,"1,86 m",Australia England,Defender - Centre-Back,right,Unique Sports Group,Sunderland AFC,"Aug 2, 2020","Jun 30, 2022",NA,NA,NA,,NA,NA,NA
Thomas Michael Flanagan,"Oct 21, 1991 Happy Birthday",London,30,"1,88 m",Northern Ireland England,Defender - Centre-Back,right,IWSM,Sunderland AFC,"Jul 1, 2018","Jun 30, 2022","Jul 24, 2020",NA,NA,NA,NA,NA,NA
Jordan Kenneth Willis,"Aug 24, 1994",Coventry,27,"1,80 m",England,Defender - Centre-Back,right,NA,Sunderland AFC,"Jul 13, 2019","Jun 30, 2021",NA,NA,NA,,NA,NA,NA
Callum Craig Doyle,"Oct 3, 2003",Manchester,18,NA,England,Defender - Centre-Back,left,NA,Sunderland AFC,"Jul 16, 2021","May 31, 2022",NA,Manchester City U23,-,NA,NA,NA,NA
Denver Jay Hume,"Aug 11, 1998",Northumberland,23,NA,England,Defender - Left-Back,left,KIN Partners,Sunderland AFC,"Jul 1, 2018","Jun 30, 2023","Apr 25, 2019",NA,NA,,NA,Option for a further year,NA
Niall Joseph Huggins,"Dec 18, 2000",York,20,"1,73 m",Wales England,Defender - Right-Back,right,SMI Sports Management,Sunderland AFC,"Aug 20, 2021","Jun 30, 2025",NA,NA,NA,,NA,NA,NA
Luke Terry O'Nien,"Nov 21, 1994",Hemel Hempstead,26,"1,74 m",England Singapore,midfield - Defensive Midfield,right,Unique Sports Group,Sunderland AFC,"Jul 30, 2018","Jun 30, 2024","Jul 6, 2021",NA,NA,,NA,NA,NA
Corry John Evans,"Jul 30, 1990",Belfast,31,"1,80 m",Northern Ireland,midfield - Central Midfield,right,YMU Group,Sunderland AFC,"Jul 15, 2021","Jun 30, 2023",NA,NA,NA,,NA,NA,NA
Elliot John Embleton,"Apr 2, 1999",Durham,22,"1,73 m",England,midfield - Central Midfield,right,NA,Sunderland AFC,"Jul 1, 2018","Jun 30, 2025","Oct 13, 2021",NA,NA,,NA,NA,NA
Daniel Neil,"Nov 30, 2001",South Shields,19,NA,England,midfield - Central Midfield,NA,Wasserman,Sunderland AFC,"Jul 1, 2021","Jun 30, 2023","Sep 29, 2020",NA,NA,NA,NA,NA,NA
Alex David Pritchard,"May 3, 1993",Orsett,28,"1,68 m",England,midfield - Attacking Midfield,right,Straight Ace Sports,Sunderland AFC,"Jul 9, 2021","Jun 30, 2023",NA,NA,NA,,Nike,NA,NA
Aiden John McGeady,"Apr 4, 1986",Denny,35,"1,80 m",Ireland Scotland,attack - Left Winger,both,Wasserman,Sunderland AFC,"Jul 13, 2017","Jun 30, 2022","Jun 30, 2021",NA,NA,NA,NA,NA,NA
Aiden Anthony O'Brien,"Oct 4, 1993",London,28,"1,80 m",Ireland England,attack - Left Winger,right,World in Motion,Sunderland AFC,"Jul 30, 2020","Jun 30, 2022",NA,NA,NA,,NA,NA,NA
Lynden Jack Gooch,"Dec 24, 1995","Santa Cruz, Kalifornien",25,"1,73 m",United States Ireland,attack - Right Winger,right,Wasserman,Sunderland AFC,"Jul 1, 2016","Jun 30, 2022","Dec 31, 2018",NA,NA,,NA,NA,NA
Nathan Paul Broadhead,"Apr 5, 1998",Bangor,23,"1,78 m",Wales,attack - Centre-Forward,right,NA,Sunderland AFC,"Aug 16, 2021","May 31, 2022",NA,Everton FC U23,"Jun 30, 2023",,NA,NA,NA
Ross Cameron Stewart,"Jul 11, 1996",Irvine,25,"1,88 m",Scotland,attack - Centre-Forward,right,NA,Sunderland AFC,"Jan 31, 2021","Jun 30, 2023",NA,NA,NA,NA,NA,NA,NA
Stephen Francis Henderson,"May 2, 1988",Dublin,33,"1,88 m",Ireland,Goalkeeper,right,NA,Charlton Athletic,"Sep 7, 2021","Jun 30, 2022",NA,NA,NA,,NA,NA,NA
Jason Daniel Pearce,"Dec 6, 1987",London,33,"1,85 m",England,Defender - Centre-Back,left,NA,Charlton Athletic,"Aug 4, 2016","Jun 30, 2022","Jun 22, 2021",NA,NA,,NA,NA,NA
Ryan Stuart Clayton Inniss,"Jun 5, 1995",London,26,"1,97 m",England Trinidad and Tobago,Defender - Centre-Back,right,Wasserman,Charlton Athletic,"Oct 13, 2020","Jun 30, 2022",NA,NA,NA,NA,NA,NA,NA
Akinlolu Richard Olamide Famewo,"Nov 9, 1998",London,22,"1,88 m",England Nigeria,Defender - Centre-Back,left,Elite Management Agency,Charlton Athletic,"Jul 8, 2021","May 31, 2022",NA,Norwich City,"Jun 30, 2023",,NA,Option to buy,NA
Samuel Mark Lavelle,"Oct 3, 1996",Blackpool,25,"1,88 m",Scotland England,Defender - Centre-Back,right,World in Motion,Charlton Athletic,"Aug 31, 2021","Jun 30, 2024",NA,NA,NA,,NA,NA,NA
Pape N'Diaye Souaré,"Jun 6, 1990",Mbao,31,"1,78 m",Senegal,Defender - Left-Back,left,no agent,Charlton Athletic,"Sep 6, 2021","Jun 30, 2022",NA,NA,NA,,NA,NA,NA
Christopher Ross Gunter,"Jul 21, 1989",Newport,32,"1,80 m",Wales,Defender - Right-Back,right,New Era Global Sports,Charlton Athletic,"Oct 8, 2020","Jun 30, 2022",NA,NA,NA,,NA,Option for a further year,NA
Adam James Matthews,"Jan 13, 1992",Swansea,29,"1,78 m",Wales,Defender - Right-Back,right,Wasserman,Charlton Athletic,"Sep 5, 2019","Jun 30, 2022","Oct 26, 2020",NA,NA,,NA,NA,NA
Charlie Mel Barker,"Feb 12, 2003",NA,18,NA,England,Defender - Right-Back,right,NA,Charlton Athletic,"Jul 1, 2020","Jun 30, 2023","Oct 2, 2020",NA,NA,NA,NA,NA,NA
George David Dobson,"Nov 15, 1997",Harold Wood,23,"1,85 m",England,midfield - Defensive Midfield,right,Omni-Sports,Charlton Athletic,"Jul 1, 2021","Jun 30, 2023",NA,NA,NA,,NA,NA,NA
Harry Nicholas Arter,"Dec 28, 1989",London,31,"1,77 m",Ireland England,midfield - Central Midfield,left,NA,Charlton Athletic,"Aug 31, 2021","May 31, 2022",NA,Nottingham Forest,"Jun 30, 2023",NA,NA,NA,NA
Sean James Kewku Clare,"Sep 18, 1996",London,25,"1,90 m",England,midfield - Central Midfield,right,NA,Charlton Athletic,"Jul 20, 2021","Jun 30, 2023",NA,NA,NA,,NA,NA,NA
Jake Dane Forster-Caskey,"Apr 25, 1994",Southend-on-Sea,27,"1,78 m",England,midfield - Central Midfield,left,Beswicks Sports Ltd,Charlton Athletic,"Jan 5, 2017","Jun 30, 2022","Jul 5, 2021",NA,NA,,NA,NA,NA
Alexander Scott Gilbey,"Dec 9, 1994",London,26,"1,83 m",England,midfield - Central Midfield,right,Elite Management Agency,Charlton Athletic,"Aug 12, 2020","Jun 30, 2023",NA,NA,NA,,NA,NA,NA
Benjamin Watson,"Jul 9, 1985",London,36,"1,78 m",England,midfield - Central Midfield,right,CAA Base Ltd,Charlton Athletic,"Sep 25, 2020","Jun 30, 2022","Jun 22, 2021",NA,NA,NA,NA,NA,NA
Albie Robert Morgan,"Feb 2, 2000",Rochester,21,"1,80 m",England,midfield - Attacking Midfield,right,NA,Charlton Athletic,"Jul 1, 2018","Jun 30, 2023","Jun 25, 2020",NA,NA,,NA,NA,NA
Charlie David Kirk,"Dec 24, 1997",Winsford,23,"1,85 m",England,attack - Left Winger,right,11WINS,Charlton Athletic,"Aug 12, 2021","Jun 30, 2025",NA,NA,NA,,NA,NA,NA
Corey Josiah Paul Blackett-Taylor,"Sep 23, 1997",Erdington,24,"1,80 m",England,attack - Left Winger,right,CAA Base Ltd,Charlton Athletic,"Aug 20, 2021","Jun 30, 2022",NA,NA,NA,,NA,NA,NA
Jonathan Kisolokele Leko,"Apr 24, 1999",Kinshasa,22,"1,82 m",England DR Congo,attack - Right Winger,right,Elite Management Agency,Charlton Athletic,"Aug 31, 2021","May 31, 2022",NA,Birmingham City,"Jun 30, 2023",,NA,NA,NA
Jayden Connor Stockley,"Sep 15, 1993",Poole,28,"1,88 m",England,attack - Centre-Forward,right,Two Touch Agency,Charlton Athletic,"Jul 1, 2021","Jun 30, 2024",NA,NA,NA,NA,NA,NA,NA
Elliot Robert Lee,"Dec 16, 1994",Durham,26,"1,80 m",England,attack - Centre-Forward,right,FullNinety,Charlton Athletic,"Aug 26, 2021","May 31, 2022",NA,Luton Town,-,,NA,NA,NA
Conor James Washington,"May 18, 1992",Chatham,29,"1,78 m",Northern Ireland England,attack - Centre-Forward,right,Elite Management Agency,Charlton Athletic,"Aug 13, 2020","Jun 30, 2022",NA,NA,NA,,NA,NA,NA
Ronnie Schwartz Nielsen,"Aug 29, 1989",Ulsted,32,"1,83 m",Denmark,attack - Centre-Forward,right,Elite Consulting,Charlton Athletic,"Jan 4, 2021","Jun 30, 2023",NA,NA,NA,NA,NA,NA,NA
Joshua Michael Blainey Davison,"Sep 16, 1999",London,22,NA,England,attack - Centre-Forward,NA,Two Touch Agency,Charlton Athletic,"Oct 18, 2019","Jun 30, 2022",NA,NA,NA,NA,NA,NA,NA
Benjamin Paul Amos,"Apr 10, 1990",Macclesfield,31,"1,80 m",England,Goalkeeper,right,Omni-Sports,Wigan Athletic,"Jul 1, 2021","Jun 30, 2023",NA,NA,NA,NA,NA,NA,NA
James Lewis Jones,"Feb 18, 1989",Kirkby,32,"1,91 m",England,Goalkeeper,right,Elite Management Agency,Wigan Athletic,"Aug 7, 2017","Jun 30, 2023","Jun 8, 2021",NA,NA,,NA,NA,NA
Curtis Anthony Tilt,"Aug 4, 1991",Walsall,30,"1,92 m",Jamaica England,Defender - Centre-Back,left,Unique Sports Group,Wigan Athletic,"Aug 31, 2021","May 31, 2022",NA,Rotherham United,"Jun 30, 2023",NA,NA,NA,NA
Jack David Vincent Whatmough,"Aug 19, 1996",Gosport,25,"1,84 m",England,Defender - Centre-Back,right,ICM Stellar Sports,Wigan Athletic,"Jul 1, 2021",-,NA,NA,NA,,NA,NA,NA
Kelland John William James Watts,"Nov 3, 1999",Alnwick,21,"1,92 m",England,Defender - Centre-Back,left,ICM Stellar Sports,Wigan Athletic,"Aug 9, 2021","May 31, 2022",NA,Newcastle United U23,"Jun 30, 2023",,Nike,NA,NA
Joseph Bennett,"Mar 28, 1990",Rochdale,31,"1,78 m",England,Defender - Left-Back,left,Omni-Sports,Wigan Athletic,"Aug 31, 2021","Jun 30, 2023",NA,NA,NA,,NA,NA,NA
Tom Mark Pearce,"Apr 12, 1998",Ormskirk,23,"1,85 m",England,Defender - Left-Back,left,Palm Sports Management,Wigan Athletic,"Aug 8, 2019","Jun 30, 2022",NA,NA,NA,,NA,NA,NA
Tendayi David Darikwa,"Dec 13, 1991",Nottingham,29,"1,88 m",Zimbabwe England,Defender - Right-Back,right,NA,Wigan Athletic,"Jan 11, 2021","Jun 30, 2023","Jul 1, 2021",NA,NA,,NA,NA,NA
Thomas Keith Naylor,"Jun 28, 1991",Kirkby in Ashfield,30,"1,81 m",England,midfield - Defensive Midfield,right,Fifteen Eleven Management,Wigan Athletic,"Jul 1, 2021","Jun 30, 2024",NA,NA,NA,,NA,NA,NA
Jordan Paul Cousins,"Mar 6, 1994",London,27,"1,86 m",Jamaica England,midfield - Central Midfield,right,Wasserman,Wigan Athletic,"Jul 1, 2021","Jun 30, 2023",NA,NA,NA,,NA,NA,NA
Thomas David Bayliss,"Apr 6, 1999",Leicester,22,"1,83 m",England,midfield - Central Midfield,right,CAA Base Ltd,Wigan Athletic,"Aug 27, 2021","May 31, 2022",NA,Preston North End,"Jun 30, 2023",,NA,NA,NA
Max Mcauley Power,"Jul 27, 1993",Birkenhead,28,"1,81 m",England,midfield - Central Midfield,right,Unique Sports Group,Wigan Athletic,"Jul 1, 2021","Jun 30, 2023",NA,NA,NA,,NA,NA,NA
James Joseph McClean,"Apr 22, 1989",Derry,32,"1,80 m",Ireland Northern Ireland,midfield - Left Midfield,left,Platinum One Group,Wigan Athletic,"Aug 17, 2021","Jun 30, 2022",NA,NA,NA,,NA,NA,NA
Thelonious Gerard Aasgaard,"May 2, 2002",Liverpool,19,"1,70 m",Norway England,midfield - Attacking Midfield,right,ICM Stellar Sports,Wigan Athletic,"Jul 1, 2020","Jun 30, 2023","Jan 11, 2021",NA,NA,NA,NA,NA,NA
Jordan Lewis Jones,"Oct 24, 1994",Redcar,26,"1,74 m",Northern Ireland England,attack - Left Winger,right,StormSportsX,Wigan Athletic,"Aug 4, 2021","Jun 30, 2024",NA,NA,NA,,NA,NA,NA
Gwion Dafydd Rhys Edwards,"Mar 1, 1993",Lampeter,28,"1,75 m",Wales,attack - Right Winger,right,CAA Base Ltd,Wigan Athletic,"Jul 1, 2021","Jun 30, 2023",NA,NA,NA,NA,NA,NA,NA
Gavin Alexander Massey,"Oct 14, 1992",Watford,29,"1,73 m",England,attack - Right Winger,right,Panthera Sports,Wigan Athletic,"Jul 6, 2017","Jun 30, 2022","May 17, 2019",NA,NA,,NA,NA,NA
Callum Joseph Lang,"Sep 8, 1998",Liverpool,23,"1,83 m",England,attack - Right Winger,right,FullNinety,Wigan Athletic,"Jul 1, 2017","Jun 30, 2022",NA,NA,NA,,NA,NA,NA
William David Keane,"Jan 11, 1993",Manchester,28,"1,88 m",Ireland England,attack - Centre-Forward,right,New Era Global Sports,Wigan Athletic,"Oct 9, 2020","Jun 30, 2023","Jun 2, 2021",NA,NA,,Nike,NA,NA
Charles Thomas Wyke,"Dec 6, 1992",Middlesbrough,28,"1,88 m",England,attack - Centre-Forward,right,SMI Sports Management,Wigan Athletic,"Jul 7, 2021","Jun 30, 2024",NA,NA,NA,,NA,NA,NA
Stephen Peter Humphrys,"Sep 15, 1997",Oldham,24,"1,84 m",England,attack - Centre-Forward,right,Omni-Sports,Wigan Athletic,"Jul 9, 2021","Jun 30, 2024",NA,NA,NA,,NA,NA,NA
Viktor Tobias Johansson,"Sep 14, 1998",Stockholm,23,"1,86 m",Sweden,Goalkeeper,NA,A.M.A. Sports Agency,Rotherham United,"Sep 2, 2020","Jun 30, 2022",NA,NA,NA,NA,NA,NA,NA
Joshua Anthony Vickers,"Dec 1, 1995",Brentwood,25,"1,93 m",England,Goalkeeper,NA,NA,Rotherham United,"Nov 6, 2020","Jun 30, 2023","Jun 1, 2021",NA,NA,,NA,NA,NA
Joshua Matthew Chapman,NA,Worksop,NA,NA,England,Goalkeeper,NA,NA,Rotherham United,"Jul 14, 2021","Jun 30, 2022",NA,NA,NA,NA,NA,Option for a further year,NA
Angus Lees MacDonald,"Oct 15, 1992",Winchester,29,"1,90 m",England Scotland,Defender - Centre-Back,right,Every Aspect,Rotherham United,"Aug 15, 2020","Jun 30, 2022",NA,NA,NA,,NA,NA,NA
Rarmani River Miguel Joseph Edmonds-Green,"Jan 14, 1999",Peckham,22,"1,81 m",England,Defender - Centre-Back,right,New Era Global Sports,Rotherham United,"Aug 4, 2021","May 31, 2022",NA,Huddersfield Town,"Jun 30, 2022",NA,NA,NA,NA
Michael Uzoukwu Absalom Jude Ihiekwe,"Nov 20, 1992",Liverpool,28,"1,85 m",England Nigeria,Defender - Centre-Back,right,Volenti,Rotherham United,"Jul 1, 2017","Jun 30, 2022","Oct 22, 2019",NA,NA,NA,NA,NA,NA
Richard Mark Wood,"Jul 5, 1985",Ossett,36,"1,91 m",England,Defender - Centre-Back,right,Quorum Sports Advisors,Rotherham United,"Jul 1, 2014","Jun 30, 2021",NA,NA,NA,NA,NA,NA,NA
Joseph William Mattock,"May 15, 1990",Leicester,31,"1,81 m",England,Defender - Left-Back,left,NA,Rotherham United,"Jul 1, 2015","Jun 30, 2022","May 15, 2019",NA,NA,NA,NA,NA,NA
Wesley Nathan Hylton Harding,"Oct 20, 1996",Leicester,25,"1,81 m",Jamaica England,Defender - Right-Back,right,Clover Sports,Rotherham United,"Aug 20, 2020","Jun 30, 2023",NA,NA,NA,,NA,NA,NA
Hakeem Ademola Odoffin,"Apr 13, 1998",Barnet,23,"1,91 m",England Nigeria,midfield - Defensive Midfield,right,366 Group,Rotherham United,"Aug 3, 2021","Jun 30, 2024",NA,NA,NA,NA,NA,NA,NA
Daniel Tan Barlaser,"Jan 18, 1997",Gateshead,24,"1,84 m",England Turkey,midfield - Central Midfield,right,SEG,Rotherham United,"Oct 2, 2020","Jun 30, 2023",NA,NA,NA,,NA,NA,NA
Benjamin Jack Wiles,"Apr 17, 1999",Rotherham,22,"1,72 m",England,midfield - Central Midfield,right,KIN Partners,Rotherham United,"Jul 1, 2017","Jun 30, 2023","Aug 14, 2020",NA,NA,NA,NA,NA,NA
Jamie William Lindsay,"Oct 11, 1995",Glasgow,26,"1,83 m",Scotland,midfield - Central Midfield,right,FullNinety,Rotherham United,"Jul 24, 2019","Jun 30, 2022",NA,NA,NA,NA,NA,NA,NA
Oliver Michael Rathbone,"Oct 10, 1996",Blackburn,25,"1,70 m",England,midfield - Central Midfield,right,Unique Sports Group,Rotherham United,"Aug 4, 2021","Jun 30, 2024",NA,NA,NA,,NA,NA,NA
Shane Kevin Ferguson,"Jul 12, 1991",Derry,30,"1,75 m",Northern Ireland,midfield - Left Midfield,left,Clover Sports,Rotherham United,"Jul 20, 2021","Jun 30, 2023",NA,NA,NA,NA,NA,NA,NA
Kieran Paul Sadlier,"Sep 14, 1994",Haywards Heath,27,"1,78 m",Ireland England,attack - Left Winger,right,Every Aspect,Rotherham United,"Aug 11, 2020","Jun 30, 2022",NA,NA,NA,,NA,NA,NA
William Donald Grigg,"Jul 3, 1991",Solihull,30,"1,80 m",Northern Ireland England,attack - Centre-Forward,right,366 Group,Rotherham United,"Aug 31, 2021","May 31, 2022",NA,Sunderland AFC,"Jun 30, 2022",,Nike,NA,NA
Michael John Smith,"Oct 17, 1991",Wallsend,30,"1,91 m",England,attack - Centre-Forward,NA,Elite Management Agency,Rotherham United,"Jan 11, 2018","Jun 30, 2022","Oct 11, 2018",NA,NA,NA,NA,NA,NA
Olayinka Fredrick Oladotun Ladapo,"Feb 1, 1993",Romford,28,"1,83 m",England Nigeria,attack - Centre-Forward,right,Full Contact,Rotherham United,"Jul 1, 2019","Jun 30, 2022",NA,NA,NA,NA,NA,NA,NA
Mickel Carlos Miller,"Dec 2, 1995",London,25,"1,73 m",England Jamaica,attack - Centre-Forward,left,Unique Sports Group,Rotherham United,"Jul 5, 2020","Jun 30, 2022",NA,NA,NA,NA,NA,NA,NA
Joshua Akinola Ogunfaolu-Kayode,"May 4, 2000",Lagos,21,"1,91 m",Ireland Nigeria,attack - Centre-Forward,NA,Beswicks Sports Ltd,Rotherham United,"Jul 1, 2018","Jun 30, 2022","Jan 10, 2020",NA,NA,NA,NA,NA,NA
Laurie Dean Walker,"Oct 14, 1989",Bedford,32,"1,96 m",England,Goalkeeper,NA,NA,Milton Keynes Dons,"Jul 1, 2019","Jun 30, 2022",NA,NA,NA,NA,NA,NA,NA
Andrew Lee Fisher,"Feb 12, 1998",NA,23,"1,83 m",England,Goalkeeper,right,Refuel Performance Management,Milton Keynes Dons,"Oct 16, 2020",-,NA,NA,NA,NA,NA,NA,NA
Franco Nahuel Ravizzoli,"Jul 9, 1997",NA,24,NA,Argentina,Goalkeeper,NA,Volenti,Milton Keynes Dons,"Jul 1, 2021",-,NA,NA,NA,,NA,NA,NA
Zak Kennedy Jules,"Jul 2, 1997",Islington,24,"1,90 m",Scotland England,Defender - Centre-Back,left,Unique Sports Group,Milton Keynes Dons,"Feb 1, 2021","Jun 30, 2023",NA,NA,NA,NA,NA,NA,NA
Warren Patrick O'Hora,"Apr 19, 1999",Dublin,22,"1,88 m",Ireland,Defender - Centre-Back,right,YMU Group,Milton Keynes Dons,"Jan 18, 2021",-,NA,NA,NA,,NA,NA,NA
Harry Jack Darling,"Aug 8, 1999",Cambridge,22,"1,80 m",England,Defender - Centre-Back,right,Elite Management Agency,Milton Keynes Dons,"Jan 22, 2021",-,NA,NA,NA,NA,NA,NA,NA
Dean Scott Lewington,"May 18, 1984",Kingston upon Thames,37,"1,80 m",England,Defender - Left-Back,left,NA,Milton Keynes Dons,"Jul 1, 2002","Jun 30, 2022","Mar 18, 2021",NA,NA,NA,NA,NA,NA
Tennai Rosharne Watson,"Mar 4, 1997",London,24,"1,85 m",England,Defender - Right-Back,right,Every Aspect,Milton Keynes Dons,"Jul 28, 2021","Jun 30, 2022",NA,NA,NA,,NA,NA,NA
Joshua Mark McEachran,"Mar 1, 1993",Oxford,28,"1,78 m",England Scotland,midfield - Central Midfield,left,Refuel Performance Management,Milton Keynes Dons,"Mar 1, 2021","Jun 30, 2021",NA,NA,NA,,NA,NA,NA
Matthew Sean O'Riley,"Nov 21, 2000",London,20,"1,87 m",England Denmark,midfield - Central Midfield,left,CAA Base Ltd,Milton Keynes Dons,"Jan 24, 2021",-,NA,NA,NA,,Nike,NA,NA
Hiram Kojo Kwarteng Boateng,"Jan 8, 1996",London,25,"1,82 m",England Ghana,midfield - Central Midfield,left,Sport First,Milton Keynes Dons,"Jul 1, 2019","Jun 30, 2022",NA,NA,NA,NA,NA,NA,NA
David Ayomide K. Kasumu,"Oct 5, 1999",London,22,"1,80 m",England Nigeria,midfield - Central Midfield,NA,YMU Group,Milton Keynes Dons,"Jul 1, 2018",-,NA,NA,NA,NA,NA,NA,NA
Scott Edward Twine,"Jul 14, 1999",Swindon,22,"1,74 m",England,midfield - Attacking Midfield,right,Momentum Sports Management,Milton Keynes Dons,"Jul 1, 2021",-,NA,NA,NA,NA,NA,NA,NA
Joshua Saul Martin,"Sep 9, 2001",Luton,20,"1,76 m",England Ireland,attack - Left Winger,right,Unique Sports Group,Milton Keynes Dons,"Jul 1, 2021","May 31, 2022",NA,Norwich City,"Jun 30, 2023",NA,NA,NA,NA
Troy Daniel Parrott,"Feb 4, 2002",Dublin,19,"1,85 m",Ireland,attack - Centre-Forward,right,Unique Sports Group,Milton Keynes Dons,"Jul 29, 2021","Jun 30, 2023",NA,Tottenham Hotspur U23,-,,NA,NA,NA
Mohamed Eisa,"Jul 12, 1994",Khartum,27,"1,83 m",Sudan England,attack - Centre-Forward,right,D&S Sports Management LTD,Milton Keynes Dons,"Jul 20, 2021",-,NA,NA,NA,,NA,NA,NA
Charles Daniel Brown,"Sep 23, 1999",Ipswich,22,NA,England,attack - Centre-Forward,left,Momentum Sports Management,Milton Keynes Dons,"Jan 13, 2021",-,NA,NA,NA,NA,NA,NA,NA
Max James Watters,"Mar 23, 1999",London,22,"1,88 m",England,attack - Centre-Forward,right,Wasserman,Milton Keynes Dons,"Jul 8, 2021","May 31, 2022",NA,Cardiff City,"Jun 30, 2024",NA,NA,NA,NA
Gavin Okeroghene Bazunu,"Feb 20, 2002",Dublin,19,"1,89 m",Ireland Nigeria,Goalkeeper,right,Gest Eleven,Portsmouth FC,"Jul 1, 2021","May 31, 2022",NA,Manchester City U23,"Jun 30, 2024",,NA,NA,NA
Alexander Michael Bass,"Apr 1, 1998",Huntingdon,23,"1,91 m",England,Goalkeeper,right,ICM Stellar Sports,Portsmouth FC,"Jul 1, 2016","Jun 30, 2023","Jan 16, 2020",NA,NA,,NA,NA,NA
Sean Aidan Raggett,"Jan 25, 1994",Gillingham,27,"1,96 m",England,Defender - Centre-Back,right,Elite Management Agency,Portsmouth FC,"Aug 3, 2020","Jun 30, 2022",NA,NA,NA,,NA,NA,NA
Paul Michael Downing,"Oct 26, 1991",Taunton,29,"1,85 m",England,Defender - Centre-Back,right,NA,Portsmouth FC,"Jul 1, 2019","Jun 30, 2022",NA,NA,NA,NA,NA,NA,NA
Lee James Brown,"Aug 10, 1990",Farnborough,31,"1,83 m",England,Defender - Left-Back,left,New Vision,Portsmouth FC,"Jul 1, 2018","Jun 30, 2022","Aug 3, 2020",NA,NA,,NA,NA,NA
Connor Stuart Ogilvie,"Feb 14, 1996",Waltham Abbey,25,"1,84 m",England,Defender - Left-Back,left,Panthera Sports,Portsmouth FC,"Aug 2, 2021","Jun 30, 2023",NA,NA,NA,,NA,club option 1 year,NA
Mahlon Beresford Baker Romeo,"Sep 19, 1995",London,26,"1,78 m",Antigua and Barbuda England,Defender - Right-Back,right,YMU Group,Portsmouth FC,"Aug 31, 2021","May 31, 2022",NA,Millwall FC,"Jun 30, 2024",NA,NA,NA,NA
Kieron Samuel Freeman,"Mar 21, 1992",Bestwood,29,"1,78 m",Wales England,Defender - Right-Back,right,Two Touch Agency,Portsmouth FC,"Jul 11, 2021","Jun 30, 2023",NA,NA,NA,,NA,club option 1 year,NA
Louis Clyde William Thompson,"Dec 19, 1994",Dover,26,"1,80 m",Wales England,midfield - Defensive Midfield,right,Elite Management Agency,Portsmouth FC,"Aug 10, 2021","Jun 30, 2022",NA,NA,NA,,NA,club option 1 year,NA
Joseff John Morrell,"Jan 3, 1997",Ipswich,24,"1,85 m",Wales,midfield - Central Midfield,right,ICM Stellar Sports,Portsmouth FC,"Aug 9, 2021","Jun 30, 2024",NA,NA,NA,,NA,club option 1 year,NA
Michael Edward Jacobs,"Nov 4, 1991",Rothwell,29,"1,75 m",England,attack - Left Winger,right,New Vision,Portsmouth FC,"Sep 14, 2020","Jun 30, 2022",NA,NA,NA,,NA,Option for a further year,NA
Marcus Anthony Myers-Harness,"Feb 24, 1996",Coventry,25,"1,82 m",England Ireland,attack - Right Winger,right,Momentum Sports Management,Portsmouth FC,"Jul 18, 2019","Jun 30, 2022",NA,NA,NA,,NA,club option 1 year,NA
Reeco Lee Hackett-Fairchild,"Jan 9, 1998",London,23,"1,90 m",England St. Lucia,attack - Right Winger,left,YMU Group,Portsmouth FC,"Jan 6, 2020","Jun 30, 2022",NA,NA,NA,,NA,NA,NA
Gassan Ahadme Yahyai,"Nov 17, 2000",Vic,20,NA,Morocco Spain,attack - Second Striker,NA,Goal Management,Portsmouth FC,"Jul 20, 2021","May 31, 2022",NA,Norwich City U23,"Jun 30, 2022",,NA,NA,NA
George David Eric Hirst,"Feb 15, 1999",Sheffield,22,"1,91 m",England,attack - Centre-Forward,right,KIN Partners,Portsmouth FC,"Aug 3, 2021","May 31, 2022",NA,Leicester City U23,-,,NA,NA,NA
Ellis Wade Harrison,"Jan 29, 1994",Newport,27,"1,80 m",Wales,attack - Centre-Forward,right,Wasserman,Portsmouth FC,"Jul 1, 2019","Jun 30, 2022",NA,NA,NA,,NA,NA,NA
John Edward Marquis,"May 16, 1992",London,29,"1,85 m",England,attack - Centre-Forward,right,New Era Global Sports,Portsmouth FC,"Jul 31, 2019","Jun 30, 2022",NA,NA,NA,,NA,club option 1 year,NA
Jayden Andrew Reid,"Apr 22, 2001",Luton,20,"1,85 m",England,attack - Centre-Forward,NA,Footfeel & Echo Sports,Portsmouth FC,"Jul 20, 2021","Jun 30, 2022",NA,NA,NA,,NA,club option 1 year,NA
David Adam Stockdale,"Sep 20, 1985",Leeds,36,"1,90 m",England,Goalkeeper,right,Unique Sports Group,Wycombe Wanderers,"Sep 9, 2020","Jun 30, 2022","May 7, 2021",NA,NA,,NA,NA,NA
Adam Jozef Przybek,"Apr 2, 2000",Nuneaton,21,NA,Wales England,Goalkeeper,NA,NA,Wycombe Wanderers,"Jul 17, 2021","Jun 30, 2022",NA,NA,NA,NA,NA,NA,NA
Ryan Sirous Tafazolli,"Sep 28, 1991",Sutton,30,"1,96 m",England Iran,Defender - Centre-Back,left,Unique Sports Group,Wycombe Wanderers,"Sep 2, 2020","Jun 30, 2022",NA,NA,NA,,NA,NA,NA
Anthony Kelvin Stewart,"Sep 18, 1992",London,29,"1,83 m",England Jamaica,Defender - Centre-Back,right,NA,Wycombe Wanderers,"Jul 1, 2015","Jun 30, 2022","Jul 16, 2020",NA,NA,,NA,NA,NA
Jordan John Obita,"Dec 8, 1993",Oxford,27,"1,81 m",England Uganda,Defender - Left-Back,left,ASC,Wycombe Wanderers,"Jan 29, 2021","Jun 30, 2023",NA,NA,NA,,NA,NA,NA
Joseph Mark Jacobson,"Nov 17, 1986",Cardiff,34,"1,80 m",Wales,Defender - Left-Back,left,NA,Wycombe Wanderers,"Jul 1, 2014","Jun 30, 2022","Jul 16, 2020",NA,NA,NA,NA,NA,NA
Jack David Joseph Grimmer,"Jan 25, 1994",Westhill,27,"1,84 m",Scotland,Defender - Right-Back,right,JM Sports,Wycombe Wanderers,"Jul 22, 2019","Jun 30, 2023","Aug 19, 2020",NA,NA,,NA,NA,NA
Jason Sean McCarthy,"Nov 7, 1995",Southampton,25,"1,86 m",England,Defender - Right-Back,right,Unique Sports Group,Wycombe Wanderers,"Aug 25, 2020","Jun 30, 2023",NA,NA,NA,,NA,NA,NA
Dominic Edward Gape,"Sep 9, 1994",Burton Bradstock,27,"1,80 m",England,midfield - Defensive Midfield,right,Refuel Performance Management,Wycombe Wanderers,"Jan 7, 2017","Jun 30, 2022","Mar 10, 2020",NA,NA,,NA,NA,NA
Oliver Jack Pendlebury,"Jan 19, 2002",Maidenhead,19,"1,80 m",England,midfield - Defensive Midfield,right,ICM Stellar Sports,Wycombe Wanderers,"Jul 1, 2021",-,NA,NA,NA,NA,adidas,NA,NA
Adam James Leathers,"Nov 14, 2001",NA,19,NA,England,midfield - Defensive Midfield,NA,Two Touch Agency,Wycombe Wanderers,"Sep 17, 2021",-,NA,NA,NA,NA,NA,NA,NA
Joshua Charles Scowen,"Mar 28, 1993",London,28,"1,78 m",England,midfield - Central Midfield,right,NA,Wycombe Wanderers,"Jul 1, 2021","Jun 30, 2023",NA,NA,NA,NA,NA,NA,NA
Curtis Liam Thompson,"Sep 2, 1993",Nottingham,28,"1,78 m",England St. Kitts & Nevis,midfield - Central Midfield,right,Wasserman,Wycombe Wanderers,"Jul 14, 2018","Jun 30, 2022","Feb 2, 2021",NA,NA,NA,NA,NA,NA
Matthew James Bloomfield,"Feb 8, 1984",Felixtowe,37,"1,73 m",England,midfield - Central Midfield,right,MONDO,Wycombe Wanderers,"Jan 1, 2004","Jun 30, 2022","Jul 16, 2020",NA,NA,NA,NA,NA,NA
David John Wheeler,"Oct 4, 1990",Brighton,31,"1,80 m",England,midfield - Right Midfield,right,SMI Sports Management,Wycombe Wanderers,"Jul 30, 2019","Jun 30, 2022",NA,NA,NA,NA,NA,NA,NA
Daryl Jeremiah Horgan,"Aug 10, 1992",Galway,29,"1,70 m",Ireland,midfield - Left Midfield,both,YMU Group,Wycombe Wanderers,"Sep 2, 2020","Jun 30, 2022",NA,NA,NA,NA,NA,NA,NA
Sulaiman Borbor Kaikai,"Aug 26, 1995",London,26,"1,82 m",Sierra Leone England,attack - Left Winger,right,Unique Sports Group,Wycombe Wanderers,"Jul 15, 2021","Jun 30, 2023",NA,NA,NA,,NA,NA,NA
Garath James McCleary,"May 15, 1987",Oxford,34,"1,87 m",Jamaica England,attack - Right Winger,right,no agent,Wycombe Wanderers,"Nov 4, 2020","Jun 30, 2022",NA,NA,NA,,NA,NA,NA
Samuel Michael Vokes,"Oct 21, 1989 Happy Birthday",Southampton,32,"1,86 m",Wales England,attack - Centre-Forward,right,Wasserman,Wycombe Wanderers,"Jul 28, 2021","Jun 30, 2022",NA,NA,NA,NA,NA,Option for a further year,NA
Saheed Adebayo Akinfenwa,"May 10, 1982",London,39,"1,80 m",England Nigeria,attack - Centre-Forward,right,Wasserman,Wycombe Wanderers,"Jul 10, 2016","Jun 30, 2022","Jul 8, 2021",NA,NA,,NA,NA,NA
Andre Tjay De Barr,"Mar 13, 2000",Gibraltar,21,"1,75 m",Gibraltar,attack - Centre-Forward,right,LPM Football Agents,Wycombe Wanderers,"Aug 4, 2021","Jun 30, 2022",NA,NA,NA,NA,NA,NA,NA
Brandon Alex Graham Hanlan,"May 31, 1997",London,24,"1,82 m",England,attack - Centre-Forward,right,Two Touch Agency,Wycombe Wanderers,"Aug 26, 2021","Jun 30, 2024",NA,NA,NA,NA,NA,NA,NA
Ellery Ronald Balcombe,"Oct 15, 1999",Bedfordshire,22,"1,90 m",England St. Vincent & Grenadinen,Goalkeeper,right,Straight Ace Sports,Burton Albion,"Jul 1, 2021","May 31, 2022",NA,Brentford FC,"Jun 30, 2025",,NA,NA,NA
Benjamin Jack Garratt,"Apr 25, 1994",Shrewsbury,27,"1,89 m",England,Goalkeeper,right,Wasserman,Burton Albion,"Oct 18, 2019","Jun 30, 2023","May 20, 2021",NA,NA,NA,NA,NA,NA
Kieran Michael O'Hara,"Apr 22, 1996",Manchester,25,"1,91 m",Ireland England,Goalkeeper,right,Omni-Sports,Burton Albion,"Sep 11, 2020","Jun 30, 2022",NA,NA,NA,,NA,NA,NA
Thierry Ricky Everton Latty-Fairweather,"Dec 5, 2002",NA,18,NA,England,Defender,NA,NA,Burton Albion,"Jul 1, 2021","Jun 30, 2022",NA,NA,NA,NA,NA,NA,NA
Luke Harry Michael Redfern,NA,NA,NA,NA,England,Defender,NA,NA,Burton Albion,"Jul 1, 2021","Jun 30, 2022",NA,NA,NA,NA,NA,NA,NA
Ben Angus McLean,NA,NA,NA,NA,England,Defender,NA,NA,Burton Albion,"Jul 1, 2021","Jun 30, 2022",NA,NA,NA,NA,NA,NA,NA
Michael Ian Mancienne,"Jan 8, 1988",London,33,"1,84 m",England Seychelles,Defender - Centre-Back,right,NA,Burton Albion,"Feb 9, 2021","Jun 30, 2022","May 19, 2021",NA,NA,,NA,NA,NA
Michael Paul Bostwick,"May 17, 1988",London,33,"1,93 m",England,Defender - Centre-Back,right,NA,Burton Albion,"Aug 5, 2020","Jun 30, 2022",NA,NA,NA,NA,NA,NA,NA
Abdul-Yussuf Adedeji Adeniyi Oshilaja,"Jul 16, 1993",London,28,"1,81 m",England Nigeria,Defender - Centre-Back,right,Unique Sports Group,Burton Albion,"Jul 1, 2021","Jun 30, 2023",NA,NA,NA,,NA,NA,NA
Ryan David Leak,"Feb 28, 1998",Burton,23,"1,91 m",Wales England,Defender - Centre-Back,left,Avid Sports Group,Burton Albion,"Jul 27, 2021","Jun 30, 2023",NA,NA,NA,,NA,NA,NA
Samuel Joseph Hughes,"Apr 15, 1997",West Kirby,24,NA,England,Defender - Centre-Back,right,SEG,Burton Albion,"Aug 31, 2021","Jan 1, 2022",NA,Leicester City,-,,NA,NA,NA
Cameron Jake Borthwick-Jackson,"Feb 2, 1997",Manchester,24,"1,89 m",England,Defender - Left-Back,left,YMU Group,Burton Albion,"Jul 1, 2021","Jun 30, 2023",NA,NA,NA,,Nike,NA,NA
Frazer John Blake-Tracy,"Sep 10, 1995",Dereham,26,NA,England,Defender - Left-Back,left,Triple S Sports,Burton Albion,"Jul 1, 2021","Jun 30, 2023",NA,NA,NA,NA,NA,NA,NA
Kieran Neil Wallace,"Jan 26, 1995",Nottingham,26,"1,86 m",England,Defender - Left-Back,left,NA,Burton Albion,"Oct 30, 2018","Jun 30, 2022","Jun 22, 2021",NA,NA,NA,NA,NA,NA
Thomas James O'Connor,"Apr 21, 1999",Kilkenny,22,NA,Ireland,Defender - Left-Back,left,NA,Burton Albion,"Jul 1, 2021","Jun 30, 2023",NA,NA,NA,NA,NA,NA,NA
John Robert Brayford,"Dec 29, 1987",Stoke-on-Trent,33,"1,73 m",England,Defender - Right-Back,right,NA,Burton Albion,"Aug 31, 2017","Jun 30, 2022","Jul 7, 2020",NA,NA,,NA,NA,NA
Thomas Philip Hamer,"Nov 16, 1999",Bolton,21,"1,88 m",England,Defender - Right-Back,right,Unique Sports Group,Burton Albion,"Jan 29, 2021","Jun 30, 2022",NA,NA,NA,NA,NA,NA,NA
Bryn Andrew Morris,"Apr 25, 1996",Hartlepool,25,"1,82 m",England,midfield - Defensive Midfield,right,Wasserman,Burton Albion,"Jul 1, 2021","Jun 30, 2023",NA,NA,NA,NA,NA,NA,NA
Conor Glynn Shaughnessy,"Jun 30, 1996",Galway,25,"1,91 m",Ireland,midfield - Defensive Midfield,right,Tom Shaughnessy,Burton Albion,"Jul 1, 2021","Jun 30, 2023","Jun 24, 2021",NA,NA,,NA,NA,NA
Terence Charles Taylor,"Jun 29, 2001",Aberdeen,20,"1,85 m",Wales Scotland,midfield - Defensive Midfield,right,Wasserman,Burton Albion,"Feb 1, 2021","Jun 30, 2023",NA,NA,NA,,adidas,NA,NA
Ciaran Patrick Gilligan,"Feb 5, 2002",NA,19,NA,Ireland,midfield - Right Midfield,right,Momentum Sports Management,Burton Albion,"Jul 1, 2020","Jun 30, 2022","Nov 17, 2020",NA,NA,NA,NA,Option for a further year,NA
Jonathan Gary Smith,"Jul 28, 1997",Liverpool,24,"1,78 m",England Ireland,midfield - Left Midfield,left,Unique Sports Group,Burton Albion,"Jan 29, 2021","Jun 30, 2023",NA,NA,NA,NA,NA,NA,NA
Jacob Christian Maddox,"Nov 3, 1998",Bristol,22,"1,79 m",England,midfield - Attacking Midfield,right,NA,Burton Albion,"Jul 9, 2021","Jun 30, 2022",NA,Vitória Guimarães SC,"Jun 30, 2024",NA,NA,NA,NA
Joe James Powell,"Oct 30, 1998",London,22,NA,England,midfield - Attacking Midfield,left,CSM,Burton Albion,"Jan 14, 2020","Jun 30, 2022",NA,NA,NA,NA,NA,NA,NA
Thomas Paul Hewlett,NA,NA,NA,NA,England,attack,NA,NA,Burton Albion,"Jul 1, 2020","Jun 30, 2022","Jun 28, 2021",NA,NA,NA,NA,NA,NA
Daniel Martin Rowe,"Mar 9, 1992",Manchester,29,"1,83 m",England,attack - Left Winger,right,NA,Burton Albion,"Feb 13, 2021","Jun 30, 2022","Jun 21, 2021",NA,NA,NA,NA,NA,NA
Omari Joshua Curtis Patrick,"May 24, 1996",Slough,25,"1,85 m",England,attack - Left Winger,right,NA,Burton Albion,"Jul 1, 2021","Jun 30, 2023",NA,NA,NA,,NA,NA,NA
Harrison James Chapman,"Nov 5, 1997",Hartlepool,23,"1,72 m",England,attack - Right Winger,right,Wasserman,Burton Albion,"Aug 31, 2021","Jan 2, 2022",NA,Blackburn Rovers,"Jun 30, 2022",,NA,NA,NA
Lucas-Jordan Jeremiah Akins,"Feb 25, 1989",Huddersfield,32,"1,80 m",Grenada England,attack - Right Winger,right,Momentum Sports Management,Burton Albion,"Jul 1, 2014","Jun 30, 2022","Jan 11, 2019",NA,NA,NA,NA,NA,NA
Daniel David Jebbison,"Jul 11, 2003",Oakville,18,"1,90 m",England Canada,attack - Centre-Forward,NA,NA,Burton Albion,"Aug 31, 2021","May 31, 2022",NA,Sheffield United,"Jun 30, 2023",,NA,NA,NA
Kane Ruudi Hemmings,"Apr 8, 1991",Burton upon Trent,30,"1,85 m",England Jamaica,attack - Centre-Forward,right,NA,Burton Albion,"Aug 12, 2020","Jun 30, 2022",NA,NA,NA,,NA,NA,NA
Aaron Joshua Amadi-Holloway,"Feb 21, 1993",Cardiff,28,"1,88 m",Wales Nigeria,attack - Centre-Forward,right,FullNinety,Burton Albion,"Jul 23, 2021","Jun 30, 2022",NA,NA,NA,,NA,NA,NA
Louis Elliott Moult,"May 14, 1992",Stoke-on-Trent,29,"1,83 m",England,attack - Centre-Forward,right,World in Motion,Burton Albion,"Jul 1, 2021","Jun 30, 2023",NA,NA,NA,,NA,NA,NA
Joshua James Griffiths,"Sep 5, 2001",NA,20,"1,85 m",England,Goalkeeper,right,Unique Sports Group,Lincoln City,"Jul 24, 2021","May 31, 2022",NA,West Bromwich Albion U23,"Jun 30, 2025",NA,NA,NA,NA
Adam Lewis Jackson,"May 18, 1994",Darlington,27,"1,87 m",England,Defender - Centre-Back,right,NA,Lincoln City,"Aug 11, 2020",-,NA,NA,NA,NA,NA,NA,NA
Lewis Lee Montsma,"Apr 25, 1998",Amsterdam,23,"1,91 m",Netherlands,Defender - Centre-Back,right,PURE,Lincoln City,"Jul 14, 2020","Jun 30, 2023",NA,NA,NA,,Nike,NA,NA
Joseph Kevin Walsh,"May 13, 1992",Cardiff,29,"1,80 m",Wales,Defender - Centre-Back,left,Integral Sports Management,Lincoln City,"Aug 13, 2020","Jun 30, 2022",NA,NA,NA,NA,NA,NA,NA
Cohen Conrad Bramall,"Apr 2, 1996",Crewe,25,"1,78 m",England,Defender - Left-Back,left,Panthera Sports,Lincoln City,"Feb 1, 2021","Jun 30, 2022",NA,NA,NA,,NA,NA,NA
Regan Leslie Poole,"Jun 18, 1998",Cardiff,23,"1,80 m",Wales,Defender - Right-Back,right,Elite Management Agency,Lincoln City,"Jan 30, 2021",-,NA,NA,NA,,NA,NA,NA
Timothy Joel Eyoma,"Jan 29, 2000",London,21,"1,83 m",England Nigeria,Defender - Right-Back,right,NA,Lincoln City,"Aug 17, 2021",-,NA,NA,NA,,NA,NA,NA
Liam Robert Bridcutt,"May 8, 1989",Reading,32,"1,75 m",Scotland England,midfield - Defensive Midfield,right,10Ten Football,Lincoln City,"Aug 7, 2020",-,NA,NA,NA,NA,NA,NA,NA
Edward James Bishop,"Jul 15, 1996",Cambridge,25,"1,78 m",England,midfield - Central Midfield,right,10Ten Football,Lincoln City,"Jul 27, 2021",-,NA,NA,NA,,Nike,NA,NA
Lewis Paul Fiorini,"May 17, 2002",Manchester,19,"1,78 m",Scotland England,midfield - Central Midfield,right,NA,Lincoln City,"Jul 2, 2021","May 31, 2022",NA,Manchester City U23,"Jun 30, 2026",,NA,NA,NA
Max Harrison Sanders,"Jan 4, 1999",Crawley,22,"1,75 m",England,midfield - Central Midfield,right,YMU Group,Lincoln City,"Feb 1, 2021","Jun 30, 2023",NA,NA,NA,NA,NA,NA,NA
Lasse Sørensen,"Oct 21, 1999 Happy Birthday",Vejen,22,"1,85 m",Denmark,midfield - Central Midfield,right,First Touch,Lincoln City,"Jul 23, 2021",-,NA,NA,NA,,Nike,NA,NA
Ramirez Longdon,"Sep 14, 1997",NA,24,NA,England,attack - Left Winger,right,ProSoccer,Lincoln City,"Sep 4, 2020","Jun 30, 2022","Feb 25, 2021",NA,NA,NA,NA,NA,NA
Hakeeb Adeola Jerome Abiola Ayinde Adelakun,"Jun 11, 1996",London,25,"1,90 m",England Nigeria,attack - Right Winger,right,Panthera Sports,Lincoln City,"Jul 26, 2021",-,NA,NA,NA,,NA,NA,NA
Christopher Jack Maguire,"Jan 16, 1989",Bellshill,32,"1,78 m",Scotland,attack - Right Winger,right,SMI Sports Management,Lincoln City,"Jul 7, 2021","Jun 30, 2023",NA,NA,NA,,NA,NA,NA
Anthony Richard Scully,"Apr 19, 1999",London,22,"1,73 m",Ireland England,attack - Right Winger,right,New Vision,Lincoln City,"Feb 3, 2020",-,NA,NA,NA,NA,NA,NA,NA
Thomas Edward Hopper,"Dec 14, 1993",Boston,27,"1,86 m",England,attack - Centre-Forward,left,YMU Group,Lincoln City,"Jan 23, 2020","Jun 30, 2023",NA,NA,NA,NA,NA,NA,NA
Simon Christopher Eastwood,"Jun 26, 1989",Luton,32,"1,88 m",England,Goalkeeper,right,Refuel Performance Management,Oxford United,"Jul 1, 2016","Jun 30, 2024","Apr 8, 2021",NA,NA,NA,NA,NA,NA
Elliott Jordan Moore,"Mar 16, 1997",Coalville,24,"1,96 m",England,Defender - Centre-Back,right,Major League Sports Management,Oxford United,"Aug 1, 2019","Jun 30, 2022",NA,NA,NA,,NA,NA,NA
John Michael Lewis Mousinho,"Apr 30, 1986",London,35,"1,85 m",England Portugal,Defender - Centre-Back,right,LPM Football Agents,Oxford United,"Aug 31, 2017","Jun 30, 2023","Jul 5, 2021",NA,NA,NA,NA,NA,NA
Steven Jeffrey Seddon,"Dec 25, 1997",Reading,23,NA,England,Defender - Left-Back,left,Wasserman,Oxford United,"Jul 22, 2021","Jun 30, 2024",NA,NA,NA,NA,NA,NA,NA
Samuel Patrick Robert Long,"Jan 16, 1995",Oxford,26,"1,80 m",England,Defender - Right-Back,right,Unique Sports Group,Oxford United,"Jul 1, 2013","Jun 30, 2022","Jun 23, 2020",NA,NA,NA,NA,NA,NA
James William Hanson,"Nov 10, 1995",Burton,25,"1,90 m",England,midfield - Defensive Midfield,right,Omni-Sports,Oxford United,"Aug 9, 2018","Jun 30, 2022",NA,NA,NA,,NA,NA,NA
Herbert Kane,"Nov 23, 1998",Bristol,22,"1,75 m",England,midfield - Central Midfield,right,Wasserman,Oxford United,"Aug 30, 2021","May 31, 2022",NA,Barnsley FC,"Jun 30, 2024",,Nike,NA,NA
Marcus Samuel Michael McGuane,"Feb 2, 1999",Greenwich,22,"1,78 m",England Ireland,midfield - Central Midfield,right,Unique Sports Group,Oxford United,"Jul 1, 2021","Jun 30, 2024",NA,NA,NA,,NA,NA,NA
Alejandro Rodríguez Gorrin,"Aug 1, 1993",Tenerife,28,"1,85 m",Spain,midfield - Central Midfield,right,CAA Base Ltd,Oxford United,"Jul 1, 2019","Jun 30, 2021",NA,NA,NA,,NA,NA,NA
Cameron Mark Thomas Brannagan,"May 9, 1996",Manchester,25,"1,80 m",England,midfield - Central Midfield,right,New Era Global Sports,Oxford United,"Jan 11, 2018","Jun 30, 2023","Aug 7, 2020",NA,NA,,NA,NA,NA
เบนจามิน เจมส์ เดวิส / Benjamin James Davis,"Nov 24, 2000",Phuket,20,"1,75 m",Thailand England,midfield - Central Midfield,right,ICM Stellar Sports,Oxford United,"Aug 31, 2021","Jun 30, 2023",NA,NA,NA,,adidas,NA,NA
Ryan Dale Williams,"Oct 28, 1993",Subiaco,27,"1,73 m",Australia England,midfield - Right Midfield,right,NA,Oxford United,"Jul 1, 2021","Jun 30, 2023",NA,NA,NA,NA,NA,NA,NA
Billy Paul Bodin,"Mar 24, 1992",Swindon,29,"1,80 m",Wales England,attack - Left Winger,left,Wasserman,Oxford United,"Jul 1, 2021","Jun 30, 2022",NA,NA,NA,NA,NA,NA,NA
Nathan Elliot Holland,"Jun 19, 1998",Manchester,23,"1,76 m",England Barbados,attack - Left Winger,right,NA,Oxford United,"Jul 29, 2021","May 31, 2022",NA,West Ham United U23,"Jun 30, 2022",,Nike,NA,NA
Matthew James Taylor,"Mar 30, 1990",Oxford,31,"1,76 m",England,attack - Centre-Forward,right,Wasserman,Oxford United,"Jul 31, 2020","Jun 30, 2023",NA,NA,NA,,NA,NA,NA
Sam Thomas Winnall,"Jan 19, 1991",Wolverhampton,30,"1,75 m",England,attack - Centre-Forward,right,Omni-Sports,Oxford United,"Sep 11, 2020","Jun 30, 2022",NA,NA,NA,,NA,Option for a further year,NA
Daniel Ebenezer Agyei,"Jun 1, 1997",London,24,"1,83 m",England Ghana,attack - Centre-Forward,left,Elite Project Group Ltd,Oxford United,"Aug 10, 2019","Jun 30, 2022",NA,NA,NA,,Nike,NA,NA
Marko Maroši,"Oct 23, 1993",Michalovce,27,"1,93 m",Slovakia,Goalkeeper,right,World in Motion,Shrewsbury Town,"Jul 1, 2021","Jun 30, 2024",NA,NA,NA,NA,NA,NA,NA
Harry James Burgoyne,"Dec 28, 1996",Ludlow,24,"1,93 m",England,Goalkeeper,right,Refuel Performance Management,Shrewsbury Town,"Jan 31, 2020","Jun 30, 2022",NA,NA,NA,NA,NA,NA,NA
Cameron Akash James Gregory,"Jan 20, 2000",Sutton Coldfield,21,"1,92 m",England India,Goalkeeper,NA,Omni-Sports,Shrewsbury Town,"Jul 1, 2018","Jun 30, 2022","Jun 30, 2020",NA,NA,NA,NA,Option for a further year,NA
Aaron Jordan Pierre,"Feb 17, 1993",London,28,"1,85 m",Grenada England,Defender - Centre-Back,left,SSG,Shrewsbury Town,"Jul 1, 2019","Jun 30, 2022",NA,NA,NA,NA,NA,NA,NA
Ethan Reid Ebanks-Landell,"Dec 16, 1992",Smethwick,28,"1,88 m",England Jamaica,Defender - Centre-Back,right,NA,Shrewsbury Town,"Jul 1, 2019","Jun 30, 2022",NA,NA,NA,,NA,NA,NA
George Damien Nurse,"Apr 30, 1999",NA,22,NA,England,Defender - Left-Back,left,Volenti,Shrewsbury Town,"Jul 28, 2021","Jun 30, 2023",NA,NA,NA,NA,NA,NA,NA
Joshua James Vela,"Dec 14, 1993",Salford,27,"1,81 m",England,midfield - Central Midfield,right,Omni-Sports,Shrewsbury Town,"Jan 20, 2020","Jun 30, 2022",NA,NA,NA,,NA,NA,NA
David Lowell Davis,"Feb 20, 1991",Smethwick,30,"1,73 m",England,midfield - Central Midfield,right,Wasserman,Shrewsbury Town,"Jan 15, 2021","Jun 30, 2022","Jul 13, 2021",NA,NA,,NA,NA,NA
Thakgalo Khanya Leshabela,"Sep 18, 1999",Soshanguve,22,"1,75 m",South Africa,midfield - Attacking Midfield,NA,Unique Sports Group,Shrewsbury Town,"Aug 19, 2021","May 31, 2022",NA,Leicester City U23,"Jun 30, 2022",NA,NA,NA,NA
Shaun James Whalley,"Aug 7, 1987",Whiston,34,"1,75 m",England,attack - Right Winger,right,NA,Shrewsbury Town,"Jul 1, 2015","Jun 30, 2022","May 9, 2021",NA,NA,NA,NA,NA,NA
Sam Benjamin Cosgrove,"Dec 2, 1996",Beverley,24,"1,94 m",England,attack - Centre-Forward,right,Unique Sports Group,Shrewsbury Town,"Aug 11, 2021","May 31, 2022",NA,Birmingham City,"Jun 30, 2024",,NA,NA,NA
Ryan Michael Bowman,"Nov 30, 1991",Carlisle,29,"1,88 m",England,attack - Centre-Forward,right,Volenti,Shrewsbury Town,"Jul 1, 2021","Jun 30, 2023",NA,NA,NA,NA,NA,NA,NA
Dominic Daniel Udoh,"Aug 30, 1996",Lagos,25,"1,83 m",Nigeria England,attack - Centre-Forward,right,Elite Management Agency,Shrewsbury Town,"Jul 1, 2019","Jun 30, 2023","May 20, 2021",NA,NA,NA,NA,club option 1 year,NA
Rekeil Leshaun Pyke,"Sep 1, 1997",Leeds,24,"1,78 m",England,attack - Centre-Forward,right,366 Group,Shrewsbury Town,"Aug 3, 2020","Jun 30, 2022",NA,NA,NA,NA,NA,NA,NA
Thomas Robert Anderson,"Sep 2, 1993",Burnley,28,"1,93 m",England,Defender - Centre-Back,right,ELITE SPORTS KSE LTD,Doncaster Rovers,"Jul 1, 2018","Jun 30, 2022","Jan 1, 2020",NA,NA,NA,NA,NA,NA
Joseph Olugbenga Olowu,"Nov 27, 1999",Ibadan,21,"1,84 m",England Nigeria,Defender - Centre-Back,right,ARETÉ,Doncaster Rovers,"Sep 10, 2021","Jan, 2022",NA,NA,NA,,NA,NA,NA
Roshaun Omar Stuart Williams,"Sep 3, 1998",Manchester,23,"1,84 m",Grenada England,Defender - Centre-Back,right,NA,Doncaster Rovers,"Jul 1, 2021","Jun 30, 2023",NA,NA,NA,NA,NA,NA,NA
Cameron Bradley John,"Aug 24, 1999",Romford,22,"1,81 m",England,Defender - Centre-Back,left,Sturridge Sports Management,Doncaster Rovers,"Aug 28, 2020","Jun 30, 2022",NA,NA,NA,NA,NA,NA,NA
Anthony Junior Nelson Manuelle Greaves,"Nov 17, 2000",NA,20,"1,77 m",England,midfield - Defensive Midfield,right,NA,Doncaster Rovers,"Jul 1, 2019","Jun 30, 2022","Apr 29, 2021",NA,NA,NA,NA,Option for a further year,NA
Ethan Stuart William Galbraith,"May 11, 2001",Belfast,20,"1,75 m",Northern Ireland,midfield - Central Midfield,right,NA,Doncaster Rovers,"Aug 13, 2021","May 31, 2022",NA,Manchester United U23,"Jun 30, 2023",,NA,NA,NA
John Joseph Bostock,"Jan 15, 1992",London,29,"1,88 m",Trinidad and Tobago England,midfield - Central Midfield,left,YMU Group,Doncaster Rovers,"Jan 25, 2021","Jun 30, 2022",NA,NA,NA,,Nike,NA,NA
Daniel Gardner,"Apr 5, 1990",Manchester,31,"1,85 m",England,midfield - Central Midfield,NA,Unique Sports Group,Doncaster Rovers,"Aug 6, 2021","Jun 30, 2022",NA,NA,NA,,NA,NA,NA
Ben Easton Close,"Aug 8, 1996",Portsmouth,25,"1,75 m",England,midfield - Central Midfield,right,Momentum Sports Management,Doncaster Rovers,"Jul 1, 2021","Jun 30, 2024",NA,NA,NA,NA,NA,NA,NA
Matthew Gerrard Smith,"Oct 5, 2000",Harlow,21,"1,76 m",England,midfield - Central Midfield,right,Two Touch Agency,Doncaster Rovers,"Jul 5, 2021","May 31, 2022",NA,Arsenal FC U23,-,NA,NA,NA,NA
Jon Peter Taylor,"Jul 20, 1992",Liverpool,29,"1,80 m",England,midfield - Right Midfield,right,SMI Sports Management,Doncaster Rovers,"Aug 9, 2019","Jun 30, 2023","Apr 26, 2021",NA,NA,NA,NA,Option for a further year,NA
Thomas Malcolm Rowe,"Sep 24, 1988",Wythenshawe,33,"1,80 m",England,midfield - Left Midfield,left,NA,Doncaster Rovers,"Jul 1, 2021","Jun 30, 2023",NA,NA,NA,NA,NA,NA,NA
Aidan Will Barlow,"Jan 10, 2000",Salford,21,"1,75 m",England,midfield - Left Midfield,right,YMU Group,Doncaster Rovers,"Jul 28, 2021","Jun 30, 2022",NA,NA,NA,,NA,NA,NA
Rodrigo Gary Vilca Betetta,"Mar 12, 1999",Lima,22,"1,75 m",Peru Spain,midfield - Attacking Midfield,right,REDDE,Doncaster Rovers,"Aug 31, 2021","Dec 31, 2021",NA,Newcastle United U23,"Jun 30, 2024",,NA,NA,NA
Joseph Dodoo,"Jun 29, 1995",Kumasi,26,"1,83 m",England Ghana,attack - Left Winger,right,433 Football Management,Doncaster Rovers,"Sep 6, 2021","Jun 30, 2023",NA,NA,NA,,NA,NA,NA
Omar Hanif Bogle,"Jul 26, 1993",Birmingham,28,"1,87 m",England Ghana,attack - Centre-Forward,left,Fifteen Eleven Management,Doncaster Rovers,"Jan 29, 2021","Jun 30, 2022",NA,NA,NA,,NA,Option for a further year,NA
Jordy Hiwula-Mayifuila,"Sep 21, 1994",Manchester,27,"1,78 m",England Angola,attack - Centre-Forward,right,MARNEB INTERNATIONAL,Doncaster Rovers,"Jul 10, 2021","Jun 30, 2023",NA,NA,NA,NA,NA,NA,NA
Fejiri Shaun China Okenabirhie,"Feb 25, 1996",London,25,"1,78 m",Nigeria England,attack - Centre-Forward,right,Fifty Fifty Sports,Doncaster Rovers,"Jan 30, 2020","Jun 30, 2021",NA,NA,NA,NA,NA,NA,NA
Tiago Süer Barbaros Çukur,"Nov 30, 2002",Amsterdam,18,"1,96 m",Turkey Netherlands,attack - Centre-Forward,right,LFA,Doncaster Rovers,"Jul 19, 2021","May 31, 2022",NA,Watford FC U23,"Jun 30, 2022",NA,NA,NA,NA
Matthew Gilks,"Jun 4, 1982",Rochdale,39,"1,85 m",Scotland England,Goalkeeper,right,NA,Bolton Wanderers,"Aug 6, 2020","Jun 30, 2022","Jun 8, 2021",NA,NA,NA,NA,NA,NA
Joel Stephen Dixon,"Dec 9, 1993",Middlesbrough,27,"1,93 m",England,Goalkeeper,right,SMI Sports Management,Bolton Wanderers,"Jul 1, 2021","Jun 30, 2023",NA,NA,NA,NA,NA,NA,NA
Alexander Aaron John Baptiste,"Jan 31, 1986",Sutton-in-Ashfield,35,"1,80 m",England,Defender - Centre-Back,right,Unique Sports Group,Bolton Wanderers,"Aug 7, 2020","Jun 30, 2022","May 28, 2021",NA,NA,NA,NA,NA,NA
Ricardo Alexandre Almeida Santos,"Jun 18, 1995",Almada,26,"1,98 m",Portugal,Defender - Centre-Back,right,no agent,Bolton Wanderers,"Aug 3, 2020","Jun 30, 2023","Mar 1, 2021",NA,NA,NA,NA,NA,NA
William Stewart Aimson,"Jan 1, 1994",Christchurch,27,"1,79 m",England,Defender - Centre-Back,right,NA,Bolton Wanderers,"Jul 1, 2021","Jun 30, 2023",NA,NA,NA,NA,NA,NA,NA
Harry William Brockbank,"Sep 26, 1998",Bolton,23,"1,80 m",England,Defender - Centre-Back,right,NA,Bolton Wanderers,"Jul 1, 2019","Jun 30, 2023","Jun 2, 2021",NA,NA,,NA,NA,NA
Liam John Edwards,"Oct 2, 1996",Crewe,25,"1,90 m",England,Defender - Centre-Back,right,Core Sports,Bolton Wanderers,"Jul 1, 2019","Jun 30, 2022","Sep 12, 2019",NA,NA,NA,NA,NA,NA
Adam Nicholas Senior,"Jan 20, 2002",Bolton,19,"1,83 m",England,Defender - Centre-Back,right,Wasserman,Bolton Wanderers,"Jul 1, 2019","Jun 30, 2021","Jul 1, 2020",NA,NA,,NA,NA,NA
Declan Christopher John,"Jun 30, 1995",Merthyr,26,"1,78 m",Wales,Defender - Left-Back,left,World in Motion,Bolton Wanderers,"Jul 1, 2021","Jun 30, 2024",NA,NA,NA,,adidas,NA,NA
Liam Spencer Gordon,"May 15, 1999",London,22,"1,83 m",Guyana England,Defender - Left-Back,left,Fifty Fifty Sports,Bolton Wanderers,"Aug 1, 2020","Jun 30, 2022",NA,NA,NA,NA,NA,NA,NA
Gethin Wynne Jones,"Oct 13, 1995",Perth,26,"1,80 m",Wales Australia,Defender - Right-Back,right,FullNinety,Bolton Wanderers,"Aug 4, 2020","Jun 30, 2023","May 25, 2021",NA,NA,,NA,NA,NA
Kieran Christopher Lee,"Jun 22, 1988",Stalybridge,33,"1,85 m",England,midfield - Defensive Midfield,right,ICM Stellar Sports,Bolton Wanderers,"Jan 8, 2021","Jun 30, 2022",NA,NA,NA,NA,NA,NA,NA
Michael Jordan Williams,"Nov 6, 1995",Bangor,25,"1,87 m",Wales,midfield - Defensive Midfield,right,366 Group,Bolton Wanderers,"Feb 1, 2021","Jun 30, 2022",NA,NA,NA,,NA,NA,NA
Joshua Luke Sheehan,"Mar 30, 1995",Llanelli,26,"1,84 m",Wales,midfield - Central Midfield,right,ICM Stellar Sports,Bolton Wanderers,"Jul 1, 2021","Jun 30, 2023",NA,NA,NA,NA,NA,NA,NA
Antoni Charles Sarcevic,"Mar 13, 1992",Manchester,29,"1,83 m",England Serbia,midfield - Central Midfield,right,Coda Independent Sports,Bolton Wanderers,"Jul 15, 2020","Jun 30, 2022","Jul 15, 2020",NA,NA,NA,NA,,NA
Andrew William Tutte,"Sep 21, 1990",Liverpool,31,"1,75 m",England,midfield - Central Midfield,right,NA,Bolton Wanderers,"Sep 3, 2020","Jun 30, 2022","May 28, 2021",NA,NA,NA,NA,NA,NA
Oladapo Joshua Afolayan,"Feb 12, 1997",London,24,"1,80 m",England Nigeria,attack - Left Winger,right,Unique Sports Group,Bolton Wanderers,"Jul 1, 2021","Jun 30, 2024",NA,NA,NA,,NA,NA,NA
Xavier Casmier Amaechi,"Jan 5, 2001",Bath,20,"1,79 m",England Nigeria,attack - Right Winger,left,NA,Bolton Wanderers,"Jul 1, 2021","Jan 1, 2022",NA,Hamburger SV,"Jun 30, 2023",,Nike,NA,NA
Lloyd Jeffrey Isgrove,"Jan 12, 1993",Yeovil,28,"1,78 m",Wales England,attack - Right Winger,right,Wasserman,Bolton Wanderers,"Sep 26, 2020","Jun 30, 2023","May 26, 2021",NA,NA,NA,NA,NA,NA
Nathan Abayomi Delfouneso,"Feb 2, 1991",Birmingham,30,"1,86 m",England Nigeria,attack - Centre-Forward,right,NA,Bolton Wanderers,"Aug 6, 2020","Jun 30, 2022",NA,NA,NA,NA,NA,NA,NA
James Andrew Cumming,"Sep 4, 1999",Winchester,22,"1,85 m",England,Goalkeeper,right,ICM Stellar Sports,Gillingham FC,"Jul 26, 2021","May 31, 2022",NA,Chelsea FC U23,"Jun 30, 2023",,NA,NA,NA
Aaron James Chapman,"May 29, 1990",Rotherham,31,"2,03 m",England,Goalkeeper,NA,Fifteen Eleven Management,Gillingham FC,"Jul 6, 2021",-,NA,NA,NA,NA,NA,NA,NA
Maximilian Andreas Ehmer,"Feb 3, 1992",Frankfurt am Main,29,"1,88 m",Germany,Defender - Centre-Back,right,Elite Management Agency,Gillingham FC,"Jul 1, 2021",-,NA,NA,NA,,NA,NA,NA
Rhys Gordon Bennett,"Sep 1, 1991",Whitefield,30,"1,90 m",England Jamaica,Defender - Centre-Back,right,Refuel Performance Management,Gillingham FC,"Jul 23, 2021","Jun 30, 2023",NA,NA,NA,NA,NA,NA,NA
Jack Robert Tucker,"Nov 12, 1999",Whitstable,21,"1,92 m",England,Defender - Centre-Back,right,Unique Sports Group,Gillingham FC,"Jul 1, 2018","Jun 30, 2022",NA,NA,NA,NA,NA,NA,NA
David Mabanga Tutonda,"Oct 11, 1995",Kinshasa,26,"1,80 m",DR Congo England,Defender - Left-Back,left,Omni-Sports,Gillingham FC,"Jul 1, 2021",-,NA,NA,NA,,NA,NA,NA
Ryan Oliver Jackson,"Jul 31, 1990",London,31,"1,75 m",England,Defender - Right-Back,right,CAA Base Ltd,Gillingham FC,"Jul 31, 2020","Jun 30, 2022",NA,NA,NA,,NA,NA,NA
Stuart Antony Alan O'Keefe,"Mar 4, 1991",Eye,30,"1,73 m",England,midfield - Central Midfield,right,NA,Gillingham FC,"Jul 1, 2019","Jun 30, 2022","May 18, 2021",NA,NA,NA,NA,NA,NA
Oliver Robert Lee,"Jul 11, 1991",London,30,"1,81 m",England,midfield - Central Midfield,right,FullNinety,Gillingham FC,"Jul 1, 2021",-,NA,NA,NA,,NA,NA,NA
Kyle Michael Dempsey,"Sep 17, 1995",Whitehaven,26,"1,78 m",England,midfield - Central Midfield,right,SSG,Gillingham FC,"Aug 17, 2020","Jun 30, 2022",NA,NA,NA,,NA,NA,NA
Daniel Shaquille Jabari Phillips,"Jan 18, 2001",London,20,NA,Trinidad and Tobago England,midfield - Central Midfield,NA,RDF Football,Gillingham FC,"Jul 23, 2021","May 31, 2022",NA,Watford FC U23,"Jun 30, 2022",NA,NA,NA,NA
Benjamin Neil Reeves,"Nov 19, 1991",Verwood,29,"1,71 m",Northern Ireland England,midfield - Attacking Midfield,left,Momentum Sports Management,Gillingham FC,"Jul 1, 2021",-,NA,NA,NA,NA,NA,NA,NA
Alexander MacDonald,"Apr 14, 1990",Warrington,31,"1,75 m",Scotland England,attack - Left Winger,right,Refuel Performance Management,Gillingham FC,"Aug 14, 2020","Jun 30, 2022","May 12, 2021",NA,NA,,NA,NA,NA
Mustapha Soon Carayol,"Sep 4, 1988",Banjul,33,"1,77 m",The Gambia England,attack - Left Winger,right,FOOTBALL DIAMONDS,Gillingham FC,"Aug 7, 2021",-,NA,NA,NA,,NA,NA,NA
Daniel James Lloyd-McGoldrick,"Dec 3, 1991",Liverpool,29,"1,73 m",England,attack - Left Winger,left,Wizard Sports Management,Gillingham FC,"Jul 6, 2021",-,NA,NA,NA,NA,NA,NA,NA
John Job Ayo Akinde,"Jul 8, 1989",Gravesend,32,"1,88 m",England Nigeria,attack - Centre-Forward,right,NA,Gillingham FC,"Jan 24, 2020","Jun 30, 2022",NA,NA,NA,NA,NA,NA,NA
Charlie Robert Martin Lee-Kelman,"Nov 2, 2001",Basildon,19,"1,80 m",United States England,attack - Centre-Forward,right,NA,Gillingham FC,"Aug 31, 2021","May 31, 2022",NA,Queens Park Rangers,"Jun 30, 2023",NA,NA,NA,NA
Vadaine Aston James Oliver,"Oct 21, 1991 Happy Birthday",Sheffield,30,"1,88 m",England Neukaledonien,attack - Centre-Forward,NA,Fifteen Eleven Management,Gillingham FC,"Aug 5, 2020","Jun 30, 2022",NA,NA,NA,,NA,NA,NA
Alexander Thomas Cairns,"Jan 4, 1993",Doncaster,28,"1,83 m",England,Goalkeeper,right,InterLex Sport,Fleetwood Town,"Jul 1, 2016","Jun 30, 2023","Mar 24, 2021",NA,NA,NA,NA,NA,NA
Harry Edward Wright,"Nov 3, 1998",NA,22,NA,England,Goalkeeper,NA,Goalkeepers First,Fleetwood Town,"Jul 1, 2021","Jun 30, 2023",NA,NA,NA,,NA,NA,NA
William Francis Crellin,"Jun 30, 2000",Blackpool,21,"1,85 m",England,Goalkeeper,right,PIR,Fleetwood Town,"Jul 1, 2018","Jun 30, 2022","Oct 17, 2019",NA,NA,NA,NA,NA,NA
Darnell Tobias Jack Johnson,"Sep 3, 1998",Leicester,23,"1,85 m",England Jamaica,Defender - Centre-Back,right,YMU Group,Fleetwood Town,"Aug 2, 2021","Jun 30, 2023",NA,NA,NA,,NA,NA,NA
Harrison James Holgate,"Jul 1, 2000",Leeds,21,"1,86 m",England,Defender - Centre-Back,right,Omni-Sports,Fleetwood Town,"Jul 1, 2020","Jun 30, 2023","Jan 27, 2021",NA,NA,NA,NA,NA,NA
James Clayton Hill,"Jan 10, 2002",Bristol,19,"1,84 m",England,Defender - Centre-Back,right,SMI Sports Management,Fleetwood Town,"Jul 1, 2019","Jun 30, 2022","May 13, 2021",NA,NA,NA,NA,NA,NA
Max Oliver Clark,"Jan 19, 1996",Kingston upon Hull,25,"1,79 m",England,Defender - Left-Back,left,NA,Fleetwood Town,"Jul 1, 2021","Jun 30, 2022","Jun 17, 2021",NA,NA,,NA,NA,NA
Daniel Kenny Andrew,"Dec 23, 1990",Boston,30,"1,80 m",England,Defender - Left-Back,left,NA,Fleetwood Town,"Jul 1, 2019","Jun 30, 2022",NA,NA,NA,NA,NA,NA,NA
Conor Gerard McLaughlin,"Jul 26, 1991",Belfast,30,"1,83 m",Northern Ireland,Defender - Right-Back,right,NA,Fleetwood Town,"Oct 7, 2021","Jan 31, 2022",NA,NA,NA,NA,NA,NA,NA
Thomas Clarke,"Dec 21, 1987",Halifax,33,"1,80 m",England,Defender - Right-Back,right,New Era Global Sports,Fleetwood Town,"Jul 1, 2021","Jun 30, 2022",NA,NA,NA,NA,NA,NA,NA
Bradley Halliday,"Jul 10, 1995",Redcar,26,"1,80 m",England,Defender - Right-Back,right,Wasserman,Fleetwood Town,"Jul 1, 2021","Jun 30, 2023",NA,NA,NA,NA,NA,NA,NA
Callum Charles Johnson,"Oct 23, 1996",Yarm,24,"1,88 m",England,Defender - Right-Back,right,Triple S Sports,Fleetwood Town,"Aug 27, 2021","May 31, 2022",NA,Portsmouth FC,"Jun 30, 2022",,NA,NA,NA
Daniel Thomas Batty,"Dec 10, 1997",Pontefract,23,"1,78 m",England,midfield - Central Midfield,right,SMI Sports Management,Fleetwood Town,"Feb 1, 2021","Jun 30, 2023","Apr 1, 2021",NA,NA,NA,NA,NA,NA
Jordan Bernard Rossiter,"Mar 24, 1997",Liverpool,24,"1,78 m",England,midfield - Central Midfield,right,Wasserman,Fleetwood Town,"Aug 3, 2020","Jun 30, 2023","Mar 29, 2021",NA,NA,NA,NA,NA,NA
Callum Jason Noel Camps,"Nov 30, 1995",Stockport,25,"1,80 m",Northern Ireland England,midfield - Central Midfield,right,Midas Sports,Fleetwood Town,"Aug 1, 2020","Jun 30, 2022",NA,NA,NA,,NA,NA,NA
Anthony Neil James Pilkington,"Jun 6, 1988",Blackburn,33,"1,81 m",Ireland England,attack - Left Winger,both,Unique Sports Group,Fleetwood Town,"Jul 16, 2021","Jun 30, 2022",NA,NA,NA,,NA,NA,NA
Joseph Alan Garner,"Apr 12, 1988",Clitheroe,33,"1,78 m",England,attack - Centre-Forward,right,Unique Sports Group,Fleetwood Town,"Aug 30, 2021","Jun 30, 2023",NA,NA,NA,NA,NA,NA,NA
Callum Damian Peter Morton,"Jan 19, 2000",Torquay,21,"1,78 m",England,attack - Centre-Forward,right,YMU Group,Fleetwood Town,"Jul 27, 2021","May 31, 2022",NA,West Bromwich Albion U23,"Jun 30, 2024",,NA,NA,NA
Ryan David Edmondson,"May 20, 2001",York,20,"1,88 m",England,attack - Centre-Forward,right,NA,Fleetwood Town,"Jul 1, 2021","May 31, 2022",NA,Leeds United U23,"Jun 30, 2023",,NA,NA,NA
Luke Martin McCormick,"Aug 15, 1983",Coventry,38,"1,83 m",England,Goalkeeper,right,NA,Plymouth Argyle,"Jul 28, 2020","Jun 30, 2022",NA,NA,NA,NA,NA,NA,NA
Callum Alex David Burton,"Aug 15, 1996",Newport,25,NA,England,Goalkeeper,NA,New Era Global Sports,Plymouth Argyle,"Jul 1, 2021","Jun 30, 2023",NA,NA,NA,,adidas,NA,NA
Michael John Cooper,"Oct 8, 1999",Exeter,22,"1,86 m",England,Goalkeeper,NA,Unique Sports Group,Plymouth Argyle,"Jul 1, 2017","Jun 30, 2024",NA,NA,NA,,NA,NA,NA
James Steven Wilson,"Feb 26, 1989",Chepstow,32,"1,89 m",Wales,Defender - Centre-Back,right,Select Sports Management,Plymouth Argyle,"Jul 1, 2021",-,NA,NA,NA,NA,NA,NA,NA
Daniel George Scarr,"Dec 24, 1994",Bromsgrove,26,"1,88 m",England,Defender - Centre-Back,NA,Wasserman,Plymouth Argyle,"Jul 1, 2021",-,NA,NA,NA,,NA,NA,NA
Oliver Joseph Tomlinson,"May 19, 2002",Ivybridge,19,"1,85 m",England,Defender - Centre-Back,right,NA,Plymouth Argyle,"Jul 1, 2020","Jun 30, 2022","May 17, 2021",NA,NA,NA,NA,NA,NA
Brendan Joel Zibusiso Galloway,"Mar 17, 1996",Harare,25,"1,86 m",Zimbabwe England,Defender - Left-Back,left,New Era Global Sports,Plymouth Argyle,"Jul 21, 2021","Jan 31, 2022",NA,NA,NA,,adidas,NA,NA
Ryan James Law,"Sep 8, 1999",Torquay,22,"1,77 m",England,Defender - Left-Back,NA,NA,Plymouth Argyle,"Jul 1, 2018",-,"May 24, 2021",NA,NA,NA,NA,NA,NA
Joseph Robert Edwards,"Oct 31, 1990",Gloucester,30,"1,73 m",England,Defender - Right-Back,right,Volenti,Plymouth Argyle,"Jul 1, 2019","Jun 30, 2023","May 18, 2021",NA,NA,,NA,NA,NA
James William Bolton,"Aug 13, 1994",Stone,27,"1,83 m",England,Defender - Right-Back,right,Fifteen Eleven Management,Plymouth Argyle,"Jul 1, 2021","Jun 30, 2023",NA,NA,NA,NA,NA,NA,NA
Jordan Alexander Houghton,"Nov 5, 1995",Chertsey,25,"1,83 m",England,midfield - Defensive Midfield,NA,Elite Management Agency,Plymouth Argyle,"Jul 1, 2021",-,NA,NA,NA,,NA,NA,NA
Adam Fletcher Randell,"Oct 1, 2000",Plymouth,21,"1,75 m",England,midfield - Defensive Midfield,NA,SMI Sports Management,Plymouth Argyle,"Jul 1, 2019","Jun 30, 2022","Jun 19, 2020",NA,NA,NA,NA,NA,NA
Conor James Grant,"Apr 18, 1995",Liverpool,26,"1,76 m",England,midfield - Central Midfield,left,ASC,Plymouth Argyle,"Jul 1, 2018","Jun 30, 2023","Jun 8, 2021",NA,NA,,NA,NA,NA
Ryan James Broom,"Sep 4, 1996",Newport,25,"1,77 m",Wales,midfield - Right Midfield,right,Wasserman,Plymouth Argyle,"Jul 29, 2021","May 31, 2022",NA,Peterborough United,"Jun 30, 2023",,NA,NA,NA
Daniel John Mayor,"Oct 18, 1990",Leyland,31,"1,83 m",England,midfield - Attacking Midfield,right,YMU Group,Plymouth Argyle,"Jul 1, 2019","Jun 30, 2023","Jun 7, 2021",NA,NA,NA,NA,NA,NA
Panutche Amadu Pereira Camará,"Feb 28, 1997",Canchungo,24,"1,85 m",Guinea-Bissau Portugal,midfield - Attacking Midfield,NA,New Era Global Sports,Plymouth Argyle,"Aug 7, 2020","Jun 30, 2022",NA,NA,NA,,NA,NA,NA
George Iain Cooper,"Oct 30, 1996",Warrington,24,"1,75 m",England,attack - Left Winger,left,Omni-Sports,Plymouth Argyle,"Sep 2, 2020","Jun 30, 2023",NA,NA,NA,,NA,NA,NA
Jordon D'Andre Garrick,"Jul 15, 1998",NA,23,"1,80 m",England Jamaica,attack - Right Winger,right,Two Touch Agency,Plymouth Argyle,"Aug 19, 2021","May 31, 2022",NA,Swansea City,"Jun 30, 2023",,NA,NA,NA
Kieran Ricardo Agard,"Oct 10, 1989",London,32,"1,78 m",England Jamaica,attack - Centre-Forward,right,Integral Sports Management,Plymouth Argyle,"Sep 10, 2021","Jan 31, 2022",NA,NA,NA,,NA,NA,NA
Niall Nathan Michael Ennis,"May 20, 1999",Wolverhampton,22,"1,78 m",England Jamaica,attack - Centre-Forward,right,Triple S Sports,Plymouth Argyle,"Jan 18, 2021","Jun 30, 2023",NA,NA,NA,,Nike,NA,NA
Luke Owen Jephcott,"Jan 26, 2000",Aberystwyth,21,"1,77 m",Wales England,attack - Centre-Forward,right,Stonemountain Management,Plymouth Argyle,"Jul 1, 2018","Jun 30, 2023","Jun 9, 2021",NA,NA,,NA,NA,NA
Rhys Bowles Shirley,"Jan 18, 2003",NA,18,NA,England,attack - Centre-Forward,NA,NA,Plymouth Argyle,"Jul 1, 2021","Jun 30, 2022",NA,NA,NA,NA,NA,NA,NA
Scott Liam Flinders,"Jun 12, 1986",Rotherham,35,"1,93 m",England,Goalkeeper,NA,World in Motion,Cheltenham Town,"Aug 31, 2017","Jun 30, 2021",NA,NA,NA,NA,NA,NA,NA
Owen Rhys Owens,"Nov 28, 1996",Newport,24,"1,84 m",Wales,Goalkeeper,right,Elite Management Agency,Cheltenham Town,"Jul 1, 2021","Jun 30, 2023",NA,NA,NA,,NA,NA,NA
Max James Harris,"Sep 14, 1999",NA,22,"1,88 m",England,Goalkeeper,NA,NA,Cheltenham Town,"Sep 3, 2020","Jun 30, 2022","May 19, 2021",NA,NA,NA,NA,NA,NA
Matthew William Pollock,"Sep 28, 2001",Redhill,20,"1,90 m",England,Defender - Centre-Back,right,YMU Group,Cheltenham Town,"Aug 30, 2021","May 31, 2022",NA,Watford FC,"Jun 30, 2026",NA,NA,NA,NA
William Sam Douglas Harry Boyle,"Sep 1, 1995",Garforth,26,"1,91 m",England Scotland,Defender - Centre-Back,right,Crown Football Ltd,Cheltenham Town,"Jan 9, 2017","Jun 30, 2022","May 29, 2020",NA,NA,,NA,NA,NA
Charles Jordan Clark Raglan,"Apr 28, 1993",Manchester,28,"1,83 m",England,Defender - Centre-Back,right,Star Management Signings Ltd.,Cheltenham Town,"Jul 1, 2019","Jun 30, 2023","Jan 30, 2021",NA,NA,,NA,NA,NA
Grant Dean Horton,"Sep 13, 2001",Colchester,20,"1,92 m",England,Defender - Centre-Back,right,D&S Sports Management LTD,Cheltenham Town,"Aug 5, 2020","Jun 30, 2023",NA,NA,NA,NA,NA,NA,NA
Christopher Ian Hussey,"Jan 2, 1989",London,32,"1,78 m",England,Defender - Left-Back,left,NA,Cheltenham Town,"Jul 1, 2018","Jun 30, 2023","Jan 22, 2021",NA,NA,NA,NA,NA,NA
Lewis Jay Freestone,"Oct 26, 1999",King's Lynn,21,"1,75 m",England,Defender - Left-Back,left,NA,Cheltenham Town,"Aug 1, 2020","Jun 30, 2023","May 7, 2021",NA,NA,,NA,NA,NA
Sean Martin Long,"May 2, 1995",NA,26,"1,78 m",Ireland,Defender - Right-Back,right,NA,Cheltenham Town,"Jul 1, 2018","Jun 30, 2021",NA,NA,NA,,NA,NA,NA
Liam Michael Sercombe,"Apr 25, 1990",Exeter,31,"1,78 m",England,midfield - Central Midfield,right,Volenti,Cheltenham Town,"Aug 4, 2020","Jun 30, 2022","Mar 8, 2021",NA,NA,NA,NA,NA,NA
Ellis Darren Chapman,"Jan 8, 2001",Lincoln,20,"1,91 m",England,midfield - Central Midfield,left,NA,Cheltenham Town,"Oct 15, 2020","Jun 30, 2021",NA,NA,NA,NA,NA,NA,NA
Elliot Michael Bonds,"Mar 23, 2000",London,21,"1,79 m",Guyana England,midfield - Central Midfield,NA,NA,Cheltenham Town,"Jul 1, 2021","Jun 30, 2023",NA,NA,NA,NA,NA,NA,NA
Matthew James Blair,"Jun 21, 1989",Warwick,32,"1,78 m",England Scotland,midfield - Right Midfield,right,NA,Cheltenham Town,"Sep 4, 2020","Jun 30, 2023","May 14, 2021",NA,NA,NA,NA,NA,NA
Daniel Crowley,"Aug 3, 1997",Coventry,24,"1,74 m",England Ireland,midfield - Attacking Midfield,right,Clover Sports,Cheltenham Town,"Oct 2, 2021","Jan 31, 2022",NA,NA,NA,,NA,NA,NA
Kyle Thomas Vassell,"Feb 7, 1993",Milton Keynes,28,"1,83 m",Northern Ireland England,attack - Centre-Forward,right,Elite Management Agency,Cheltenham Town,"Aug 9, 2021","Jun 30, 2022",NA,NA,NA,,NA,NA,NA
Andrew David Williams,"Aug 14, 1986",Hereford,35,"1,88 m",England,attack - Centre-Forward,right,Volenti,Cheltenham Town,"Jul 29, 2020","Jun 30, 2021",NA,NA,NA,NA,NA,NA,NA
Kyle Alexander Joseph,"Sep 10, 2001",London,20,"1,86 m",Scotland England,attack - Centre-Forward,right,NA,Cheltenham Town,"Aug 31, 2021","May 31, 2022",NA,Swansea City,"Jun 30, 2025",,NA,NA,NA
Christian Anthony Norton,"May 21, 2001",London,20,NA,Wales,attack - Centre-Forward,NA,NA,Cheltenham Town,"Aug 31, 2021","Dec 31, 2021",NA,Stoke City U23,"Jun 30, 2022",NA,NA,NA,NA
Alfie Ben May,"Jul 2, 1993",Gravesend,28,"1,76 m",England,attack - Centre-Forward,right,NA,Cheltenham Town,"Jan 3, 2020","Jun 30, 2022",NA,NA,NA,NA,NA,NA,NA
Kyle Charles Letheren,"Dec 26, 1987",Llanelli,33,"1,88 m",Wales,Goalkeeper,right,Deluxe Sports Group,Morecambe FC,"Jan 26, 2021","Jun 30, 2022","Jun 14, 2021",NA,NA,NA,NA,NA,NA
Scott James Wootton,"Sep 12, 1991",Birkenhead,30,"1,88 m",England,Defender - Centre-Back,right,ASC,Morecambe FC,"Aug 10, 2021","Jun 30, 2022",NA,NA,NA,NA,NA,NA,NA
Ryan Liam Delaney,"Sep 6, 1996",Wexford,25,"1,96 m",Ireland,Defender - Centre-Back,left,NA,Morecambe FC,"Jul 1, 2021","Jun 30, 2023","Jun 22, 2021",NA,NA,,NA,NA,NA
Jacob Kwabena Mensah,"Jul 18, 2000",London,21,NA,Ghana England,Defender - Centre-Back,NA,NA,Morecambe FC,"Jul 13, 2021","Jun 30, 2022",NA,NA,NA,NA,NA,NA,NA
Gregory Leigh,"Sep 30, 1994",Manchester,27,"1,81 m",Jamaica England,Defender - Left-Back,left,Wasserman,Morecambe FC,"Jul 9, 2021","Jun 30, 2022",NA,NA,NA,NA,NA,NA,NA
Liam Steven Gibson,"Apr 25, 1997",Stanley,24,"1,85 m",England,Defender - Left-Back,left,not clarified,Morecambe FC,"Sep 22, 2020","Jun 30, 2023",NA,NA,NA,NA,NA,NA,NA
Anthony Dean O'Connor,"Oct 25, 1992",Cork,28,"1,88 m",Ireland,Defender - Right-Back,right,Major League Sports Management,Morecambe FC,"Jul 1, 2021","Jun 30, 2023",NA,NA,NA,NA,NA,NA,NA
Ryan Thomas Cooney,"Feb 26, 2000",Manchester,21,"1,79 m",England,Defender - Right-Back,right,NA,Morecambe FC,"Jul 1, 2021","Jun 30, 2023",NA,NA,NA,NA,NA,NA,NA
Aaron Keith Wildig,"Apr 15, 1992",Hereford,29,"1,75 m",England Wales,midfield - Central Midfield,right,NA,Morecambe FC,"Jul 1, 2015","Jun 30, 2021","Jun 6, 2019",NA,NA,NA,NA,NA,NA
Adam Lee Phillips,"Jan 15, 1998",Garstang,23,"1,80 m",England,midfield - Central Midfield,right,Tornado Sports Management,Morecambe FC,"Jul 27, 2021","May 31, 2022",NA,Burnley FC U23,"Jun 30, 2022",NA,NA,NA,NA
Alfie John McCalmont,"Mar 25, 2000",Thirsk,21,NA,Northern Ireland England,midfield - Central Midfield,right,NA,Morecambe FC,"Jul 2, 2021","May 31, 2022",NA,Leeds United U23,"Jun 30, 2024",,NA,NA,NA
Shane Daniel McLoughlin,"Mar 1, 1997",Kerry,24,"1,75 m",Ireland,midfield - Right Midfield,NA,NA,Morecambe FC,"Jul 13, 2021","Jun 30, 2022",NA,NA,NA,,NA,NA,NA
Arthur Bertrand Gnahoua,"Sep 18, 1992",London,29,"1,87 m",France Cote d'Ivoire,attack - Left Winger,left,NA,Morecambe FC,"Jul 1, 2021",-,NA,NA,NA,NA,NA,NA,NA
Freddie Connor Burrows Price,"May 12, 2002",NA,19,"1,80 m",England,attack - Left Winger,right,FullNinety,Morecambe FC,"Jul 2, 2020","Jun 30, 2021",NA,NA,NA,NA,NA,NA,NA
Joshua McPake,"Aug 31, 2001",Coatbridge,20,NA,Scotland Ireland,attack - Right Winger,right,CAA Base Ltd,Morecambe FC,"Jul 1, 2021","May 31, 2022",NA,Rangers FC Reserves,"May 31, 2024",,adidas,NA,NA
Wesley Nurettin McDonald,"May 4, 1997",London,24,"1,74 m",England,attack - Right Winger,right,Since 93 Sports,Morecambe FC,"Jul 1, 2021","Jun 30, 2023",NA,NA,NA,NA,NA,NA,NA
Jonathan Chiedozie Obika,"Sep 12, 1990",London,31,"1,82 m",England Nigeria,attack - Centre-Forward,right,10Ten Football,Morecambe FC,"Jul 1, 2021","Jun 30, 2023",NA,NA,NA,NA,NA,NA,NA
Shayon Adam Harrison,"Jul 13, 1997",London,24,"1,83 m",England Jamaica,attack - Centre-Forward,left,PIR,Morecambe FC,"Aug 11, 2021",-,NA,NA,NA,,NA,NA,NA
Cole John Stockton,"Mar 13, 1994",Knowsley,27,"1,86 m",England,attack - Centre-Forward,NA,Crown Football Ltd,Morecambe FC,"Jul 1, 2019","Jun 30, 2021","Jul 1, 2020",NA,NA,NA,NA,NA,NA
Jonah Ananias Paul Ayunga,"May 24, 1997",Beaminster,24,"1,85 m",Kenya England,attack - Centre-Forward,right,Midas Sports,Morecambe FC,"Jul 26, 2021","Jun 30, 2023",NA,NA,NA,NA,NA,NA,NA
David Richards,"Dec 31, 1993",Abergavenny,27,"1,80 m",Wales,Goalkeeper,NA,World in Motion,Crewe Alexandra,"Jul 28, 2015","Jun 30, 2022","Jun 16, 2020",NA,NA,NA,NA,NA,NA
William Jääskeläinen,"Jul 25, 1998",Bolton,23,"1,83 m",Finland,Goalkeeper,NA,World in Motion,Crewe Alexandra,"Aug 15, 2017","Jun 30, 2022","Jun 16, 2020",NA,NA,NA,NA,NA,NA
Donervon Joseph Daniels,"Nov 24, 1993",Montserrat,27,"1,86 m",Montserrat England,Defender - Centre-Back,right,NA,Crewe Alexandra,"Aug 27, 2020","Jun 30, 2022",NA,NA,NA,,NA,NA,NA
Terell Mondasia Thomas,"Oct 18, 1995",Rainham,26,"1,83 m",England St. Lucia,Defender - Centre-Back,NA,RDF Football,Crewe Alexandra,"Aug 12, 2021","Jun 30, 2022",NA,NA,NA,NA,NA,NA,NA
Luke William Offord,"Nov 19, 1999",Northwich,21,"1,70 m",England,Defender - Centre-Back,right,NA,Crewe Alexandra,"Jul 1, 2019","Jun 30, 2023","Nov 13, 2020",NA,NA,NA,NA,NA,NA
William John Sass-Davies,"Feb 17, 2000",NA,21,"1,85 m",Wales,Defender - Centre-Back,right,ICM Stellar Sports,Crewe Alexandra,"Jul 1, 2018","Jun 30, 2022","May 14, 2021",NA,NA,NA,NA,NA,NA
Michael Issac Williams,"Mar 27, 2004",NA,17,NA,Wales,Defender - Centre-Back,NA,Agent is known - Player under 18,Crewe Alexandra U18,"Jul 1, 2020",-,"Jul 1, 2020",NA,NA,NA,NA,NA,Crewe Alexandra (#34)
Callum Jeffrey McFadzean,"Jan 16, 1994",Waterthorpe,27,"1,81 m",Scotland England,Defender - Left-Back,left,World in Motion,Crewe Alexandra,"Jul 30, 2021","Jun 30, 2022",NA,NA,NA,,NA,NA,NA
Rio Adesola Frederick Adebisi,"Sep 27, 2000",London,21,"1,75 m",England Nigeria,Defender - Left-Back,left,11WINS,Crewe Alexandra,"Jul 1, 2019","Jun 30, 2022","Jul 27, 2020",NA,NA,NA,NA,NA,NA
Travis Joel Gary Johnson,"Aug 28, 2000",Stoke-on-Trent,21,"1,80 m",England,Defender - Right-Back,right,After Sports Consultancy,Crewe Alexandra,"Jul 1, 2018","Jun 30, 2022","May 14, 2021",NA,NA,NA,NA,NA,NA
Luke John Murphy,"Oct 21, 1989 Happy Birthday",Alsager,32,"1,86 m",England,midfield - Central Midfield,right,NA,Crewe Alexandra,"Sep 4, 2020","Jun 30, 2022",NA,NA,NA,NA,NA,NA,NA
Madger Antonio Gomes Ajú,"Feb 1, 1997",Caió,24,"1,78 m",Spain Guinea-Bissau,midfield - Central Midfield,left,José Vicente Simeón,Crewe Alexandra,"Sep 4, 2021","Jun 30, 2023",NA,NA,NA,NA,NA,NA,NA
Thomas Richard Lowery,"Dec 31, 1997",Holmes Chapel,23,"1,68 m",England Wales,midfield - Central Midfield,NA,Wasserman,Crewe Alexandra,"Jul 1, 2016","Jun 30, 2022","Oct 13, 2020",NA,NA,NA,NA,NA,NA
Oliver Vincent Finney,"Dec 15, 1997",Stoke-on-Trent,23,"1,70 m",England,midfield - Central Midfield,NA,The Endgame Group,Crewe Alexandra,"Jul 1, 2016","Jun 30, 2024","Sep 3, 2020",NA,NA,NA,NA,NA,NA
Regan Jon Griffiths,"May 1, 2000",Liverpool,21,"1,72 m",England,midfield - Central Midfield,right,NA,Crewe Alexandra,"Jul 1, 2020","Jun 30, 2023","Jun 18, 2021",NA,NA,NA,NA,NA,NA
Callum Thomas Ainley,"Nov 2, 1997",Middlewich,23,"1,73 m",England,midfield - Right Midfield,right,Wasserman,Crewe Alexandra,"Jul 1, 2015","Jun 30, 2023","Jun 30, 2021",NA,NA,NA,NA,NA,NA
J'Neil Lloyd-Bennett,"Dec 7, 2001",London,19,NA,England,attack - Left Winger,right,CAA Base Ltd,Crewe Alexandra,"Aug 31, 2021","Jan 1, 2022",NA,Tottenham Hotspur U23,-,,NA,NA,NA
Benjamin Leo Knight,"Jun 14, 2002",Cambridge,19,NA,England,attack - Right Winger,left,ICM Stellar Sports,Crewe Alexandra,"Aug 16, 2021","May 31, 2022",NA,Manchester City U23,"Jun 30, 2025",,Nike,NA,NA
Scott Connor Kashket,"Feb 25, 1996",London,25,"1,75 m",England Israel,attack - Second Striker,left,ICM Stellar Sports,Crewe Alexandra,"Aug 30, 2021","Jun 30, 2022",NA,NA,NA,NA,NA,NA,NA
Christopher Michael Long,"Feb 25, 1995",Huyton,26,"1,79 m",England,attack - Centre-Forward,right,Wasserman,Crewe Alexandra,"Jul 1, 2021","Jun 30, 2023",NA,NA,NA,NA,NA,NA,NA
Christopher John Porter,"Dec 12, 1983",Wigan,37,"1,85 m",England,attack - Centre-Forward,right,NA,Crewe Alexandra,"Jul 1, 2017","Jun 30, 2022","May 24, 2021",NA,NA,NA,NA,NA,NA
Mikaël Yann Mathieu Mandron,"Oct 11, 1994",Boulogne-sur-Mer,27,"1,91 m",France Scotland,attack - Centre-Forward,left,Wasserman,Crewe Alexandra,"Aug 1, 2020","Jun 30, 2022","Feb 23, 2021",NA,NA,NA,NA,NA,NA
William John Mannion,"May 5, 1998",London,23,"1,91 m",England,Goalkeeper,right,World in Motion,Cambridge United,"Aug 3, 2021","Jun 30, 2022",NA,NA,NA,NA,Nike,NA,NA
Димитър Митов,"Jan 22, 1997",Kozloduy,24,"1,88 m",Bulgaria,Goalkeeper,right,FSA,Cambridge United,"Jul 1, 2017","Jun 30, 2023","May 16, 2018",NA,NA,NA,NA,NA,NA
Kai John Oliver McKenzie-Lyle,"Nov 30, 1997",London,23,"2,01 m",Guyana England,Goalkeeper,right,10Ten Football,Cambridge United,"Sep 1, 2020","Jun 30, 2022",NA,NA,NA,,NA,NA,NA
Conor Ciaran Masterson,"Sep 8, 1998",Dublin,23,"1,85 m",Ireland,Defender - Centre-Back,right,ICM Stellar Sports,Cambridge United,"Aug 21, 2021","Jan 3, 2022",NA,Queens Park Rangers,"Jun 30, 2023",,NA,NA,NA
Lloyd Richard Jones,"Oct 7, 1995",Plymouth,26,"1,91 m",England Wales,Defender - Centre-Back,right,Crown Football Ltd,Cambridge United,"Jul 1, 2021","Jun 30, 2023",NA,NA,NA,,NA,NA,NA
Gregory Vaughan Taylor,"Jan 15, 1990",Bedford,31,"1,86 m",England,Defender - Centre-Back,both,LPM Football Agents,Cambridge United,"Jul 1, 2013","Jun 30, 2022","Apr 11, 2018",NA,NA,NA,NA,NA,NA
Jubril Adesope Okedina,"Oct 26, 2000",London,20,NA,England Nigeria,Defender - Centre-Back,right,NA,Cambridge United,"Aug 5, 2021","Jun 30, 2023",NA,NA,NA,,NA,NA,NA
Jack Henry Stewart Iredale,"May 2, 1996",Greenock,25,"1,84 m",Australia Scotland,Defender - Left-Back,left,NA,Cambridge United,"Aug 14, 2020","Jun 30, 2022",NA,NA,NA,NA,NA,NA,NA
Harrison Charles Dunk,"Oct 25, 1990",London,30,"1,84 m",England,Defender - Left-Back,left,LPM Football Agents,Cambridge United,"Jul 1, 2011","Jun 30, 2022","May 21, 2021",NA,NA,NA,NA,NA,NA
George Benjamin Williams,"Apr 14, 1993",London,28,"1,76 m",England,Defender - Right-Back,right,IMANI SEM,Cambridge United,"Jul 1, 2021","Jun 30, 2023",NA,NA,NA,,NA,NA,NA
Leon Ross Nikoro Davies,"Nov 22, 1999",London,21,"1,80 m",England,Defender - Right-Back,right,10Ten Football,Cambridge United,"Jan 1, 2017","Dec 31, 2021","May 17, 2021",NA,NA,NA,NA,NA,NA
Paul Andrew Digby,"Feb 2, 1995",Sheffield,26,"1,93 m",England,midfield - Defensive Midfield,NA,New Vision,Cambridge United,"Jul 21, 2020","Jun 30, 2023","Jun 1, 2021",NA,NA,NA,NA,NA,NA
Liam Christian James O'Neil,"Jul 31, 1993",Cambridge,28,"1,81 m",England Wales,midfield - Defensive Midfield,right,TikiTaka 360º,Cambridge United,"Jan 31, 2017","Jun 30, 2022","May 21, 2021",NA,NA,NA,NA,NA,NA
Jensen Guy Weir,"Jan 31, 2002",Warrington,19,"1,84 m",England Scotland,midfield - Central Midfield,right,ICM Stellar Sports,Cambridge United,"Jul 13, 2021","May 31, 2022",NA,Brighton & Hove Albion U23,"Jun 30, 2023",,NA,NA,NA
Adam John May,"Dec 6, 1997",Southampton,23,"1,82 m",England,midfield - Central Midfield,right,Midas Sports,Cambridge United,"Sep 4, 2020","Jun 30, 2022","May 17, 2021",NA,NA,NA,NA,Option for a further year,NA
James Robert Brophy,"Jul 25, 1994",London,27,"1,80 m",England,midfield - Left Midfield,left,NA,Cambridge United,"Jul 1, 2021","Jun 30, 2024",NA,NA,NA,NA,NA,NA,NA
Wesley Hoolahan,"May 20, 1982",Dublin,39,"1,68 m",Ireland,midfield - Attacking Midfield,left,Pinnacle Global Advisors LLP,Cambridge United,"Jul 28, 2020","Jun 30, 2022","Jun 2, 2021",NA,NA,NA,NA,NA,NA
Jack Richard Lankester,"Jan 19, 2000",Bury St Edmunds,21,"1,77 m",England,attack - Right Winger,right,10Ten Football,Cambridge United,"Jul 1, 2021",-,NA,NA,NA,,NA,NA,NA
Shilow Ethan Tracey,"Apr 29, 1998",London,23,"1,79 m",England,attack - Right Winger,right,NA,Cambridge United,"Jul 1, 2021","Jun 30, 2023","Jun 17, 2021",NA,NA,NA,NA,NA,NA
Samuel Toby Smith,"Mar 8, 1998",Manchester,23,"1,81 m",England,attack - Centre-Forward,right,CAA Base Ltd,Cambridge United,"Jul 7, 2021","Jun 30, 2023",NA,NA,NA,,NA,NA,NA
Joe Samuel Ironside,"Oct 16, 1993",Middlesbrough,28,"1,80 m",England,attack - Centre-Forward,NA,Fifteen Eleven Management,Cambridge United,"Aug 1, 2020","Jun 30, 2022",NA,NA,NA,,NA,NA,NA
Harvey Andrew Knibbs,"Apr 26, 1999",NA,22,"1,75 m",England,attack - Centre-Forward,left,NA,Cambridge United,"Jul 1, 2019","Jun 30, 2023","Oct 17, 2020",NA,NA,,NA,NA,NA
James Harrington Trafford,"Oct 10, 2002",Carlisle,19,"1,97 m",England,Goalkeeper,right,ICM Stellar Sports,Accrington Stanley,"Jul 1, 2021","May 31, 2022",NA,Manchester City U23,"Jun 30, 2022",,NA,NA,NA
Ross James Sykes,"Mar 26, 1999",Burnley,22,"1,96 m",England,Defender - Centre-Back,right,Major League Sports Management,Accrington Stanley,"Jul 1, 2016","Jun 30, 2022","Mar 11, 2019",NA,NA,NA,NA,Option for a further year,NA
Michael Jermain Nottingham,"Apr 14, 1989",Birmingham,32,"1,93 m",St. Kitts & Nevis England,Defender - Centre-Back,right,Inspire Sports Management,Accrington Stanley,"Oct 9, 2020","Jun 30, 2023",NA,NA,NA,NA,NA,NA,NA
Archie Mark Procter,"Nov 13, 2001",Blackburn,19,NA,England,Defender - Centre-Back,NA,NA,Accrington Stanley,"Jul 1, 2021","Jun 30, 2023",NA,NA,NA,NA,NA,NA,NA
Harvey James Rodgers,"Oct 20, 1996",York,25,"1,87 m",England,Defender - Right-Back,right,Omni-Sports,Accrington Stanley,"Jan 31, 2018","Jun 30, 2023","Jul 9, 2021",NA,NA,,NA,NA,NA
Harrison Joshua Perritt,"Feb 16, 2001",NA,20,NA,England,Defender - Right-Back,right,Omari Williams,Accrington Stanley,"Jul 1, 2019","Jun 30, 2023","Jul 14, 2021",NA,NA,NA,NA,club option 1 year,NA
Mitchell Reece Clark,"Mar 13, 1999",Nuneaton,22,"1,73 m",Wales,Defender - Right-Back,right,SMI Sports Management,Accrington Stanley,"Aug 26, 2021","Jun 30, 2023",NA,NA,NA,NA,NA,NA,NA
Séamus Joseph Conneely,"Jun 22, 1988",London,33,"1,75 m",Ireland England,midfield - Defensive Midfield,right,Chiron Sports and Media,Accrington Stanley,"Jan 1, 2015","Jun 30, 2022","Jun 22, 2020",NA,NA,NA,NA,NA,NA
Matthew David Butcher,"May 14, 1997",Portsmouth,24,"1,88 m",England,midfield - Defensive Midfield,left,Midas Sports,Accrington Stanley,"Aug 24, 2020","Jun 30, 2022",NA,NA,NA,NA,NA,NA,NA
Ethan Billy Hamilton,"Oct 18, 1998",Edinburgh,23,"1,87 m",Scotland,midfield - Central Midfield,left,NA,Accrington Stanley,"Aug 31, 2021","Jun 30, 2023",NA,NA,NA,,NA,NA,NA
Harry David Balraj Pell,"Oct 21, 1990 Happy Birthday",Tilbury,31,"1,92 m",England,midfield - Central Midfield,right,Volenti,Accrington Stanley,"Jul 1, 2021","Jun 30, 2024",NA,NA,NA,NA,NA,NA,NA
Joe Cameron Pritchard,"Sep 10, 1996",Watford,25,"1,73 m",England,midfield - Central Midfield,right,Wasserman,Accrington Stanley,"Jul 1, 2019","Jun 30, 2023","Nov 27, 2020",NA,NA,NA,NA,NA,NA
Sean Joseph McConville,"Mar 6, 1989",Liverpool,32,"1,80 m",England,midfield - Left Midfield,right,366 Group,Accrington Stanley,"Jul 1, 2015","Jun 30, 2022","Jul 29, 2019",NA,NA,NA,NA,NA,NA
Jack Daniel Nolan,"May 25, 2001",Portsmouth,20,"1,82 m",England,attack - Left Winger,left,Midas Sports,Accrington Stanley,"Aug 5, 2021","Jun 30, 2022",NA,NA,NA,NA,NA,NA,NA
John Anthony James O'Sullivan,"Sep 18, 1993",Dublin,28,"1,81 m",Ireland,attack - Right Winger,right,CAA Base Ltd,Accrington Stanley,"Jul 1, 2021","Jun 30, 2024",NA,NA,NA,NA,NA,NA,NA
Colby David Bishop,"Nov 4, 1996",Nottingham,24,"1,80 m",England,attack - Centre-Forward,right,CS-Management Ltd,Accrington Stanley,"Jul 13, 2019","Jun 30, 2022",NA,NA,NA,NA,NA,Option for a further year,NA
Joseph Keith Hardy,"Sep 26, 1998",Wirral,23,"1,70 m",England,attack - Centre-Forward,right,ICM Stellar Sports,Accrington Stanley,"Jul 8, 2021","Jun 30, 2023",NA,NA,NA,,NA,NA,NA
Jovan Anthony Malcolm,"Aug 28, 2002",NA,19,NA,England,attack - Centre-Forward,right,Omni-Sports,Accrington Stanley,"Aug 31, 2021","May 31, 2022",NA,West Bromwich Albion U23,"Jun 30, 2024",,NA,NA,NA
Nikola Chivarov Tzanev,"Dec 23, 1996",Wellington,24,"1,95 m",New Zealand England,Goalkeeper,right,NA,AFC Wimbledon,"Jul 1, 2016","Jun 30, 2021",NA,NA,NA,NA,NA,club option 1 year,NA
Zaki Nazih Oualah,"Apr 3, 1995",NA,26,"1,80 m",Algeria England,Goalkeeper,right,Simon Kidby,AFC Wimbledon,"Jul 5, 2021",-,NA,NA,NA,,NA,NA,NA
Benjamin John Heneghan,"Sep 19, 1993",Manchester,28,"1,90 m",England Ireland,Defender - Centre-Back,right,Fifteen Eleven Management,AFC Wimbledon,"Nov 19, 2020",-,NA,NA,NA,NA,NA,NA,NA
Wesley Darius Donald Charles,"Dec 10, 1987",London,33,"1,85 m",England,Defender - Centre-Back,left,LPM Football Agents,AFC Wimbledon,"Jul 3, 2021","Jun 30, 2022",NA,NA,NA,,NA,NA,NA
William John Robert Nightingale,"Aug 2, 1995",Roehampton,26,"1,85 m",England,Defender - Centre-Back,right,World in Motion,AFC Wimbledon,"Jul 1, 2014",-,NA,NA,NA,NA,NA,NA,NA
Paul Asiedu Osew,"Nov 25, 2000",London,20,NA,England Ghana,Defender - Left-Back,left,NA,AFC Wimbledon,"Jul 1, 2019","Jun 30, 2022","Jan 8, 2020",NA,NA,NA,NA,Option for a further year,NA
Jamil Tyrique Daniel Awoyejo,"Jun 21, 2001",NA,20,"1,72 m",England Nigeria,Defender - Right-Back,right,NA,AFC Wimbledon,"Jul 1, 2020",-,NA,NA,NA,NA,NA,NA,NA
George Owen Marsh,"Nov 5, 1998",Pembury,22,"1,77 m",England,midfield - Defensive Midfield,right,NA,AFC Wimbledon,"Jul 6, 2021",-,NA,NA,NA,NA,NA,NA,NA
Alexander James Woodyard,"Nov 16, 1992",Gravesend,28,"1,75 m",England,midfield - Central Midfield,right,Wasserman,AFC Wimbledon,"Aug 6, 2020",-,NA,NA,NA,NA,NA,NA,NA
Luke Philip McCormick,"Jan 21, 1999",Bury St Edmunds,22,NA,England Scotland,midfield - Central Midfield,right,Unique Sports Group,AFC Wimbledon,"Jul 2, 2021",-,NA,NA,NA,,NA,NA,NA
أيوب عسال,"Jan 21, 2002",Maidstone,19,"1,70 m",Morocco England,midfield - Attacking Midfield,right,NSSM,AFC Wimbledon,"Jul 1, 2019","Jun 30, 2024","May 15, 2021",NA,NA,NA,NA,NA,NA
Adedapo Awokoya-Mebude,"Jul 29, 2001",London,20,"1,74 m",Scotland Nigeria,attack - Centre-Forward,right,First Access Sports,AFC Wimbledon,"Aug 4, 2021","May 31, 2022",NA,Watford FC U23,"Jun 30, 2023",,adidas,NA,NA
Oliver James Palmer,"Jan 21, 1992",London,29,"1,96 m",England,attack - Centre-Forward,right,New Era Global Sports,AFC Wimbledon,"Aug 7, 2020",-,NA,NA,NA,,NA,NA,NA
Aaron Alex Pressley,"Nov 7, 2001",Edinburgh,19,"1,89 m",Scotland,attack - Centre-Forward,right,New Vision,AFC Wimbledon,"Jul 16, 2021","May 31, 2022",NA,Brentford FC B,"Jun 30, 2023",NA,NA,NA,NA
