player_name,date_of_birth,place_of_birth,age,height,citizenship,position,foot,player_agent,current_club,joined,contract_expires,on_loan_from,contract_there_expires,social_media,date_of_last_contract_extension,x2nd_club,outfitter,x3nd_club,contract_option,full_name
Dean Jeffrey Gerken,"May 22, 1985",Rochford,36,"1,83 m",England,Goalkeeper,right,Volenti,Colchester United,"Jul 13, 2019","Jun 30, 2022",NA,NA,NA,NA,NA,NA,NA,NA,NA
Jake Edward Turner,"Feb 25, 1999",Wilmslow,22,"1,94 m",England,Goalkeeper,right,ICM Stellar Sports,Colchester United,"Aug 7, 2021","Jan 1, 2022",Newcastle United,-,NA,NA,NA,NA,NA,NA,NA
Thomas Jefferson Smith,"Mar 31, 1990",Macclesfield,31,"1,87 m",New Zealand England,Defender - Centre-Back,left,ICM Stellar Sports,Colchester United,"Aug 25, 2020","Jun 30, 2023",NA,NA,,NA,NA,NA,NA,NA,NA
Thomas Michael Eastman,"Oct 21, 1991 Happy Birthday",Colchester,30,"1,90 m",England,Defender - Centre-Back,right,NA,Colchester United,"Jul 1, 2011","Jun 30, 2023",NA,NA,NA,"May 25, 2021",NA,NA,NA,NA,NA
Harry Alfie Beadle,"Jan 7, 2003",NA,18,NA,England,Defender - Centre-Back,right,NA,Colchester United U23,"Jul 1, 2021","Jun 30, 2022",NA,NA,NA,NA,Colchester United (#43),NA,NA,NA,NA
Charlie John Daniels,"Sep 7, 1986",Harlow,35,"1,78 m",England,Defender - Left-Back,left,Volenti,Colchester United,"Aug 17, 2021","Jun 30, 2022",NA,NA,,NA,NA,Under Armour,NA,NA,NA
Miles Winfield Welch-Hayes,"Oct 25, 1996",Oxford,24,"1,80 m",England,Defender - Right-Back,right,Elite Management Agency,Colchester United,"Feb 21, 2020","Jun 30, 2022",NA,NA,,NA,NA,NA,NA,NA,NA
Junior Baptiste Tchamadeu,"Dec 22, 2003",NA,17,NA,England,Defender - Right-Back,right,Agent is known - Player under 18,Colchester United U18,"Jul 1, 2020","Jun 30, 2024",NA,NA,NA,NA,Colchester United (#22),NA,Colchester United U23 (#22),NA,NA
Cameron Terry Coxe,"Dec 18, 1998",Merthyr Tydfil,22,"1,85 m",Wales,Defender - Right-Back,right,Unique Sports Group,Colchester United,"Jul 2, 2021","Jan 6, 2022",Solihull Moors,"Jun 30, 2022",,NA,NA,NA,NA,NA,NA
Alan Christopher Judge,"Nov 11, 1988",Dublin,32,"1,69 m",Ireland,midfield - Central Midfield,right,NA,Colchester United,"Jul 1, 2021","Jun 30, 2023",NA,NA,NA,"Jun 18, 2021",NA,NA,NA,NA,NA
Brendan Nana Akwasi Sarpong Wiredu,"Nov 7, 1999",London,21,"1,91 m",England Ghana,midfield - Central Midfield,right,Sync Global Sports,Colchester United,"Feb 1, 2021","Jun 30, 2023",NA,NA,NA,"Jul 5, 2021",NA,NA,NA,NA,NA
Noah Christopher Chilvers,"Feb 22, 2001",Chelmsford,20,"1,73 m",England,midfield - Central Midfield,right,NA,Colchester United,"Jul 1, 2019","Jun 30, 2023",NA,NA,NA,"Oct 2, 2020",NA,NA,NA,NA,NA
Luke James Hannant,"Nov 4, 1993",Great Yarmouth,27,"1,80 m",England,midfield - Right Midfield,right,NA,Colchester United,"Jul 1, 2021","Jun 30, 2023",NA,NA,NA,NA,NA,NA,NA,NA,NA
Frederick David Sears,"Nov 27, 1989",Hornchurch,31,"1,69 m",England,attack - Second Striker,right,NA,Colchester United,"Jul 1, 2021","Jun 30, 2023",NA,NA,NA,NA,NA,NA,NA,NA,NA
Frank Herman Nouble,"Sep 24, 1991",London,30,"1,90 m",England Cote d'Ivoire,attack - Centre-Forward,right,VIPSportsManagement,Colchester United,"Jul 1, 2021","Jun 30, 2023",NA,NA,,NA,NA,NA,NA,NA,NA
Anssi Valtteri Jaakkola,"Mar 13, 1987",Kemi,34,"1,96 m",Finland,Goalkeeper,right,ICM Stellar Sports,Bristol Rovers,"Jul 1, 2019","Jun 30, 2022",NA,NA,NA,"Jul 3, 2020",NA,NA,NA,NA,NA
James Michael Belshaw,"Oct 12, 1990",Nottingham,31,"1,91 m",England,Goalkeeper,right,Unique Sports Group,Bristol Rovers,"Jul 23, 2021","Jun 30, 2023",NA,NA,NA,NA,NA,NA,NA,NA,NA
Cian William Thomas Harries,"Apr 1, 1997",Birmingham,24,"1,85 m",Wales,Defender - Centre-Back,left,NA,Bristol Rovers,"Jan 31, 2020","Jun 30, 2022",NA,NA,NA,NA,NA,NA,NA,NA,NA
Mark Anthony Hughes,"Dec 9, 1986",Liverpool,34,"1,90 m",England,Defender - Centre-Back,right,NA,Bristol Rovers,"Jul 1, 2021","Jun 30, 2022",NA,NA,NA,NA,NA,NA,NA,NA,NA
Alfie George Alexander Kilgour,"May 18, 1998",Bath,23,"1,88 m",England,Defender - Centre-Back,right,Relatives,Bristol Rovers,"Jul 1, 2016","Jun 30, 2023",NA,NA,,"Jul 4, 2020",NA,NA,NA,NA,NA
Trevor Thomas Clarke,"Mar 26, 1998",Dublin,23,"1,65 m",Ireland,Defender - Left-Back,left,NA,Bristol Rovers,"Jul 9, 2021","Jun 30, 2022",NA,NA,NA,NA,NA,NA,NA,club option 1 year,NA
Nick Wilmer-Anderton,"Apr 22, 1996",NA,25,"1,88 m",England,Defender - Left-Back,left,Fifteen Eleven Management,Bristol Rovers,"Jul 1, 2021","Jun 30, 2023",NA,NA,NA,NA,NA,NA,NA,NA,NA
Lucas George Tomlinson,"Nov 6, 2000",Bristol,20,"1,73 m",England,midfield,left,New Vision,Bristol Rovers,-,"Jun 30, 2022",NA,NA,NA,NA,NA,NA,NA,NA,NA
Glenn David Whelan,"Jan 13, 1984",Dublin,37,"1,80 m",Ireland,midfield - Defensive Midfield,right,NA,Bristol Rovers,"Sep 4, 2021","Jun 30, 2022",NA,NA,NA,NA,NA,adidas,NA,NA,NA
Joshua William Grant,"Oct 11, 1998",London,23,"1,83 m",England,midfield - Defensive Midfield,right,Volenti,Bristol Rovers,"Jul 18, 2020","Jun 30, 2023",NA,NA,NA,NA,NA,NA,NA,NA,NA
Paul Alexander Coutts,"Jul 22, 1988",Aberdeen,33,"1,84 m",Scotland,midfield - Central Midfield,right,ICM Stellar Sports,Bristol Rovers,"Jul 1, 2021","Jun 30, 2022",NA,NA,,NA,NA,NA,NA,NA,NA
Samuel Joseph Finley,"Aug 4, 1992",Liverpool,29,"1,70 m",England,midfield - Central Midfield,left,Wasserman,Bristol Rovers,"Jul 1, 2021","Jun 30, 2023",NA,NA,NA,NA,NA,NA,NA,NA,NA
Zain Sam Westbrooke,"Oct 28, 1996",Chertsey,24,"1,80 m",England,midfield - Central Midfield,right,Fifteen Eleven Management,Bristol Rovers,"Aug 3, 2020","Jun 30, 2023",NA,NA,,NA,NA,NA,NA,NA,NA
Harry John Anderson,"Jan 9, 1997",Chertsey,24,"1,79 m",England,midfield - Right Midfield,right,Unique Sports Group,Bristol Rovers,"Jul 13, 2021","Jun 30, 2023",NA,NA,,NA,NA,NA,NA,NA,NA
Sam Alastair Nicholson,"Jan 20, 1995",Edinburgh,26,"1,75 m",Scotland,midfield - Left Midfield,left,NA,Bristol Rovers,"Jul 22, 2020","Jun 30, 2022",NA,NA,,NA,NA,NA,NA,NA,NA
Antony Kenneth Evans,"Sep 23, 1998",Liverpool,23,"1,86 m",England,midfield - Attacking Midfield,right,Crown Football Ltd,Bristol Rovers,"Aug 31, 2021","May 31, 2022",NA,NA,NA,NA,NA,adidas,NA,NA,NA
Siôn Spence,"Oct 2, 2000",NA,21,NA,Wales,midfield - Attacking Midfield,NA,Wasserman,Bristol Rovers,"Jul 9, 2021","May 31, 2022",Crystal Palace U23,-,NA,NA,NA,NA,NA,NA,NA
Alexander Rodman,"Feb 15, 1987",Sutton Coldfield,34,"1,88 m",England,attack - Left Winger,right,Momentum Sports Management,Bristol Rovers,"Jul 2, 2018","Jun 30, 2022",NA,NA,,NA,NA,NA,NA,NA,NA
Luke Gerald Michael Thomas,"Feb 19, 1999",Soudley,22,"1,71 m",England,attack - Right Winger,left,YMU Group,Bristol Rovers,"Jul 10, 2021","May 31, 2022",Barnsley FC,"Jun 30, 2023",,NA,NA,NA,NA,NA,NA
Zain Alexander Walker,"Jan 8, 2002",NA,19,"1,73 m",England,attack - Right Winger,right,PowerHause SG,Bristol Rovers,"Jul 1, 2020","Jun 30, 2022",NA,NA,NA,"Sep 4, 2020",NA,NA,NA,Option for a further year,NA
Brett Douglas Pitman,"Jan 31, 1988",Saint Helier,33,"1,83 m",Jersey,attack - Centre-Forward,right,NA,Bristol Rovers,"Jul 30, 2021","Jun 30, 2022",NA,NA,NA,NA,NA,NA,NA,club option 1 year,NA
Leon Marvin Clarke,"Feb 10, 1985",Wolverhampton,36,"1,88 m",England,attack - Centre-Forward,right,NA,Bristol Rovers,"Aug 31, 2021","Jun 30, 2022",NA,NA,NA,NA,NA,NA,NA,NA,NA
Oliver Hulbert,"Feb 25, 2003",NA,18,"1,81 m",England,attack - Centre-Forward,NA,NA,Bristol Rovers,"Jul 1, 2020","Jun 30, 2022",NA,NA,NA,NA,NA,NA,NA,NA,NA
Aaron Graham John Collins,"May 27, 1997",Newport,24,"1,78 m",Wales,attack - Centre-Forward,NA,Elite Management Agency,Bristol Rovers,"Jul 1, 2021","Jun 30, 2023",NA,NA,,NA,NA,NA,NA,NA,NA
Harvey Read Saunders,"Jul 20, 1997",Wolverhampton,24,"1,80 m",England,attack - Centre-Forward,right,Intermediaries for Sport,Bristol Rovers,"Jul 1, 2021","Jun 30, 2023",NA,NA,NA,NA,NA,NA,NA,NA,NA
Kieran Lee Phillips,"Aug 13, 2002",NA,19,"1,75 m",England,attack - Centre-Forward,NA,GSF Agency,Bristol Rovers,"Jul 1, 2020","Jun 30, 2022",NA,NA,NA,NA,NA,NA,NA,NA,NA
Thomas Lloyd King,"Mar 9, 1995",Plymouth,26,"1,85 m",Wales England,Goalkeeper,NA,GrupoKontinental,Salford City,"Jul 7, 2021","Jun 30, 2023",NA,NA,,NA,NA,NA,NA,NA,NA
Zachary Anton John Jeacock,"May 8, 2001",Birmingham,20,"1,91 m",England,Goalkeeper,right,Quantum Sport,Salford City,"Jul 30, 2021","May 31, 2022",Birmingham City,"Jun 30, 2024",,NA,NA,NA,NA,NA,NA
Jordan Robert Turnbull,"Oct 31, 1994",Trowbridge,26,"1,85 m",England,Defender - Centre-Back,left,Unique Sports Group,Salford City,"Jul 28, 2020","Jun 30, 2022",NA,NA,NA,NA,NA,NA,NA,NA,NA
Ashley Martin Eastham,"Mar 22, 1991",Preston,30,"1,90 m",England,Defender - Centre-Back,right,NA,Salford City,"Jan 31, 2020","Jun 30, 2022",NA,NA,NA,NA,NA,NA,NA,NA,NA
Corrie Richard Ndaba,"Dec 25, 1999",Dublin,21,"1,88 m",Ireland,Defender - Centre-Back,left,NA,Salford City,"Aug 21, 2021","May 31, 2022",Ipswich Town,-,NA,NA,NA,NA,NA,NA,NA
Andrew John Smith,"Sep 11, 2001",Banbury,20,NA,England,Defender - Centre-Back,NA,Omni-Sports,Salford City,"Aug 30, 2021","May 31, 2022",Hull City U23,"Jun 30, 2023",,NA,NA,NA,NA,NA,NA
Ibou Omar Touray,"Dec 24, 1994",Liverpool,26,"1,77 m",The Gambia England,Defender - Left-Back,left,CAA Base Ltd,Salford City,"Jul 1, 2017","Jun 30, 2023",NA,NA,,"Jun 18, 2021",NA,NA,NA,NA,NA
Donald Alistair Love,"Dec 2, 1994",Rochdale,26,"1,78 m",Scotland England,Defender - Right-Back,right,NA,Salford City,"Aug 31, 2021","Jun 30, 2022",NA,NA,NA,NA,NA,NA,NA,NA,NA
Liam Christopher Shephard,"Nov 22, 1994",Pentre,26,"1,78 m",Wales,Defender - Right-Back,right,CAA Base Ltd,Salford City,"Jul 1, 2021","Jun 30, 2023",NA,NA,NA,NA,NA,NA,NA,NA,NA
Tyler Reed Golden,"Nov 8, 1999",Ipswich,21,"1,74 m",United States England,Defender - Right-Back,right,FullNinety,Salford City,"Aug 31, 2020","Jun 30, 2022",NA,NA,NA,NA,NA,NA,NA,NA,NA
Jason John Lowe,"Sep 2, 1991",Wigan,30,"1,83 m",England,midfield - Defensive Midfield,right,NA,Salford City,"Jul 22, 2020","Jun 30, 2023",NA,NA,NA,NA,NA,NA,NA,NA,NA
Alexander James Denny,"Apr 12, 2000",Chester,21,"1,86 m",England,midfield - Defensive Midfield,NA,SEG,Salford City,"Aug 31, 2020","Jun 30, 2022",NA,NA,,NA,NA,NA,NA,NA,NA
Matthew Charles Lund,"Nov 21, 1990",Manchester,30,"1,70 m",Northern Ireland England,midfield - Central Midfield,right,Clover Sports,Salford City,"Jul 1, 2021","Jun 30, 2022",NA,NA,,NA,NA,NA,NA,Option for a further year,NA
Matthew Anthony Willock,"Aug 20, 1996",London,25,"1,72 m",Montserrat England,midfield - Central Midfield,right,NA,Salford City,"Aug 4, 2021","Jun 30, 2022",NA,NA,,NA,NA,NA,NA,club option 1 year,NA
Luke Eugene Carroll-Burgess,"Mar 3, 1999",Liverpool,22,"1,75 m",England,midfield - Central Midfield,NA,New Vision,Salford City,"Aug 25, 2020","Jun 30, 2022",NA,NA,NA,NA,NA,NA,NA,NA,NA
Joshua Francis Morris,"Sep 30, 1991",Preston,30,"1,80 m",England,midfield - Left Midfield,left,Integral Sports Management,Salford City,"Jul 1, 2021","Jun 30, 2023",NA,NA,NA,NA,NA,NA,NA,NA,NA
Ashley Matthew Hunter,"Sep 29, 1995",Derby,26,"1,78 m",England,attack - Left Winger,right,Clover Sports,Salford City,"Jul 17, 2020","Jun 30, 2022",NA,NA,,NA,NA,NA,NA,NA,NA
Tyreik Samuel Wright,"Sep 22, 2001",Ovens,20,"1,79 m",Ireland,attack - Right Winger,NA,NA,Salford City,"Aug 17, 2021","May 31, 2022",Aston Villa U23,-,,"Jul 6, 2021",NA,NA,NA,club option 1 year,NA
Thomas Joshua Elliott,"Nov 9, 1990",Leeds,30,"1,99 m",England St. Kitts & Nevis,attack - Centre-Forward,right,Refuel Performance Management,Salford City,"Jan 9, 2020","Jun 30, 2022",NA,NA,NA,NA,NA,NA,NA,NA,NA
Conor Michael McAleny,"Aug 12, 1992",Whiston,29,"1,78 m",England,attack - Centre-Forward,right,Wasserman,Salford City,"Jul 1, 2021","Jun 30, 2023",NA,NA,,NA,NA,NA,NA,NA,NA
Aramide Jay Oteh,"Sep 10, 1998",London,23,"1,75 m",England Nigeria,attack - Centre-Forward,right,NA,Salford City,"Sep 25, 2021","Jan, 2022",NA,NA,NA,NA,NA,NA,NA,NA,NA
D'Mani Lucell Bughail-Mellor,"Sep 20, 2000",Manchester,21,"1,86 m",England,attack - Centre-Forward,right,ICM Stellar Sports,Salford City,"Aug 28, 2021","May 31, 2022",Manchester United U23,"Jun 30, 2023",,"Aug 13, 2021",NA,NA,NA,NA,NA
Solomon Brandon Michael Clarke Thomas-Asante,"Dec 29, 1998",Milton Keynes,22,"1,82 m",England Ghana,attack - Centre-Forward,right,NA,Salford City,"Sep 3, 2019","Jun 30, 2023",NA,NA,,NA,NA,NA,NA,,NA
Joseph Murphy,"Aug 21, 1981",Dublin,40,"1,88 m",Ireland,Goalkeeper,NA,ICM Stellar Sports,Tranmere Rovers,"Aug 22, 2020","Jun 30, 2022",NA,NA,NA,"Jun 10, 2021",NA,NA,NA,NA,NA
Scott David Davies,"Feb 27, 1987",Thornton-Clevelays,34,"1,83 m",England,Goalkeeper,NA,LPM Football Agents,Tranmere Rovers,"Jul 1, 2015","Jun 30, 2022",NA,NA,NA,"May 25, 2018",NA,NA,NA,NA,NA
Benjamin Thomas Jones,"Nov 29, 2000",NA,20,NA,England,Goalkeeper,NA,NA,Tranmere Rovers,"Nov 11, 2019","Jun 30, 2022",NA,NA,NA,NA,NA,NA,NA,NA,NA
Kyle William Hayde,"Sep 25, 2001",NA,20,NA,England,Defender,NA,NA,Tranmere Rovers,"Jul 14, 2020","Jun 30, 2022",NA,NA,NA,"Jul 14, 2020",NA,NA,NA,NA,NA
Nathaniel Lawrence Knight-Percival,"Mar 31, 1987",Histon and Impington,34,"1,82 m",England,Defender - Centre-Back,NA,World in Motion,Tranmere Rovers,"Jul 1, 2021","Jun 30, 2022",NA,NA,NA,NA,NA,NA,NA,NA,NA
Thomas Christopher Davies,"Apr 18, 1992",Warrington,29,"1,80 m",England,Defender - Centre-Back,right,NA,Tranmere Rovers,"Jul 1, 2021","Jun 30, 2022",NA,NA,NA,NA,NA,NA,NA,NA,NA
Peter Michael Clarke,"Jan 3, 1982",Southport,39,"1,88 m",England,Defender - Centre-Back,right,NA,Tranmere Rovers,"Jan 1, 2020","Jun 30, 2022",NA,NA,NA,NA,NA,NA,NA,NA,NA
Lee Patrick O'Connor,"Jul 28, 2000",Waterford,21,"1,85 m",Ireland,Defender - Centre-Back,right,PLG Scotland,Tranmere Rovers,"Aug 31, 2021","May 31, 2022",Celtic FC Reserves,"Jun 30, 2023",,NA,NA,NA,NA,NA,NA
Joseph Maguire,"Jan 18, 1996",Manchester,25,"1,79 m",England,Defender - Left-Back,left,NA,Tranmere Rovers,"Jul 6, 2021","Jun 30, 2022",NA,NA,,NA,NA,NA,NA,NA,NA
Calum Ross MacDonald,"Dec 18, 1997",NA,23,"1,80 m",Scotland England,Defender - Left-Back,left,KIN Partners,Tranmere Rovers,"Feb 1, 2021","Jun 30, 2022",NA,NA,NA,NA,NA,NA,NA,NA,NA
Joshua Jacob Dacres-Cogley,"Mar 12, 1996",Coventry,25,"1,74 m",England,Defender - Right-Back,right,Crown Football Ltd,Tranmere Rovers,"Jul 1, 2021","Jun 30, 2023",NA,NA,,NA,NA,NA,NA,NA,NA
Jay Francis Spearing,"Nov 25, 1988",Wallasey,32,"1,68 m",England,midfield - Defensive Midfield,right,no agent,Tranmere Rovers,"Aug 5, 2020","Jun 30, 2022",NA,NA,,NA,NA,NA,NA,NA,NA
Ryan James Watson,"Jul 7, 1993",Crewe,28,"1,85 m",England,midfield - Defensive Midfield,right,LPM Football Agents,Tranmere Rovers,"Jul 1, 2021","Jun 30, 2023",NA,NA,,NA,NA,NA,NA,NA,NA
Samuel Robert Foley,"Oct 17, 1986",Upton-on-Severn,35,"1,83 m",Ireland England,midfield - Central Midfield,right,LPM Football Agents,Tranmere Rovers,"Jul 22, 2021","Jun 30, 2022",NA,NA,,NA,NA,NA,NA,NA,NA
Christopher Francis Merrie,"Nov 2, 1998",Liverpool,22,"1,81 m",England,midfield - Central Midfield,left,Unique Sports Group,Tranmere Rovers,"Jul 1, 2021","Jun 30, 2022",NA,NA,NA,NA,NA,NA,NA,NA,NA
Mark James Duffy,"Oct 7, 1985",Liverpool,36,"1,75 m",England,midfield - Right Midfield,right,Wasserman,Tranmere Rovers,"Aug 31, 2021","Jan 1, 2022",NA,NA,NA,NA,NA,NA,NA,NA,NA
Joshua Stuart Hawkes,"Jan 28, 1999",Stockton-on-Tees,22,"1,80 m",England,midfield - Left Midfield,NA,NA,Tranmere Rovers,"Sep 2, 2021","May 31, 2022",Sunderland AFC,-,NA,NA,NA,NA,NA,NA,NA
Callum Henry McManaman,"Apr 25, 1991",Huyton,30,"1,74 m",England Ireland,attack - Right Winger,right,Stonemountain Management,Tranmere Rovers,"Jul 9, 2021","Jun 30, 2022",NA,NA,NA,NA,NA,NA,NA,NA,NA
Liam Michael Feeney-Howard,"Jan 21, 1987",London,34,"1,83 m",England Jamaica,attack - Right Winger,right,Refuel Performance Management,Tranmere Rovers,"Jul 1, 2021","Jun 30, 2022",NA,NA,NA,NA,NA,NA,NA,NA,NA
Stephen John Walker,"Oct 11, 2000",Middlesbrough,21,"1,81 m",England,attack - Second Striker,right,SMI Sports Management,Tranmere Rovers,"Aug 31, 2021","May 31, 2022",Middlesbrough FC,"Jun 30, 2023",,NA,NA,NA,NA,NA,NA
Paul Milton Glatzel,"Feb 20, 2001",Liverpool,20,"1,74 m",Germany England,attack - Centre-Forward,left,ICM Stellar Sports,Tranmere Rovers,"Jul 2, 2021","May 31, 2022",Liverpool FC U23,"Jun 30, 2023",,NA,NA,adidas,NA,NA,NA
Nicholas David Maynard,"Dec 11, 1986",Winsford,34,"1,80 m",England,attack - Centre-Forward,right,NA,Tranmere Rovers,"Aug 31, 2021","Jun 30, 2022",NA,NA,NA,NA,NA,NA,NA,NA,NA
Charlie Patrick Jolley,"Jan 13, 2001",Liverpool,20,"1,77 m",England,attack - Centre-Forward,right,NA,Tranmere Rovers,"Jan 25, 2021","Jun 30, 2022",NA,NA,NA,NA,NA,NA,NA,club option 1 year,NA
Emmanuel Aghogho Oluwafemi Dieseruvwe,"Feb 20, 1995",Leeds,26,"1,95 m",England Nigeria,attack - Centre-Forward,NA,NA,Tranmere Rovers,"Jul 1, 2021","Jun 30, 2022",NA,NA,NA,NA,NA,NA,NA,NA,NA
Elliott Lloyd Nevitt,"Mar 25, 1996",NA,25,NA,England,attack - Centre-Forward,NA,NA,Tranmere Rovers,"Jul 9, 2021","Jun 30, 2022",NA,NA,NA,NA,NA,NA,NA,NA,NA
Joseph Luke Wollacott,"Sep 8, 1996",Bristol,25,"1,90 m",Ghana England,Goalkeeper,NA,NA,Swindon Town,"Jul 1, 2021","Jun 30, 2022",NA,NA,,NA,NA,NA,NA,NA,NA
Lewis Moore Ward,"Mar 5, 1997",NA,24,"1,94 m",England,Goalkeeper,NA,Integral Sports Management,Swindon Town,"Jul 27, 2021","Jun 30, 2022",NA,NA,NA,NA,NA,NA,NA,NA,NA
Romoney Crichlow-Noble,"Jun 3, 1999",Luton,22,"1,84 m",England,Defender - Centre-Back,left,NA,Swindon Town,"Aug 6, 2021","May 31, 2022",Huddersfield Town,"Jun 30, 2023",,NA,NA,NA,NA,NA,NA
Mathieu Marian Ghislain Baudry,"Feb 24, 1988",Le Havre,33,"1,88 m",France,Defender - Centre-Back,right,Midas Sports,Swindon Town,"Jul 1, 2019","Jun 30, 2022",NA,NA,,"Jul 8, 2020",NA,NA,NA,NA,NA
Dion John Conroy,"Dec 11, 1995",Redhill,25,"1,81 m",England,Defender - Centre-Back,NA,ICM Stellar Sports,Swindon Town,"Jan 27, 2017","Jun 30, 2022",NA,NA,NA,"Jun 21, 2019",NA,NA,NA,NA,NA
Akinwale Joseph Odimayo,"Nov 28, 1999",NA,21,"1,83 m",England Nigeria,Defender - Centre-Back,right,Straight Ace Sports,Swindon Town,"Aug 18, 2020","Jun 30, 2021",NA,NA,NA,NA,NA,NA,NA,Option for a further year,NA
Ellis Carlo Iandolo,"Aug 22, 1997",Chatham,24,"1,86 m",England,Defender - Left-Back,NA,SSG,Swindon Town,"Aug 4, 2015","Jun 30, 2022",NA,NA,,"May 11, 2016",NA,NA,NA,NA,NA
Kaine Kesler Hayden,"Oct 23, 2002",NA,18,"1,75 m",England,Defender - Right-Back,right,Wasserman,Swindon Town,"Aug 2, 2021","May 31, 2022",Aston Villa U23,"Jun 30, 2026",,NA,NA,NA,NA,NA,NA
Robert Donald Hunt,"Jul 7, 1995",Dagenham,26,"1,71 m",England,Defender - Right-Back,both,IWSM,Swindon Town,"Jul 1, 2019","Jun 30, 2022",NA,NA,NA,"Jul 15, 2020",NA,NA,NA,NA,NA
Ryan Henry East,"Aug 7, 1998",NA,23,"1,76 m",England,midfield - Defensive Midfield,left,PIR,Swindon Town,"Aug 7, 2021","Jun 30, 2022",NA,NA,NA,NA,NA,NA,NA,NA,NA
Jordan David Lyden,"Jan 30, 1996",Perth,25,"1,83 m",Australia England,midfield - Central Midfield,right,NA,Swindon Town,"Jul 26, 2019","Jun 30, 2022",NA,NA,,NA,NA,NA,NA,NA,NA
Benjamin Thomas Gladwin,"Jun 8, 1992",Reading,29,"1,90 m",England,midfield - Central Midfield,NA,NA,Swindon Town,"Jul 26, 2021","Jun 30, 2022",NA,NA,NA,NA,NA,NA,NA,NA,NA
Louis Samuel Reed,"Jul 25, 1997",Barnsley,24,"1,73 m",England,midfield - Central Midfield,right,Wasserman,Swindon Town,"Aug 6, 2021","Jun 30, 2022",NA,NA,,NA,NA,NA,NA,NA,NA
Anthony Paul Shaun Andrew Daure Grant,"Jun 4, 1987",London,34,"1,78 m",Jamaica England,midfield - Central Midfield,right,World in Motion,Swindon Town,"Jan 6, 2020","Jun 30, 2022",NA,NA,NA,"Aug 5, 2021",NA,NA,NA,NA,NA
Ricky Leon Aguiar,"Mar 17, 2001",NA,20,NA,England,midfield - Central Midfield,NA,NA,Swindon Town,"Aug 10, 2021","Jun 30, 2022",NA,NA,NA,NA,NA,NA,NA,NA,NA
Mohammad Dabre,"Jan 22, 2003",NA,18,NA,France,midfield - Central Midfield,NA,NA,Swindon Town,"Aug 4, 2021","Jun 30, 2022",NA,NA,NA,NA,NA,NA,NA,NA,NA
Jonathan Peter Williams,"Oct 9, 1993",Tunbridge Wells,28,"1,68 m",Wales England,midfield - Attacking Midfield,left,New Era Global Sports,Swindon Town,"Aug 13, 2021","Jun 30, 2022",NA,NA,,NA,NA,NA,NA,NA,NA
Jayden Joshua Joseph Mitchell-Lawson,"Sep 17, 1999",NA,22,"1,68 m",England,midfield - Attacking Midfield,right,ICM Stellar Sports,Swindon Town,"Aug 19, 2021","Jun 30, 2022",NA,NA,NA,NA,NA,NA,NA,NA,NA
Alexander George Henry Gilbert,"Dec 28, 2001",NA,19,"1,83 m",Ireland England,attack - Left Winger,NA,Elite Management Agency,Swindon Town,"Aug 31, 2021","May 31, 2022",Brentford FC B,-,NA,NA,NA,NA,NA,NA,NA
Tyreece Tyson Nesbett Simpson,"Feb 7, 2002",Ipswich,19,"1,86 m",England,attack - Centre-Forward,left,Family & Football,Swindon Town,"Jul 31, 2021","May 31, 2022",Ipswich Town U23,"Jun 30, 2022",,NA,NA,NA,NA,NA,NA
Harry John Parsons,"Oct 9, 2002",NA,19,NA,England,attack - Centre-Forward,NA,New Vision,Swindon Town,"Jul 1, 2020","Jun 30, 2023",NA,NA,NA,"Jun 14, 2021",Swindon Town U18,NA,NA,NA,NA
Nathan James Bishop,"Oct 15, 1999",Hillingdon,22,"1,85 m",England,Goalkeeper,right,Unique Sports Group,Mansfield Town,"Aug 9, 2021","Jun 30, 2023",Manchester United U23,"Jun 30, 2023",NA,NA,NA,NA,NA,NA,NA
Marek Štěch,"Jan 28, 1990",Praha,31,"1,91 m",Czech Republic,Goalkeeper,right,SPORT INVEST,Mansfield Town,"Jul 1, 2020","Jun 30, 2022",NA,NA,,NA,NA,NA,NA,NA,NA
George William Shelvey,"Apr 22, 2001",NA,20,"1,89 m",England,Goalkeeper,right,SSG,Mansfield Town,"Jul 1, 2021","May 31, 2022",Nottingham Forest U23,"Jun 30, 2023",NA,NA,NA,NA,NA,NA,NA
Richard Nicos Tettey Nartey,"Sep 6, 1998",London,23,"1,85 m",England Ghana,Defender - Centre-Back,right,New Era Global Sports,Mansfield Town,"Aug 31, 2021","May 31, 2022",Burnley FC U23,-,NA,NA,NA,NA,NA,NA,NA
Farrend James Rawson,"Jul 11, 1996",Nottingham,25,"1,93 m",England,Defender - Centre-Back,NA,Omni-Sports,Mansfield Town,"Jul 17, 2020","Jun 30, 2022",NA,NA,,NA,NA,NA,NA,NA,NA
William Samuel Forrester,"Jun 29, 2001",NA,20,"1,80 m",England,Defender - Centre-Back,right,Unique Sports Group,Mansfield Town,"Aug 31, 2021","Jan 9, 2022",Stoke City U23,"Jun 30, 2023",NA,NA,NA,NA,NA,NA,NA
Frank George Cooper,"Oct 25, 2002",NA,18,NA,England,Defender - Centre-Back,NA,Tornado Sports Management,Mansfield Town,"Jul 1, 2021","Jun 30, 2022",NA,NA,NA,NA,NA,NA,NA,NA,NA
Ryan Darren Burke,"Nov 23, 2000",Dublin,20,"1,77 m",Ireland,Defender - Left-Back,left,NA,Mansfield Town,"Jul 2, 2021","Jun 30, 2022",NA,NA,,NA,NA,NA,NA,NA,NA
Jaden Gary Charles,"Jan 25, 2002",NA,19,"1,73 m",Ireland England,Defender - Left-Back,left,Tornado Sports Management,Mansfield Town,"Mar 24, 2021","Jun 30, 2022",NA,NA,NA,NA,NA,NA,NA,NA,NA
Elliott Jack Hewitt,"May 30, 1994",Rhuddlan,27,"1,80 m",Wales,Defender - Right-Back,right,ASC,Mansfield Town,"Jul 1, 2021","Jun 30, 2023",NA,NA,NA,NA,NA,NA,NA,NA,NA
Kellan Sheene Gordon,"Dec 25, 1997",Burton upon Trent,23,"1,82 m",England,Defender - Right-Back,right,ICM Stellar Sports,Mansfield Town,"Jul 25, 2019","Jun 30, 2023",NA,NA,NA,"Feb 6, 2021",NA,NA,NA,NA,NA
James Michael Neil Clarke,"Apr 2, 2000",NA,21,"1,83 m",Ireland,Defender - Right-Back,right,Beswicks Sports Ltd,Mansfield Town,"Jul 1, 2019","Jun 30, 2022",NA,NA,NA,NA,NA,NA,NA,NA,NA
James Robert Perch,"Sep 28, 1985",Mansfield,36,"1,80 m",England Jamaica,midfield - Defensive Midfield,right,NA,Mansfield Town,"Aug 13, 2020","Jun 30, 2022",NA,NA,NA,NA,NA,NA,NA,NA,NA
Ryan William Stirk,"Sep 25, 2000",NA,21,"1,78 m",Wales,midfield - Defensive Midfield,right,ICM Stellar Sports,Mansfield Town,"Jul 27, 2021","May 31, 2022",Birmingham City U23,-,NA,NA,NA,NA,NA,NA,NA
Stephen Jude Quinn,"Apr 1, 1986",Clondalkin,35,"1,68 m",Ireland,midfield - Central Midfield,left,NA,Mansfield Town,"Jul 1, 2021","Jun 30, 2022",NA,NA,NA,"Jun 14, 2021",NA,adidas,NA,NA,NA
George Robert Lapslie,"Sep 5, 1997",London,24,"1,80 m",England,midfield - Central Midfield,right,PODIA SPORTS LTD,Mansfield Town,"Jan 19, 2021","Jun 30, 2023",NA,NA,NA,NA,NA,NA,NA,NA,NA
Oliver Anthony Clarke,"Jun 29, 1992",Bristol,29,"1,80 m",England,midfield - Central Midfield,left,Momentum Sports Management,Mansfield Town,"Jul 1, 2020","Jun 30, 2022",NA,NA,NA,NA,NA,NA,NA,NA,NA
George Thomas Maris,"Mar 6, 1996",Sheffield,25,"1,80 m",England,midfield - Central Midfield,left,Momentum Sports Management,Mansfield Town,"Jul 28, 2020","Jun 30, 2022",NA,NA,NA,NA,NA,NA,NA,NA,NA
Henry William James Charsley,"Nov 1, 1996",Wirral,24,"1,78 m",Ireland England,midfield - Central Midfield,right,ICM Stellar Sports,Mansfield Town,"Jan 18, 2020","Jun 30, 2022",NA,NA,NA,"Feb 6, 2021",NA,NA,NA,NA,NA
Keaton Brodie Ward,"May 4, 2000",NA,21,"1,83 m",England,midfield - Central Midfield,right,Tornado Sports Management,Mansfield Town,"Mar 5, 2021","Jun 30, 2022",NA,NA,NA,NA,NA,NA,NA,NA,NA
Ethan Thomas Hill,"Sep 12, 2002",Leicester,19,"1,80 m",England,midfield - Central Midfield,right,Tornado Sports Management,Mansfield Town,"Jul 1, 2021","Jun 30, 2022",NA,NA,NA,NA,NA,NA,NA,NA,NA
Stephen Antony McLaughlin,"Jun 14, 1990",Dublin,31,"1,78 m",Ireland,midfield - Left Midfield,left,NA,Mansfield Town,"Sep 11, 2020","Jun 30, 2022",NA,NA,NA,NA,NA,NA,NA,NA,NA
Rhys Derek Oates,"Dec 4, 1994",Pontefract,26,"1,83 m",England,attack - Left Winger,NA,NA,Mansfield Town,"Jul 8, 2021","Jun 30, 2023",NA,NA,,NA,NA,NA,NA,NA,NA
Daniel Johnson,"Feb 28, 1993",Middlesbrough,28,"1,78 m",England,attack - Centre-Forward,NA,SMI Sports Management,Mansfield Town,"Jul 1, 2021","Jun 30, 2023",NA,NA,NA,NA,NA,NA,NA,NA,NA
Jordan Nathaniel Bowery,"Jul 2, 1991",Nottingham,30,"1,85 m",England,attack - Centre-Forward,right,NA,Mansfield Town,"Jul 1, 2020","Jun 30, 2022",NA,NA,NA,NA,NA,NA,NA,NA,NA
Oliver Jack Hawkins,"Apr 8, 1992",London,29,"1,95 m",England,attack - Centre-Forward,right,Unique Sports Group,Mansfield Town,"Jul 1, 2021","Jun 30, 2023",NA,NA,,NA,NA,NA,NA,NA,NA
Nathan Ross Caine,"Nov 20, 2002",Stockport,18,NA,England,attack - Centre-Forward,NA,Tornado Sports Management,Mansfield Town,"Jul 1, 2021","Jun 30, 2022",NA,NA,NA,NA,NA,NA,NA,NA,NA
Liam Joseph Roberts,"Nov 24, 1994",Walsall,26,"1,83 m",England,Goalkeeper,NA,NA,Northampton Town,"Jul 1, 2021","Jun 30, 2023",NA,NA,,NA,NA,NA,NA,NA,NA
Jonathan Maxted,"Sep 16, 1992",Tadcaster,29,"1,90 m",England,Goalkeeper,right,366 Group,Northampton Town,"Jul 1, 2021","Jun 30, 2022",NA,NA,,NA,NA,NA,NA,NA,NA
Joshua Francis Flanagan,"Jun 30, 2003",NA,18,NA,England,Defender,NA,NA,Northampton Town,"Jul 1, 2021","Jun 30, 2022",NA,NA,NA,NA,NA,NA,NA,NA,NA
Jonathan Neil Guthrie,"Jul 29, 1992",Devizes,29,"1,93 m",England,Defender - Centre-Back,left,Volenti,Northampton Town,"Jul 1, 2021","Jun 30, 2023",NA,NA,NA,NA,NA,NA,NA,NA,NA
Sidney Raymond Kenneth Nelson,"Jan 1, 1996",London,25,"1,85 m",England,Defender - Centre-Back,right,Elite Management Agency,Northampton Town,"Jul 9, 2021","Jun 30, 2022",NA,NA,NA,NA,NA,NA,NA,NA,NA
Fraser Matthew Horsfall,"Nov 12, 1996",Huddersfield,24,"1,90 m",England,Defender - Centre-Back,right,CAA Base Ltd,Northampton Town,"Aug 14, 2020","Jun 30, 2022",NA,NA,NA,NA,NA,NA,NA,NA,NA
Joseph Nathan Mills,"Oct 30, 1989",Swindon,31,"1,75 m",England,Defender - Left-Back,left,Momentum Sports Management,Northampton Town,"Aug 8, 2020","Jun 30, 2022",NA,NA,NA,NA,NA,NA,NA,NA,NA
Abd-Al-Ali Morakinyo Olaposi Koiki,"Aug 22, 1999",NA,22,"1,87 m",England Nigeria,Defender - Left-Back,left,Unique Sports Group,Northampton Town,"Jul 23, 2021","Jun 30, 2022",NA,NA,,NA,NA,NA,NA,NA,NA
Aaron Joseph McGowan,"Jul 24, 1996",Maghull,25,"1,75 m",England,Defender - Right-Back,right,NA,Northampton Town,"Jul 12, 2021","Jun 30, 2023",NA,NA,NA,NA,NA,NA,NA,NA,NA
Michael Grant Harriman,"Oct 23, 1992",Chichester,28,"1,68 m",Ireland England,Defender - Right-Back,right,Volenti,Northampton Town,"Sep 4, 2019","Jun 30, 2022",NA,NA,NA,"Jul 10, 2020",NA,NA,NA,NA,NA
Liam James Cross,"Apr 8, 2003",NA,18,NA,England,midfield,NA,NA,Northampton Town,"Jul 1, 2021","Jun 30, 2022",NA,NA,NA,NA,NA,NA,NA,NA,NA
Jordan Michael Flores,"Oct 4, 1995",Wigan,26,"1,80 m",England,midfield - Central Midfield,left,NA,Northampton Town,"Aug 6, 2021","Jun 30, 2022",NA,NA,NA,NA,NA,NA,NA,NA,NA
Jack Anthony Charles William Sowerby,"Mar 23, 1995",Preston,26,"1,75 m",England,midfield - Central Midfield,right,366 Group,Northampton Town,"Sep 18, 2020","Jun 30, 2022",NA,NA,NA,NA,NA,NA,NA,NA,NA
Shaun Daniel McWilliams,"Aug 14, 1998",Northampton,23,"1,80 m",England,midfield - Central Midfield,NA,New Era Global Sports,Northampton Town,"Jul 1, 2016","Jun 30, 2022",NA,NA,NA,"Jul 1, 2020",NA,NA,NA,NA,NA
Paul James Lewis,"Dec 17, 1994",NA,26,"1,85 m",England,midfield - Central Midfield,right,LPM Football Agents,Northampton Town,"Jul 1, 2021","Jun 30, 2023",NA,NA,NA,NA,NA,NA,NA,NA,NA
Scott Alexander Gladman Pollock,"Mar 13, 2001",Northampton,20,"1,78 m",England,midfield - Central Midfield,right,NA,Northampton Town,"Jul 1, 2019","Jun 30, 2022",NA,NA,NA,"May 28, 2021",NA,adidas,NA,NA,NA
Dylan Edward Connolly,"May 2, 1995",Dublin,26,"1,76 m",Ireland,midfield - Attacking Midfield,NA,NA,Northampton Town,"Jul 1, 2021","Jun 30, 2023",NA,NA,,NA,NA,NA,NA,NA,NA
Mitchell Bernard Pinnock,"Dec 12, 1994",Gravesend,26,"1,78 m",England,attack - Left Winger,left,NA,Northampton Town,"Jul 1, 2021","Jun 30, 2023",NA,NA,NA,NA,NA,NA,NA,NA,NA
Samuel Tobias Hoskins,"Feb 4, 1993",Dorchester,28,"1,73 m",England,attack - Right Winger,NA,Midas Sports,Northampton Town,"Aug 1, 2015","Jun 30, 2022",NA,NA,,"Jul 13, 2020",NA,NA,NA,NA,NA
Bernard Patrick Ashley-Seal,"Nov 21, 1998",London,22,"1,85 m",England,attack - Centre-Forward,right,Elite Project Group Ltd,Northampton Town,"Sep 7, 2020","Jun 30, 2022",NA,NA,,NA,NA,NA,NA,NA,NA
Daniel Antony Rose,"Dec 10, 1993",Barnsley,27,"1,73 m",England,attack - Centre-Forward,right,Distinct Football,Northampton Town,"Oct 2, 2020","Jun 30, 2022",NA,NA,NA,NA,NA,NA,NA,NA,NA
Kion Reece Etete,"Nov 28, 2001",Derby,19,"1,96 m",England Nigeria,attack - Centre-Forward,NA,Unique Sports Group,Northampton Town,"Aug 2, 2021","May 31, 2022",Tottenham Hotspur U23,"Jun 30, 2023",,NA,NA,NA,NA,NA,NA
Daniel Rogers,"Mar 23, 1994","New York City, New York",27,"1,85 m",Ireland United States,Goalkeeper,NA,Wasserman,Oldham Athletic,"Aug 7, 2021","Jun 30, 2022",NA,NA,NA,NA,NA,NA,NA,NA,NA
Jayson William Leutwiler,"Apr 25, 1989",Neuchâtel,32,"1,92 m",Canada Switzerland,Goalkeeper,right,Seven Sport,Oldham Athletic,"Jul 1, 2021","Jun 30, 2023",NA,NA,,NA,NA,NA,NA,NA,NA
Jordan Lee Clarke,"Nov 19, 1991",Coventry,29,"1,83 m",England,Defender - Centre-Back,right,Elite Management Agency,Oldham Athletic,"Jul 1, 2021","Jun 30, 2022",NA,NA,NA,NA,NA,NA,NA,NA,NA
Raphaël Djiguy Diarra,"May 27, 1995",Paris,26,"1,85 m",France Mali,Defender - Centre-Back,right,NA,Oldham Athletic,"Nov 10, 2020","Jun 30, 2022",NA,NA,,NA,NA,NA,NA,NA,NA
Alan Michael Anthony Sheehan,"Sep 14, 1986",Athlone,35,"1,80 m",Ireland,Defender - Centre-Back,NA,NA,Oldham Athletic,"Jul 23, 2021","Jun 30, 2022",NA,NA,NA,NA,NA,NA,NA,NA,NA
Carl Liam Piergianni,"May 3, 1992",Peterborough,29,"1,85 m",England Italy,Defender - Centre-Back,NA,LPM Football Agents,Oldham Athletic,"Aug 2, 2020","Jun 30, 2022",NA,NA,NA,NA,NA,NA,NA,NA,NA
Kyle Alexander Jameson,"Sep 11, 1998",Urmston,23,"1,83 m",England,Defender - Centre-Back,NA,NA,Oldham Athletic,"Sep 1, 2020","Jun 30, 2022",NA,NA,NA,NA,NA,NA,NA,NA,NA
Samuel James Hart,"Sep 10, 1996",Bolton,25,"1,83 m",England,Defender - Left-Back,left,Omni-Sports,Oldham Athletic,"Jul 1, 2021","Jun 30, 2022",NA,NA,NA,NA,NA,NA,NA,NA,NA
Callum Tyler Whelan,"Sep 24, 1998",Barnsley,23,"1,75 m",England,midfield - Defensive Midfield,right,no agent,Oldham Athletic,"Aug 28, 2020","Jun 30, 2022",NA,NA,NA,NA,NA,NA,NA,NA,NA
Jamie Patrick Bowden,"Jul 9, 2001",Middlesex,20,"1,83 m",Ireland England,midfield - Defensive Midfield,right,ICM Stellar Sports,Oldham Athletic,"Aug 7, 2021","May 31, 2022",Tottenham Hotspur U23,-,,NA,NA,NA,NA,NA,NA
فيصل بتاش,"Jul 7, 2000",London,21,"1,85 m",England Algeria,midfield - Central Midfield,left,NA,Oldham Athletic,"Aug 20, 2021","May 31, 2022",Queens Park Rangers,"Jun 30, 2023",NA,NA,NA,NA,NA,NA,NA
Nicholas William Adams,"Oct 16, 1986",Bolton,35,"1,78 m",Wales England,midfield - Right Midfield,right,NA,Oldham Athletic,"Jan 22, 2021","Jun 30, 2022",NA,NA,,NA,NA,NA,NA,NA,NA
Dylan Raphaël Colette Fage,"Mar 18, 1999",Paris,22,"1,78 m",France,midfield - Right Midfield,right,RSWORLDWIDE,Oldham Athletic,"Jul 30, 2019","Jun 30, 2022",NA,NA,NA,"Apr 23, 2021",NA,NA,NA,NA,NA
Jack Thomas Stobbs,"Feb 27, 1997",Leeds,24,"1,80 m",England,midfield - Left Midfield,NA,Pan Sports,Oldham Athletic,"Aug 4, 2021","Jun 30, 2022",NA,NA,,NA,NA,NA,NA,NA,NA
Davis James Marshall Keillor-Dunn,"Nov 2, 1997",Sunderland,23,"1,80 m",England Scotland,midfield - Attacking Midfield,NA,SMI Sports Management,Oldham Athletic,"Aug 11, 2020","Jun 30, 2022",NA,NA,,NA,NA,NA,NA,NA,NA
Jamie Ryan Hopcutt,"Jun 23, 1992",York,29,"1,80 m",England Sweden,midfield - Attacking Midfield,right,Taldea Advisory Group,Oldham Athletic,"Aug 13, 2021","Jun 30, 2022",NA,NA,NA,NA,NA,NA,NA,Option for a further year,NA
Hallam Robert Hope,"Mar 17, 1994",Manchester,27,"1,79 m",Barbados England,attack - Centre-Forward,right,Propel Sports,Oldham Athletic,"Jul 1, 2021","Jun 30, 2022",NA,NA,,NA,NA,NA,NA,NA,NA
Zachary Harry Dearnley,"Sep 28, 1998",Sheffield,23,"1,80 m",England,attack - Centre-Forward,right,CAA Base Ltd,Oldham Athletic,"Jan 14, 2020","Jun 30, 2022",NA,NA,,NA,NA,NA,NA,NA,NA
Ivanilson Loforte Tique Da Silva,"Nov 27, 2002",NA,18,"1,83 m",England,attack - Centre-Forward,NA,Unique Sports Group,Oldham Athletic,"Sep 4, 2020","Jun 30, 2023",NA,NA,NA,NA,NA,NA,NA,NA,NA
Joshua Mark Lillis,"Jun 24, 1987",Derby,34,"1,83 m",England,Goalkeeper,NA,Star Management Signings Ltd.,Barrow AFC,"Sep 6, 2020","Jun 30, 2023",NA,NA,NA,"Jul 1, 2021",NA,NA,NA,NA,NA
Paul David Farman,"Nov 2, 1989",North Tyneside,31,"1,96 m",England,Goalkeeper,right,LPM Football Agents,Barrow AFC,"Jul 1, 2021","Jun 30, 2023",NA,NA,NA,NA,NA,NA,NA,NA,NA
Scott Gavin Moloney,"Feb 5, 2001",NA,20,"1,89 m",England,Goalkeeper,right,NA,Barrow AFC,"Sep 17, 2020","Jun 30, 2022",NA,NA,NA,"Jul 15, 2021",NA,NA,NA,NA,NA
Matthew James Platt,"Oct 3, 1997",Knowsley,24,"1,88 m",England,Defender - Centre-Back,right,NA,Barrow AFC,"Jul 29, 2020","Jun 30, 2022",NA,NA,NA,NA,NA,NA,NA,NA,NA
Mark Ian Ellis,"Sep 30, 1988",Kingsbridge,33,"1,88 m",England,Defender - Centre-Back,NA,Integral Sports Management,Barrow AFC,"Jul 1, 2021","Jun 30, 2023",NA,NA,,NA,NA,NA,NA,NA,NA
James Oliver Jones,"Mar 13, 1997",Wrexham,24,"1,93 m",Wales,Defender - Centre-Back,right,NA,Barrow AFC,"Jul 31, 2020","Jun 30, 2022",NA,NA,NA,NA,NA,NA,NA,NA,NA
Joseph Nicholas Grayson,"Mar 26, 1999",NA,22,"1,78 m",England,Defender - Centre-Back,left,New Era Global Sports,Barrow AFC,"Jul 1, 2021","Jun 30, 2023",NA,NA,,NA,NA,NA,NA,NA,NA
Kgosietsile Ntlhe,"Feb 21, 1994","Pretoria, Gauteng",27,"1,75 m",South Africa England,Defender - Left-Back,left,NA,Barrow AFC,"Sep 3, 2020","Jun 30, 2022",NA,NA,NA,"Jun 23, 2021",NA,NA,NA,NA,NA
Patrick John Brough,"Feb 20, 1996",Carlisle,25,"1,91 m",England,Defender - Left-Back,left,Omni-Sports,Barrow AFC,"Jul 1, 2019","Jun 30, 2023",NA,NA,,NA,NA,NA,NA,NA,NA
Connor Anton Brown,"Aug 22, 1992",Sheffield,29,"1,75 m",England,Defender - Right-Back,right,NA,Barrow AFC,"Jul 7, 2018","Jun 30, 2022",NA,NA,NA,"May 14, 2019",NA,NA,NA,NA,NA
Remeao Andrew Hutton,"Sep 28, 1998",Walsall,23,"1,74 m",Burundi England,Defender - Right-Back,left,NA,Barrow AFC,"Jul 1, 2021","Jun 30, 2023",NA,NA,NA,NA,NA,NA,NA,NA,NA
Thomas Beadling,"Jan 16, 1996",Barrow,25,"1,86 m",Australia England,midfield - Defensive Midfield,right,CAA Base Ltd,Barrow AFC,"Jul 20, 2020","Jun 30, 2022",NA,NA,,NA,NA,adidas,NA,NA,NA
Michael David Jones,"Aug 15, 1987",Birkenhead,34,"1,83 m",England,midfield - Central Midfield,right,NA,Barrow AFC,"Jul 20, 2020","Jun 30, 2022",NA,NA,NA,NA,NA,NA,NA,NA,NA
Oliver Ian Banks,"Sep 21, 1992",Rotherham,29,"1,91 m",England,midfield - Central Midfield,right,Major League Sports Management,Barrow AFC,"Jan 18, 2021","Jun 30, 2022",NA,NA,NA,NA,NA,NA,NA,NA,NA
Jason James Taylor,"Jan 28, 1987",Ashton-under-Lyne,34,"1,85 m",England,midfield - Central Midfield,NA,NA,Barrow AFC,"Jul 16, 2018","Jun 30, 2023",NA,NA,NA,"Jun 10, 2021",NA,NA,NA,NA,NA
Thomas Alan White,"May 9, 1997",NA,24,"1,78 m",England,midfield - Central Midfield,NA,NA,Barrow AFC,"Jul 1, 2021","Jun 30, 2022",NA,NA,NA,NA,NA,NA,NA,NA,NA
Jordan Harry Stevens,"Mar 25, 2000",Gloucester,21,"1,78 m",England,midfield - Right Midfield,right,ICM Stellar Sports,Barrow AFC,"Aug 31, 2021","Jun 30, 2023",NA,NA,NA,NA,NA,NA,NA,NA,NA
Joshua William Kay,"Jan 30, 1997",Blackpool,24,"1,82 m",England,midfield - Left Midfield,right,Midas Sports,Barrow AFC,"Jul 1, 2018","Jun 30, 2022",NA,NA,,NA,NA,NA,NA,NA,NA
Jamie Martin Devitt,"Jul 6, 1990",Dublin,31,"1,78 m",Ireland,midfield - Attacking Midfield,right,NA,Barrow AFC,"Jan 19, 2021","Jun 30, 2023",NA,NA,NA,NA,NA,NA,NA,NA,NA
George Christopher Williams,"Sep 7, 1995",Milton Keynes,26,"1,72 m",Wales England,attack - Left Winger,left,CAA Base Ltd,Barrow AFC,"Aug 11, 2021","Jun 30, 2022",NA,NA,NA,NA,NA,NA,NA,club option 1 year,NA
Luke Myers James,"Nov 4, 1994",Amble,26,"1,83 m",England,attack - Centre-Forward,NA,NA,Barrow AFC,"Jul 20, 2020","Jun 30, 2022",NA,NA,NA,NA,NA,NA,NA,NA,NA
Offrande Jolynold Serge Zanzala,"Nov 8, 1996",Brazzaville,24,"1,85 m",Congo England,attack - Centre-Forward,right,Omari Williams,Barrow AFC,"Jul 1, 2021","Jun 30, 2023",NA,NA,,NA,NA,NA,NA,NA,NA
Joshua Luke Gordon,"Jan 19, 1995",Stoke-on-Trent,26,"1,78 m",England,attack - Centre-Forward,right,Elite Management Agency,Barrow AFC,"Jul 1, 2021","Jun 30, 2023",NA,NA,,NA,NA,NA,NA,NA,NA
Dimitri Disseka Sea,"May 2, 2001",Paris,20,"1,81 m",France,attack - Centre-Forward,right,NA,Barrow AFC,"Oct 26, 2020","Jun 30, 2022",NA,NA,NA,NA,NA,NA,NA,NA,NA
Blondy Rudolph Nna Noukeu,"Sep 17, 2001",NA,20,"1,84 m",Cameroon Belgium,Goalkeeper,right,ICM Stellar Sports,Crawley Town,"Jul 16, 2021","May 31, 2022",Stoke City,-,NA,NA,NA,NA,NA,NA,NA
Glenn James Morris,"Dec 20, 1983",London,37,"1,83 m",England,Goalkeeper,NA,NA,Crawley Town,"Jul 1, 2016","Jun 30, 2022",NA,NA,NA,"Sep 16, 2019",NA,NA,NA,Option for a further year,NA
Dion-Curtis Henry,"Sep 12, 1997",Ipswich,24,"1,92 m",England,Goalkeeper,NA,NA,Crawley Town,"Oct 2, 2021","Oct 31, 2021",NA,NA,,NA,NA,NA,NA,NA,NA
Tony Andrew Craig,"Apr 20, 1985",Greenwich,36,"1,84 m",England,Defender - Centre-Back,left,NA,Crawley Town,"Aug 1, 2020","Jun 30, 2022",NA,NA,NA,NA,NA,NA,NA,NA,NA
Joel John Lynch,"Oct 3, 1987",Eastbourne,34,"1,85 m",Wales England,Defender - Centre-Back,left,MONDO,Crawley Town,"Sep 7, 2021","Jan 3, 2022",NA,NA,NA,NA,NA,NA,NA,NA,NA
Thomas Albert Dallison-Lisbon,"Feb 2, 1996",Romford,25,"1,93 m",England,Defender - Centre-Back,NA,Quorum Sports Advisors,Crawley Town,"Jan 8, 2019","Jun 30, 2022",NA,NA,,"Jan 15, 2020",NA,NA,NA,NA,NA
Ludwig Georges Francillette,"May 1, 1999",NA,22,"1,93 m",France Guadeloupe,Defender - Centre-Back,right,NA,Crawley Town,"Aug 5, 2021","Jun 30, 2023",NA,NA,NA,NA,NA,NA,NA,Option for a further year,NA
Jordan Rhett Tunnicliffe,"Oct 13, 1993",Nuneaton,28,"1,86 m",England,Defender - Centre-Back,NA,NA,Crawley Town,"Jul 11, 2019","Jun 30, 2022",NA,NA,NA,"May 18, 2021",NA,NA,NA,NA,NA
Owen John Gallacher,"Apr 6, 1999",Newcastle upon Tyne,22,"1,74 m",Scotland England,Defender - Left-Back,right,Two Touch Agency,Crawley Town,"Jul 1, 2021","Jun 30, 2023",NA,NA,NA,NA,NA,NA,NA,Option for a further year,NA
Nicholas Andrew Tsaroulla,"Mar 29, 1999",Bristol,22,"1,78 m",Cyprus England,Defender - Left-Back,left,Emimel Sports Management,Crawley Town,"Oct 10, 2020","Jun 30, 2023",NA,NA,NA,"May 11, 2021",NA,NA,NA,NA,NA
Georgie Francomb,"Sep 8, 1991",London,30,"1,80 m",England,Defender - Right-Back,right,KIN Partners,Crawley Town,"Jul 1, 2018","Jun 30, 2022",NA,NA,,"Jun 10, 2020",NA,NA,NA,NA,NA
Archie Daniel Davies,"Oct 7, 1998",NA,23,"1,83 m",England,Defender - Right-Back,right,Wasserman,Crawley Town,"Aug 1, 2020","Jun 30, 2022",NA,NA,,NA,NA,NA,NA,Option for a further year,NA
Henry Edward Burnett,NA,NA,NA,NA,England,midfield,NA,NA,Crawley Town,"Oct 13, 2020","Jun 30, 2022",NA,NA,NA,NA,NA,NA,NA,NA,NA
Jack Stephen Payne,"Dec 5, 1991",Gravesend,29,"1,75 m",England,midfield - Central Midfield,NA,Deluxe Sports Group,Crawley Town,"Jul 1, 2021","Jun 30, 2022",NA,NA,NA,NA,NA,NA,NA,NA,NA
Jakob Andrew Hessenthaler,"Apr 20, 1994",Gravesend,27,"1,76 m",England,midfield - Central Midfield,right,Two Touch Agency,Crawley Town,"Sep 1, 2020","Jun 30, 2022",NA,NA,NA,NA,NA,NA,NA,Option for a further year,NA
Jack Patrick Powell,"Jan 29, 1994",London,27,"1,77 m",England,midfield - Central Midfield,NA,NA,Crawley Town,"Jul 5, 2019","Jun 30, 2022",NA,NA,,"May 18, 2021",NA,NA,NA,NA,NA
Reece Randall Grego-Cox,"Nov 12, 1996",London,24,"1,78 m",Ireland England,midfield - Right Midfield,right,Elite Management Agency,Crawley Town,"Jul 16, 2018","Jun 30, 2022",NA,NA,NA,"Jul 16, 2019",NA,NA,NA,NA,NA
Tyler Jayden Frost,"Jul 7, 1999",NA,22,"1,75 m",England,midfield - Right Midfield,right,The Endgame Group,Crawley Town,"Aug 1, 2020","Jun 30, 2022",NA,NA,NA,NA,NA,NA,NA,NA,NA
Samuel Lloyd Matthews,"Mar 1, 1997",Poole,24,"1,76 m",England,midfield - Right Midfield,right,Midas Sports,Crawley Town,"Aug 1, 2020","Jun 30, 2022",NA,NA,NA,NA,NA,NA,NA,NA,NA
William Ferry,"Dec 7, 2000",NA,20,"1,75 m",Ireland England,midfield - Left Midfield,left,Midas Sports,Crawley Town,"Aug 3, 2021","May 31, 2022",Southampton FC B,"Jun 30, 2023",NA,NA,NA,NA,NA,NA,NA
Khaleel Rafiq Salah-Edine,"Feb 24, 2003",London,18,"1,77 m",Morocco England,midfield - Attacking Midfield,NA,Sync Global Sports,Crawley Town,"Jul 1, 2021","Jun 30, 2022",NA,NA,NA,NA,NA,NA,NA,NA,NA
Mark Anthony Marshall,"May 9, 1986",Manchester,35,"1,70 m",Jamaica England,attack - Right Winger,left,NA,Crawley Town,"Sep 21, 2021","Jun 30, 2022",NA,NA,NA,NA,NA,NA,NA,NA,NA
Amrit Padraig Singh Bansal-McNulty,"Mar 16, 2000",NA,21,"1,66 m",Northern Ireland England,attack - Right Winger,right,NA,Crawley Town,"Aug 31, 2021","Jan 3, 2022",Queens Park Rangers U23,-,NA,NA,NA,NA,NA,NA,NA
James Alexander David Tilley,"Jun 13, 1998",Billingshurst,23,"1,74 m",England,attack - Right Winger,left,YMU Group,Crawley Town,"Jan 15, 2021","Jun 30, 2023",NA,NA,NA,NA,NA,NA,NA,NA,NA
Thomas Andrew Nichols,"Aug 28, 1993",Taunton,28,"1,78 m",England,attack - Centre-Forward,NA,Volenti,Crawley Town,"Sep 7, 2020","Jun 30, 2022",NA,NA,NA,"May 18, 2021",NA,NA,NA,Option for a further year,NA
Ricardo de Niro German,"Jan 13, 1999",London,22,"1,80 m",Grenada England,attack - Centre-Forward,NA,Future Global Sports,Crawley Town,"Jan 1, 2019","Jun 30, 2022",NA,NA,NA,NA,NA,NA,NA,NA,NA
Ashley Kevin Nadesan,"Sep 9, 1995",Redhill,26,"1,88 m",England,attack - Centre-Forward,NA,Elite Management Agency,Crawley Town,"Jul 1, 2019","Jun 30, 2022",NA,NA,NA,NA,NA,NA,NA,NA,NA
Alex Martin Jon Battle,"Jan 23, 1999",Plymouth,22,"1,82 m",England,attack - Centre-Forward,NA,NA,Crawley Town,"Sep 4, 2021","Jun 30, 2022",NA,NA,NA,NA,NA,NA,NA,Option for a further year,NA
Samuel Kenneth Ashford,"Dec 21, 1995",Chelmsford,25,"1,85 m",England,attack - Centre-Forward,NA,ACHIEVE,Crawley Town,"Jul 1, 2020","Jun 30, 2022",NA,NA,NA,NA,NA,NA,NA,NA,NA
Cameron Miles Dawson,"Jul 7, 1995",Sheffield,26,"1,93 m",England,Goalkeeper,NA,Unique Sports Group,Exeter City,"Jul 29, 2021","May 31, 2022",Sheffield Wednesday,"Jun 30, 2024",NA,NA,NA,NA,NA,NA,NA
Scott Peter Andrew Brown,"Apr 26, 1985",Wolverhampton,36,"1,84 m",England,Goalkeeper,right,World in Motion,Exeter City,"Jul 1, 2021","Jun 30, 2022",NA,NA,NA,NA,NA,NA,NA,NA,NA
Jonathan Martin Grounds,"Feb 2, 1988",Thornaby-on-Tees,33,"1,85 m",England,Defender - Centre-Back,left,NA,Exeter City,"Jul 26, 2021","Jun 30, 2022",NA,NA,NA,NA,NA,NA,NA,NA,NA
Sam Alan Stubbs,"Nov 20, 1998",Liverpool,22,"1,83 m",England,Defender - Centre-Back,right,Wasserman,Exeter City,"Jan 21, 2021","Jun 30, 2023",NA,NA,NA,NA,NA,NA,NA,NA,NA
George Edward Ray,"Oct 13, 1993",Warrington,28,"1,78 m",Wales England,Defender - Centre-Back,NA,Omni-Sports,Exeter City,"Jul 1, 2021","Jun 30, 2023",NA,NA,,NA,NA,NA,NA,NA,NA
Jordan Paul Dyer,"Jan 18, 2000",Exeter,21,"1,83 m",England,Defender - Centre-Back,right,NA,Exeter City,"Jul 1, 2019","Jun 30, 2022",NA,NA,NA,NA,NA,NA,NA,NA,NA
Pierce Liam Sweeney,"Sep 11, 1994",Dublin,27,"1,83 m",Ireland,Defender - Centre-Back,right,NA,Exeter City,"Jul 8, 2021","Jun 30, 2023",NA,NA,,NA,NA,NA,NA,NA,NA
Alex Duncan Hartridge,"Mar 9, 1999",NA,22,"1,85 m",England,Defender - Centre-Back,NA,NA,Exeter City,"Jul 1, 2017","Jun 30, 2022",NA,NA,NA,NA,NA,NA,NA,NA,NA
Alfie James Pond,"Mar 1, 2004",NA,17,NA,England,Defender - Centre-Back,right,NA,Exeter City,"Jul 1, 2021","Jun 30, 2022",NA,NA,NA,NA,NA,NA,NA,NA,NA
Callum Miles Rowe,"Sep 2, 1999",Leicester,22,"1,80 m",England,Defender - Left-Back,left,NA,Exeter City,"Jul 1, 2021","Jun 30, 2022",NA,NA,NA,NA,NA,NA,NA,NA,NA
Colin Alan Daniel,"Feb 15, 1988",Nottingham,33,"1,80 m",England,Defender - Left-Back,left,NA,Exeter City,"Aug 24, 2021","Jun 30, 2022",NA,NA,NA,NA,NA,NA,NA,NA,NA
Jake Lenox Caprice,"Nov 11, 1992",London,28,"1,79 m",England,Defender - Right-Back,right,NA,Exeter City,"Aug 6, 2020","Jun 30, 2022",NA,NA,NA,NA,NA,NA,NA,NA,NA
Joshua Myles Abraham Key,"Nov 19, 1999",Exeter,21,"1,78 m",England,Defender - Right-Back,NA,Omni-Sports,Exeter City,"Feb 7, 2018","Jun 30, 2023",NA,NA,,"Jan 28, 2021",NA,NA,NA,NA,NA
Sony Thimotée Dieng,"Apr 9, 1992",Grenoble,29,"1,89 m",France Senegal,midfield - Defensive Midfield,right,NA,Exeter City,"Jul 20, 2021","Jun 30, 2022",NA,NA,,NA,NA,NA,NA,NA,NA
Nigel Alfred Steven Atangana,"Sep 9, 1989",Corbeil-Essonnes,32,"1,87 m",France Cameroon,midfield - Defensive Midfield,NA,366 Group,Exeter City,"Jul 1, 2019","Jun 30, 2022",NA,NA,,NA,NA,NA,NA,NA,NA
Kyle Frazer Taylor,"Aug 28, 1999",Richterswil,22,"1,67 m",England Switzerland,midfield - Central Midfield,right,Wasserman,Exeter City,"Aug 31, 2021","Jun 30, 2024",NA,NA,NA,NA,NA,NA,NA,NA,NA
Archie Finn Collins,"Aug 31, 1999",Taunton,22,"1,74 m",England,midfield - Central Midfield,NA,Unique Sports Group,Exeter City,"Jul 1, 2017","Jun 30, 2022",NA,NA,NA,"Jul 22, 2021",NA,NA,NA,NA,NA
Harry George Kite,"Jun 29, 2000",Crediton,21,"1,76 m",England,midfield - Central Midfield,NA,The Endgame Group,Exeter City,"Feb 7, 2018","Jun 30, 2023",NA,NA,NA,"Jan 28, 2021",NA,NA,NA,NA,NA
Joshua Maxwell Coley,"Jul 24, 1998",Stevenage,23,"1,77 m",England,midfield - Right Midfield,right,NA,Exeter City,"Jul 1, 2021","Jun 30, 2023",NA,NA,NA,NA,NA,NA,NA,NA,NA
Owura Nsiah Edwards,"Apr 10, 2001",NA,20,"1,73 m",England Ghana,attack - Right Winger,right,Volenti,Exeter City,"Aug 20, 2021","May 31, 2021",Bristol City U23,"Jun 30, 2023",NA,NA,NA,NA,NA,NA,NA
Matthew William Jay,"Feb 27, 1996",Torbay,25,"1,78 m",England,attack - Second Striker,NA,Two Touch Agency,Exeter City,"Jul 1, 2014","Jun 30, 2023",NA,NA,NA,"Jan 28, 2021",NA,NA,NA,NA,NA
Jevani Jason Brown,"Oct 16, 1994",Letchworth,27,"1,75 m",Jamaica England,attack - Second Striker,left,Wasserman,Exeter City,"Jul 1, 2021","Jun 30, 2022",NA,NA,,NA,NA,NA,NA,NA,NA
Pádraig Amond,"Jan 15, 1988",Carlow,33,"1,80 m",Ireland,attack - Centre-Forward,NA,Elite Management Agency,Exeter City,"Aug 10, 2021","May 31, 2022",Newport County,"Jun 30, 2022",,NA,NA,NA,NA,NA,NA
Samuel Tshiayima Nombe,"Oct 22, 1998",London,22,"1,80 m",England,attack - Centre-Forward,NA,NA,Exeter City,"Jul 5, 2021","Jun 30, 2024",NA,NA,,NA,NA,NA,NA,NA,NA
Benjamin Mark Seymour,"Apr 16, 1999",Watford,22,"1,72 m",England,attack - Centre-Forward,NA,NA,Exeter City,"Jul 1, 2017","Jun 30, 2022",NA,NA,NA,NA,NA,NA,NA,NA,NA
Jay Anthony Lynch,"Mar 31, 1993",Salford,28,"1,88 m",England,Goalkeeper,NA,Full Contact,Rochdale AFC,"Aug 19, 2019","Jun 30, 2022",NA,NA,,"Jun 19, 2021",NA,NA,NA,NA,NA
Bradley Calvin Wade,"Jul 3, 2000",Gloucester,21,"1,88 m",England,Goalkeeper,NA,FullNinety,Rochdale AFC,"Jul 1, 2018","Jun 30, 2022",NA,NA,NA,"Jun 26, 2019",NA,NA,NA,NA,NA
Jimmy McNulty,"Feb 13, 1985",Runcorn,36,"1,83 m",Scotland England,Defender - Centre-Back,left,NA,Rochdale AFC,"Jul 1, 2015","Jun 30, 2022",NA,NA,NA,"Jun 26, 2021",NA,NA,NA,NA,NA
Abraham Jeriel Richard Dorsett,"May 4, 2002",NA,19,"1,85 m",England Nigeria,Defender - Centre-Back,left,Wasserman,Rochdale AFC,"Aug 20, 2021","May 31, 2022",Reading FC U23,"Jun 30, 2022",NA,NA,NA,NA,NA,NA,NA
Samuel Graham,"Aug 13, 2000",NA,21,"1,91 m",England,Defender - Centre-Back,right,Wasserman,Rochdale AFC,"Jul 29, 2021","Jun 30, 2023",NA,NA,NA,NA,NA,NA,NA,NA,NA
Max Edward Taylor,"Jan 10, 2000",Manchester,21,"1,88 m",England,Defender - Centre-Back,right,NA,Rochdale AFC,"Aug 2, 2021","Jun 30, 2022",NA,NA,,NA,NA,NA,NA,NA,NA
Joseph William Dunne,"Oct 25, 2001",NA,19,"1,83 m",England,Defender - Centre-Back,left,NA,Rochdale AFC,"Jul 1, 2020","Jun 30, 2022",NA,NA,NA,NA,NA,NA,NA,NA,NA
Matthew Done,"Jul 22, 1988",Oswestry,33,"1,78 m",England Wales,Defender - Left-Back,left,Midas Sports,Rochdale AFC,"Aug 3, 2017","Jun 30, 2022",NA,NA,NA,"Jun 21, 2021",NA,NA,NA,NA,NA
Aidan Peter White,"Oct 10, 1991",Leeds,30,"1,73 m",Ireland England,Defender - Left-Back,left,New Vision,Rochdale AFC,"Aug 5, 2021","Jun 30, 2023",NA,NA,NA,NA,NA,NA,NA,NA,NA
Corey James John O'Keeffe,"Jun 5, 1998",Birmingham,23,"1,84 m",Ireland,Defender - Right-Back,right,NA,Rochdale AFC,"Aug 3, 2021","Jan 1, 2022",Mansfield Town,"Jun 30, 2022",,NA,NA,NA,NA,NA,NA
Liam Anthony Kelly,"Nov 22, 1995",Basingstoke,25,"1,63 m",Ireland England,midfield - Central Midfield,right,Unique Sports Group,Rochdale AFC,"Aug 24, 2021","Jun 30, 2023",NA,NA,,NA,NA,NA,NA,NA,NA
Conor Michael Grant,"Jul 23, 2001",Dublin,20,"1,78 m",Ireland,midfield - Central Midfield,right,Refuel Performance Management,Rochdale AFC,"Feb 1, 2021","Jun 30, 2023",NA,NA,NA,NA,NA,NA,NA,NA,NA
James Clifford John Keohane,"Jan 22, 1991",Kilkenny,30,"1,80 m",Ireland,midfield - Central Midfield,right,NA,Rochdale AFC,"Feb 1, 2019","Jun 30, 2023",NA,NA,NA,"Jun 25, 2021",NA,NA,NA,NA,NA
Aaron Paul Morley,"Feb 27, 2000",Bury,21,"1,74 m",England,midfield - Central Midfield,right,FullNinety,Rochdale AFC,"Jul 1, 2016","Jun 30, 2022",NA,NA,NA,"Jun 28, 2019",NA,NA,NA,NA,NA
Ethan Craig Brierley,"Nov 23, 2003",Rochdale,17,"1,68 m",England,midfield - Central Midfield,NA,NA,Rochdale AFC,"Jul 1, 2020","Jun 30, 2022",NA,NA,NA,NA,NA,NA,NA,NA,NA
Stephen Paul Dooley,"Oct 19, 1991",Portstewart,30,"1,80 m",Northern Ireland,midfield - Left Midfield,right,Quantum Sport,Rochdale AFC,"Jul 1, 2018","Jun 30, 2022",NA,NA,NA,"Jun 19, 2021",NA,NA,NA,NA,NA
Alexander Lewis Newby,"Nov 21, 1995",Barrow-in-Furness,25,"1,73 m",England,attack - Right Winger,NA,NA,Rochdale AFC,"Aug 3, 2020","Jun 30, 2022",NA,NA,NA,NA,NA,NA,NA,NA,NA
Abraham Ifoghale Odoh,"Jan 25, 2000",NA,21,"1,68 m",England,attack - Right Winger,right,Sync Global Sports,Rochdale AFC,"Feb 26, 2021","Jun 30, 2022",NA,NA,NA,NA,NA,NA,NA,NA,NA
Jake Elliott Beesley,"Dec 2, 1996",Sheffield,24,"1,85 m",England,attack - Centre-Forward,NA,366 Group,Rochdale AFC,"Sep 24, 2020","Jun 30, 2023",NA,NA,NA,NA,NA,NA,NA,NA,NA
Joshua Matthew Andrews,"Oct 16, 2001",Solihull,20,"1,91 m",England,attack - Centre-Forward,NA,InterLex Sport,Rochdale AFC,"Aug 10, 2021","May 31, 2022",Birmingham City U23,"Jun 30, 2022",NA,NA,NA,NA,NA,NA,NA
Danny Christopher Cashman,"Jan 8, 2001",Crawley,20,NA,England,attack - Centre-Forward,NA,Wasserman,Rochdale AFC,"Aug 7, 2021","May 31, 2022",Coventry City,"Jun 30, 2024",,NA,NA,NA,NA,NA,NA
Jack Joseph Rose,"Jan 31, 1995",Solihull,26,"1,90 m",England,Goalkeeper,NA,NA,Walsall FC,"Sep 3, 2020","Jun 30, 2022",NA,NA,,NA,NA,NA,NA,NA,NA
Carl Andrew Rushworth,"Jul 2, 2001",Halifax,20,NA,England,Goalkeeper,NA,NA,Walsall FC,"Jul 15, 2021","May 31, 2022",Brighton & Hove Albion U23,"Jun 30, 2023",NA,NA,NA,NA,NA,NA,NA
Ashton John Taylor,"Sep 2, 1990",Bromborough,31,"1,93 m",Wales Scotland,Defender - Centre-Back,right,ICM Stellar Sports,Walsall FC,"Jul 7, 2021","Jun 30, 2023",NA,NA,NA,NA,NA,NA,NA,NA,NA
Mathew John Sadler,"Feb 26, 1985",Birmingham,36,"1,80 m",England,Defender - Centre-Back,left,Beswicks Sports Ltd,Walsall FC,"Jul 11, 2019","Jun 30, 2022",NA,NA,NA,NA,NA,NA,NA,NA,NA
Emmanuel Gaetan Nguemkam Monthe,"Jan 26, 1995",Douala,26,"1,94 m",Cameroon England,Defender - Centre-Back,left,NA,Walsall FC,"Jul 1, 2021","Jun 30, 2022",NA,NA,,NA,NA,NA,NA,NA,NA
Thomas Leak,"Oct 31, 2000",Burton upon Trent,20,"1,88 m",England,Defender - Centre-Back,NA,New Era Global Sports,Walsall FC,"Jul 1, 2019","Jun 30, 2022",NA,NA,NA,NA,NA,NA,NA,NA,NA
Stephen Robert Ward,"Aug 20, 1985",Dublin,36,"1,84 m",Ireland,Defender - Left-Back,left,Stonemountain Management,Walsall FC,"Jul 9, 2021","Jun 30, 2022",NA,NA,NA,NA,NA,NA,NA,NA,NA
Hayden Anthony Roy White,"Apr 15, 1995",London,26,"1,85 m",England Jamaica,Defender - Right-Back,right,Beswicks Sports Ltd,Walsall FC,"Sep 3, 2020","Jun 30, 2023",NA,NA,NA,"Jun 18, 2021",NA,NA,NA,NA,NA
Zachary Louvaine Mills,"May 28, 1992",Peterborough,29,"1,83 m",England,Defender - Right-Back,right,Fifteen Eleven Management,Walsall FC,"Jul 8, 2021","Jun 30, 2022",NA,NA,NA,NA,NA,NA,NA,NA,NA
Liam Mark Kinsella,"Feb 23, 1996",Colchester,25,"1,75 m",Ireland England,midfield - Defensive Midfield,right,New Era Global Sports,Walsall FC,"Jul 1, 2014","Jun 30, 2023",NA,NA,NA,"Jan 5, 2021",NA,NA,NA,NA,NA
Joss Christopher Labadie,"Aug 30, 1990",London,31,"1,88 m",England,midfield - Central Midfield,NA,Emimel Sports Management,Walsall FC,"Jul 1, 2021","Jun 30, 2023",NA,NA,NA,NA,NA,NA,NA,NA,NA
Samuel Paul Perry,"Dec 29, 2001",NA,19,"1,84 m",England,midfield - Central Midfield,NA,InterLex Sport,Walsall FC,"Jul 1, 2020","Jun 30, 2022",NA,NA,NA,NA,NA,NA,NA,NA,NA
Emmanuel Ebuka Osadebe,"Oct 1, 1996",Dundalk,25,"1,88 m",Ireland England,midfield - Right Midfield,right,Elite Management Agency,Walsall FC,"Sep 3, 2020","Jun 30, 2022",NA,NA,NA,NA,NA,NA,NA,NA,NA
Brendan James Kiernan,"Nov 10, 1992",London,28,"1,75 m",England,midfield - Right Midfield,NA,LPM Football Agents,Walsall FC,"Jul 1, 2021","Jun 30, 2023",NA,NA,NA,NA,NA,NA,NA,NA,NA
Jack James Earing,"Jan 21, 1999",Bury,22,"1,82 m",England,midfield - Attacking Midfield,right,NA,Walsall FC,"Jul 1, 2021","Jun 30, 2023",NA,NA,NA,NA,NA,NA,NA,NA,NA
Otis Jan Mohammed Khan,"Sep 5, 1995",Manchester,26,"1,75 m",England Pakistan,attack - Left Winger,right,NA,Walsall FC,"Oct 18, 2021","Dec 31, 2021",NA,NA,,NA,NA,NA,NA,NA,NA
Kieran James Phillips,"Feb 18, 2000",NA,21,"1,81 m",England,attack - Centre-Forward,NA,Wasserman,Walsall FC,"Jul 12, 2021","May 31, 2022",Huddersfield Town,"Jun 30, 2022",NA,NA,NA,NA,NA,NA,NA
Conor Dominic Geoffrey Wilkinson,"Jan 23, 1995",Croydon,26,"1,91 m",Ireland England,attack - Centre-Forward,right,New Era Global Sports,Walsall FC,"Jul 1, 2021","Jun 30, 2023",NA,NA,NA,NA,NA,NA,NA,NA,NA
Joseph David Day,"Aug 13, 1990",Brighton,31,"1,86 m",England,Goalkeeper,right,Elite Management Agency,Newport County,"Jul 1, 2021","Jun 30, 2024",NA,NA,NA,NA,NA,NA,NA,NA,NA
Nicholas Peter Townsend,"Nov 1, 1994",Solihull,26,"1,81 m",England,Goalkeeper,NA,ICM Stellar Sports,Newport County,"Aug 4, 2018","Jun 30, 2023",NA,NA,,"Apr 12, 2021",NA,NA,NA,NA,NA
James Anthony John Clarke,"Nov 17, 1989",Aylesbury,31,"1,83 m",England,Defender - Centre-Back,right,Volenti,Newport County,"Jul 1, 2021","Jun 30, 2022",NA,NA,NA,NA,NA,NA,NA,NA,NA
Μίκης Ντέιβιντ Δημητρίου / Mickey David Demetriou,"Mar 12, 1990",Durrington,31,"1,88 m",England Cyprus,Defender - Centre-Back,left,Full Contact,Newport County,"Jan 10, 2017","Jun 30, 2023",NA,NA,NA,"Jul 13, 2019",NA,NA,NA,NA,NA
Priestley Tyler H. Farquharson,"Mar 15, 1997",London,24,"1,91 m",England Jamaica,Defender - Centre-Back,right,ICM Stellar Sports,Newport County,"Jan 29, 2021","Jun 30, 2023",NA,NA,NA,"Jul 6, 2020",NA,NA,NA,NA,NA
Joseph Michael Woodiwiss,"Nov 10, 2002",NA,18,"1,79 m",Wales,Defender - Centre-Back,NA,NA,Newport County,"Jul 1, 2021","Jun 30, 2022",NA,NA,,NA,NA,NA,NA,NA,NA
Ryan Matthew Haynes,"Sep 27, 1995",Northampton,26,"1,85 m",England,Defender - Left-Back,NA,ICM Stellar Sports,Newport County,"Jul 12, 2019","Jun 30, 2022",NA,NA,NA,"Jun 22, 2021",NA,NA,NA,NA,NA
Louis Aiden Hall,"May 23, 1999",NA,22,"1,74 m",England,Defender - Left-Back,left,NA,Newport County,"Jul 29, 2021","Jun 30, 2022",NA,NA,NA,NA,NA,NA,NA,NA,NA
Cameron Pearce Norman,"Oct 12, 1995",Norwich,26,"1,88 m",England,Defender - Right-Back,right,366 Group,Newport County,"Jul 1, 2021","Jun 30, 2023",NA,NA,NA,NA,NA,NA,NA,NA,NA
Aaron James Lewis,"Jun 26, 1998",Swansea,23,"1,83 m",Wales,Defender - Right-Back,right,Beswicks Sports Ltd,Newport County,"Feb 2, 2021","Jun 30, 2023",NA,NA,,"Jun 24, 2021",NA,NA,NA,NA,NA
Aneurin Riley Livermore,"Jan 18, 2003",Chepstow,18,NA,Wales,midfield,NA,NA,Newport County U18,"Jul 2, 2018","Jun 30, 2022",NA,NA,,NA,Newport County (#56),NA,NA,NA,NA
Matthew Alexander Dolan,"Feb 11, 1993",Hartlepool,28,"1,75 m",England,midfield - Defensive Midfield,left,NA,Newport County,"Jul 1, 2017","Jun 30, 2023",NA,NA,NA,"Jun 21, 2019",NA,NA,NA,NA,NA
Scot Andrew Bennett,"Nov 30, 1990",Newquay,30,"1,78 m",England,midfield - Defensive Midfield,right,Volenti,Newport County,"Jul 1, 2016","Jun 30, 2023",NA,NA,NA,"Jun 16, 2021",NA,NA,NA,NA,NA
Christopher Gaël Missilou,"Jul 18, 1992",Auxerre,29,"1,80 m",Congo France,midfield - Defensive Midfield,right,Omari Williams,Newport County,"Jul 2, 2021","Jun 30, 2022",NA,NA,NA,NA,NA,NA,NA,NA,NA
Edward James Upson,"Nov 21, 1989",Bury St. Edmonds,31,"1,78 m",England,midfield - Central Midfield,right,ICM Stellar Sports,Newport County,"Jul 1, 2021","Jun 30, 2022",NA,NA,NA,NA,NA,NA,NA,NA,NA
Finn Isaac Azaz,"Sep 7, 2000",London,21,"1,85 m",England,midfield - Central Midfield,NA,Unique Sports Group,Newport County,"Jul 26, 2021","May 31, 2022",Aston Villa U23,-,NA,NA,NA,NA,NA,NA,NA
Jake Steven Cain,"Sep 2, 2001",Wigan,20,"1,76 m",England,midfield - Central Midfield,right,Midas Sports,Newport County,"Aug 31, 2021","May 31, 2022",Liverpool FC U23,"Jun 30, 2022",,NA,NA,NA,NA,NA,NA
Robbie James Willmott,"May 16, 1990",Harlow,31,"1,75 m",England,midfield - Right Midfield,left,NA,Newport County,"Jul 1, 2017","Jun 30, 2022",NA,NA,,"Jun 30, 2021",NA,NA,NA,NA,NA
Lewys Morgan Twamley,"May 26, 2003",NA,18,"1,68 m",Wales,midfield - Left Midfield,NA,New Era Global Sports,Newport County,"Jul 1, 2021","Jun 30, 2022",NA,NA,,NA,NA,NA,NA,NA,NA
Oliver Joseph Cooper,"Dec 14, 1999",Derby,21,"1,76 m",Wales England,midfield - Attacking Midfield,right,ICM Stellar Sports,Newport County,"Aug 31, 2021","May 31, 2022",Swansea City U23,"Jun 30, 2023",NA,NA,NA,NA,NA,NA,NA
Jermaine Samuel Hylton,"Jun 28, 1993",Birmingham,28,"1,76 m",England,attack - Left Winger,right,Elite Management Agency,Newport County,"Jul 1, 2021","Jun 30, 2022",NA,NA,NA,NA,NA,NA,NA,NA,NA
Kevin Keith Ellison,"Feb 23, 1979",Liverpool,42,"1,85 m",England,attack - Left Winger,left,NA,Newport County,"Sep 4, 2020","Jun 30, 2022",NA,NA,NA,"Jul 26, 2021",NA,NA,NA,NA,NA
Courtney Fitzroy Senior,"Jun 30, 1997",Croydon,24,"1,76 m",England Jamaica,attack - Right Winger,right,NA,Newport County,"Jul 6, 2021","Jun 30, 2022",NA,NA,NA,NA,NA,NA,NA,NA,NA
Lewis Rhys Collins,"May 9, 2001",Newport,20,"1,78 m",Wales,attack - Second Striker,NA,Elite Management Agency,Newport County,"Jul 1, 2019","Jun 30, 2023",NA,NA,,"Jun 11, 2021",NA,NA,NA,NA,NA
Ryan David Lewis-Hillier,"Jan 18, 2003",NA,18,"1,75 m",Wales,attack - Second Striker,NA,GSF Agency,Newport County,"Jul 1, 2021","Jun 30, 2022",NA,NA,,NA,NA,NA,NA,NA,NA
Courtney Romello Baker-Richardson,"Dec 5, 1995",Coventry,25,"1,85 m",England,attack - Centre-Forward,right,Elite Management Agency,Newport County,"Jul 1, 2021","Jun 30, 2022",NA,NA,,NA,NA,NA,NA,NA,NA
Alexander Anthony Fisher,"Jun 30, 1990",London,31,"1,90 m",England,attack - Centre-Forward,NA,366 Group,Newport County,"Aug 14, 2021","Jun 30, 2022",NA,NA,NA,NA,NA,NA,NA,NA,NA
Dominic David Telford,"Dec 5, 1996",Burnley,24,"1,75 m",England,attack - Centre-Forward,left,SMI Sports Management,Newport County,"Jan 28, 2021","Jun 30, 2022",NA,NA,,NA,NA,NA,NA,NA,NA
Jordan Neil Greenidge,"Jan 5, 2000",London,21,"1,93 m",England,attack - Centre-Forward,left,NA,Newport County,"Aug 4, 2021","Jun 30, 2022",NA,NA,NA,NA,NA,NA,NA,NA,NA
Jason Timiebi Ogheneobrucheme Bakumo-Abraham,"Dec 28, 2000",London,20,"1,85 m",England Nigeria,attack - Centre-Forward,right,NA,Newport County,"Jul 28, 2021","May 31, 2022",Fulham FC U23,-,,NA,NA,NA,NA,NA,NA
Aidan Thomas Stone,"Jul 20, 1999",Stafford,22,"1,86 m",England,Goalkeeper,NA,Beswicks Sports Ltd,Port Vale FC,"Jul 1, 2021","Jun 30, 2022",NA,NA,NA,NA,NA,NA,NA,NA,NA
Leon Clinton Elliott Legge,"Apr 28, 1985",Hastings,36,"1,93 m",England St. Lucia,Defender - Centre-Back,right,Fifty Fifty Sports,Port Vale FC,"Jul 1, 2018","Jun 30, 2022",NA,NA,NA,"Mar 13, 2020",NA,NA,NA,NA,NA
Nathan James Smith,"Apr 3, 1996",Madeley,25,"1,80 m",England,Defender - Centre-Back,right,Kangs Solicitors,Port Vale FC,"Jul 1, 2015","Jun 30, 2022",NA,NA,NA,"Jul 10, 2020",NA,NA,NA,NA,NA
Ryan Anthony Johnson,"Oct 2, 1996",Birmingham,25,"1,88 m",Northern Ireland England,Defender - Centre-Back,left,NA,Port Vale FC,"Jul 1, 2021","Jun 30, 2023",NA,NA,NA,NA,NA,NA,NA,NA,NA
Lewis Graham Cass,"Feb 27, 2000",North Shields,21,"1,85 m",England,Defender - Centre-Back,right,CAA Base Ltd,Port Vale FC,"Jul 12, 2021","May 31, 2022",Newcastle United U23,"Jun 30, 2022",NA,NA,NA,NA,NA,NA,NA
Daniel John Jones,"Dec 14, 1994",Bishop Auckland,26,"1,83 m",England,Defender - Left-Back,left,Quantum Sport,Port Vale FC,"Jul 1, 2021","Jun 30, 2023",NA,NA,NA,"Jun 10, 2021",NA,NA,NA,NA,NA
Malvind Singh Benning,"Nov 2, 1993",Sandwell,27,"1,78 m",England India,Defender - Left-Back,left,Distinct Football,Port Vale FC,"Jul 1, 2021","Jun 30, 2022",NA,NA,NA,NA,NA,NA,NA,NA,NA
Daniel Amos,"Dec 22, 1999",Sheffield,21,"1,80 m",Northern Ireland England,Defender - Left-Back,left,NA,Port Vale FC,"Sep 3, 2021","Dec 31, 2021",NA,NA,NA,NA,NA,NA,NA,NA,NA
James Andrew Gibbons,"Mar 16, 1998",Trentham,23,"1,75 m",England,Defender - Right-Back,right,Kangs Solicitors,Port Vale FC,"Jul 1, 2016","Jun 30, 2022",NA,NA,,"Mar 13, 2020",NA,NA,NA,NA,NA
Bradley Walker,"Apr 25, 1995",Billingham,26,"1,85 m",England,midfield - Defensive Midfield,NA,Deluxe Sports Group,Port Vale FC,"Jul 1, 2021","Jun 30, 2023",NA,NA,NA,NA,NA,NA,NA,NA,NA
Benjamin Matthew Garrity,"Feb 21, 1997",NA,24,"1,82 m",England,midfield - Central Midfield,right,NA,Port Vale FC,"Jul 1, 2021","Jun 30, 2023",NA,NA,NA,NA,NA,NA,NA,NA,NA
Thomas George Pett,"Nov 30, 1991",Potters Bar,29,"1,73 m",England,midfield - Central Midfield,NA,LPM Football Agents,Port Vale FC,"Jul 1, 2021","Jun 30, 2023",NA,NA,,NA,NA,NA,NA,NA,NA
Scott Andrew Burgess,"Jun 27, 1996",Warrington,25,"1,79 m",England,midfield - Central Midfield,NA,366 Group,Port Vale FC,"Jul 1, 2019","Jun 30, 2022",NA,NA,NA,NA,NA,NA,NA,NA,NA
Tom George Sawyer Conlon,"Feb 3, 1996",Stoke-on-Trent,25,"1,73 m",England,midfield - Central Midfield,NA,ICM Stellar Sports,Port Vale FC,"Jul 25, 2018","Jun 30, 2024",NA,NA,NA,"May 25, 2021",NA,NA,NA,NA,NA
Daniel Whitehead,"Oct 23, 1993",Stretford,27,"1,79 m",England,midfield - Central Midfield,right,366 Group,Port Vale FC,"Aug 3, 2020","Jun 30, 2022",NA,NA,NA,NA,NA,NA,NA,NA,NA
Jake Jon Taylor,"Sep 8, 1998",Manchester,23,"1,78 m",England,midfield - Central Midfield,right,NA,Port Vale FC,"Jan 11, 2021","Jun 30, 2024",NA,NA,NA,NA,NA,NA,NA,NA,NA
David Richard Worrall,"Jun 12, 1990",Manchester,31,"1,83 m",England,midfield - Right Midfield,right,NA,Port Vale FC,"Aug 24, 2017","Jun 30, 2022",NA,NA,NA,NA,NA,NA,NA,NA,NA
Dennis-Dorian Politic,"Mar 5, 2000",Braşov,21,"1,85 m",Romania,midfield - Right Midfield,right,ICM Stellar Sports,Port Vale FC,"Aug 16, 2021","May 31, 2022",Bolton Wanderers,"Jun 30, 2022",,NA,NA,NA,NA,NA,NA
Alexander Charles Hurst,"Oct 6, 1999",NA,22,"1,73 m",England,attack - Left Winger,NA,NA,Port Vale FC,"Jul 28, 2019","Jun 30, 2022",NA,NA,NA,NA,NA,NA,NA,NA,NA
David Oluwaseun Segun Amoo,"Apr 13, 1991",London,30,"1,78 m",England Nigeria,attack - Right Winger,right,Wasserman,Port Vale FC,"Jul 8, 2019","Jun 30, 2022",NA,NA,NA,"Jul 1, 2020",NA,NA,NA,NA,NA
Devante Darrius Rodney,"May 19, 1998",Manchester,23,"1,78 m",England,attack - Right Winger,NA,CAA Base Ltd,Port Vale FC,"Jul 7, 2020","Jun 30, 2023",NA,NA,NA,NA,NA,NA,NA,NA,NA
James Anthony Wilson,"Dec 1, 1995",Biddulph,25,"1,83 m",England,attack - Centre-Forward,left,SSG,Port Vale FC,"Jul 1, 2021","Jun 30, 2023",NA,NA,,NA,NA,adidas,NA,NA,NA
Jamie Thomas Procter,"Mar 25, 1992",Preston,29,"1,88 m",England,attack - Centre-Forward,right,CAA Base Ltd,Port Vale FC,"Jul 5, 2021","Jun 30, 2022",NA,NA,NA,NA,NA,NA,NA,NA,NA
George Robert Lawrence Lloyd,"Feb 11, 2000",Gloucester,21,"1,75 m",England,attack - Centre-Forward,right,D&S Sports Management LTD,Port Vale FC,"Aug 30, 2021","May 31, 2022",Cheltenham Town,"Jun 30, 2022",NA,NA,NA,NA,NA,NA,NA
Jonathan Philip Mitchell,"Nov 24, 1994",Hartlepool,26,"1,80 m",England,Goalkeeper,right,Omni-Sports,Hartlepool United,"Aug 6, 2021","Jun 30, 2022",NA,NA,NA,NA,NA,NA,NA,NA,NA
Gary Daniel Liddle,"Jun 15, 1986",Middlesbrough,35,"1,85 m",England,Defender - Centre-Back,right,World in Motion,Hartlepool United,"Aug 1, 2020","Jun 30, 2022",NA,NA,NA,"Jul 6, 2021",NA,NA,NA,NA,NA
Oluwarotimi Mark Odusina,"Oct 28, 1999",NA,21,"1,86 m",England Nigeria,Defender - Centre-Back,right,NA,Hartlepool United,"Aug 1, 2020","Jun 30, 2022",NA,NA,NA,NA,NA,NA,NA,NA,NA
Jacob Christopher Lawlor,"Apr 8, 1991",Halifax,30,"1,93 m",England,Defender - Centre-Back,NA,NA,Hartlepool United,"Aug 1, 2021","Jun 30, 2022",NA,NA,NA,NA,NA,NA,NA,NA,NA
Zaine Sebastian Francis-Angol,"Jun 30, 1993",London,28,"1,73 m",Antigua and Barbuda England,Defender - Left-Back,left,NA,Hartlepool United,"Apr 22, 2021","Jun 30, 2022",NA,NA,NA,NA,NA,NA,NA,NA,NA
David Lee Ferguson,"Jun 7, 1994",Sunderland,27,"1,80 m",England,Defender - Left-Back,left,NA,Hartlepool United,"Aug 5, 2020","Jun 30, 2022",NA,NA,NA,NA,NA,NA,NA,NA,NA
Edward Thomas Jones,"Oct 25, 2001",NA,19,"1,83 m",Wales,Defender - Left-Back,left,SMI Sports Management,Hartlepool United,"Aug 31, 2021","Dec 31, 2021",Stoke City U23,"Jun 30, 2022",NA,NA,NA,NA,NA,NA,NA
Luke John Hendrie,"Aug 27, 1994",Leeds,27,"1,87 m",England Scotland,Defender - Right-Back,right,Wasserman,Hartlepool United,"Aug 30, 2021","Jun 30, 2023",NA,NA,NA,NA,NA,NA,NA,NA,NA
Jamie Michael Sterry,"Nov 21, 1995",Newcastle,25,"1,80 m",England Italy,Defender - Right-Back,right,NA,Hartlepool United,"Dec 21, 2020","Jun 30, 2023",NA,NA,,"Jul 12, 2021",NA,NA,NA,NA,NA
Reagan Robert William Ogle,"Mar 29, 1999",Wollongong,22,"1,73 m",Australia England,Defender - Right-Back,right,NA,Hartlepool United,"Jul 12, 2021","Jun 30, 2022",NA,NA,NA,NA,NA,NA,NA,NA,NA
Nicky Lee Featherstone,"Sep 22, 1988",Goole,33,"1,70 m",England,midfield - Central Midfield,right,NA,Hartlepool United,"Oct 31, 2014","Jun 30, 2023",NA,NA,NA,"Jul 6, 2021",NA,NA,NA,NA,NA
Mark John Shelton,"Sep 12, 1996",Nottingham,25,"1,78 m",England,midfield - Central Midfield,right,NA,Hartlepool United,"Aug 1, 2020","Jun 30, 2022",NA,NA,,NA,NA,NA,NA,NA,NA
Thomas Crawford,"May 30, 1999",NA,22,"1,85 m",England,midfield - Central Midfield,NA,NA,Hartlepool United,"Aug 24, 2020","Jun 30, 2022",NA,NA,NA,NA,NA,NA,NA,NA,NA
Tyler David Sylvester Burey,"Jan 9, 2001",London,20,"1,87 m",England Jamaica,midfield - Left Midfield,right,NA,Hartlepool United,"Aug 5, 2021","Jan 1, 2022",Millwall FC U23,-,NA,NA,NA,NA,NA,NA,NA
Matthew Paul Daly,"Mar 10, 2001",Stockport,20,"1,75 m",England,midfield - Attacking Midfield,right,10Ten Football,Hartlepool United,"Aug 5, 2021","May 31, 2022",Huddersfield Town,-,NA,NA,NA,NA,NA,NA,NA
Luke James Molyneux,"Mar 29, 1998",Bishop Auckland,23,"1,80 m",England,midfield - Attacking Midfield,left,CAA Base Ltd,Hartlepool United,"Jul 1, 2019","Jun 30, 2022",NA,NA,NA,NA,NA,NA,NA,NA,NA
Gavan Richard Holohan,"Dec 15, 1991",Kilkenny,29,"1,80 m",Ireland,attack - Left Winger,NA,Deluxe Sports Group,Hartlepool United,"Feb 28, 2019","Jun 30, 2022",NA,NA,,"Feb 28, 2019",NA,NA,NA,NA,NA
Jordan Alan Cook,"Mar 20, 1990",Sunderland,31,"1,74 m",England,attack - Second Striker,right,New Era Global Sports,Hartlepool United,"Sep 16, 2021","Jun 30, 2022",NA,NA,NA,NA,NA,NA,NA,NA,NA
William Neil Goodwin,"May 11, 2002",Tarporley,19,"1,85 m",England,attack - Centre-Forward,NA,Fifteen Eleven Management,Hartlepool United,"Aug 11, 2021","Dec 31, 2021",Stoke City U23,"Jun 30, 2023",,NA,NA,NA,NA,NA,NA
Joseph Grey,"May 4, 2003",NA,18,"1,76 m",England,attack - Centre-Forward,NA,CAA Base Ltd,Hartlepool United,"Jul 1, 2021","Jun 30, 2022",NA,NA,NA,NA,NA,NA,NA,NA,NA
Olufela Oladele A. Olomola,"Sep 5, 1997",London,24,"1,70 m",England Nigeria,attack - Centre-Forward,right,366 Group,Hartlepool United,"Jul 21, 2021","Jun 30, 2022",NA,NA,,NA,NA,NA,NA,NA,NA
Karl Mike Fondop-Talom,"Nov 27, 1993",Yaoundé,27,"1,90 m",England Cameroon,attack - Centre-Forward,left,RT Management & Consultancy,Hartlepool United,"Sep 16, 2021","Jun 30, 2022",NA,NA,NA,NA,NA,NA,NA,NA,NA
Mark Stephen Howard,"Sep 21, 1986",Southwark,35,"1,90 m",England,Goalkeeper,right,Stonemountain Management,Carlisle United,"Oct 14, 2021","Dec 31, 2021",NA,NA,,NA,NA,NA,NA,NA,NA
Magnus Antony Norman,"Jan 19, 1997",London,24,"1,93 m",England,Goalkeeper,right,Every Aspect,Carlisle United,"Aug 7, 2020","Jun 30, 2022",NA,NA,,NA,NA,NA,NA,NA,NA
Lukas Bornhøft Jensen,"Mar 18, 1999",Helsingør,22,"1,98 m",Denmark,Goalkeeper,right,KHM Football,Carlisle United,"Jul 20, 2021","May 31, 2022",Burnley FC,"Jun 30, 2022",NA,NA,NA,NA,NA,NA,NA
Rodney Troy McDonald,"Apr 11, 1992",Liverpool,29,"1,90 m",England,Defender - Centre-Back,left,Refuel Performance Management,Carlisle United,"Aug 3, 2020","Jun 30, 2022",NA,NA,NA,NA,NA,NA,NA,NA,NA
Jonathan Toko Lema Dinzeyi,"Oct 13, 1999",London,22,"1,95 m",England DR Congo,Defender - Centre-Back,right,Elite Project Group Ltd,Carlisle United,"Aug 31, 2021","May 31, 2022",Arsenal FC U23,-,,NA,NA,NA,NA,NA,NA
Corey Allan Ross Whelan,"Dec 10, 1997",Chester,23,"1,80 m",Ireland England,Defender - Right-Back,right,Crown Football Ltd,Carlisle United,"Jul 1, 2021","Jun 30, 2023",NA,NA,,NA,NA,NA,NA,NA,NA
Joshua James Dixon,"Feb 7, 2001",NA,20,"1,81 m",England,midfield,right,NA,Carlisle United,"Jul 1, 2019","Jun 30, 2022",NA,NA,NA,NA,NA,NA,NA,NA,NA
Jon James Alexander Mellish,"Sep 19, 1997",South Shields,24,"1,88 m",England,midfield - Defensive Midfield,left,Black Diamond Sports,Carlisle United,"Jul 1, 2019","Jun 30, 2023",NA,NA,NA,"Sep 27, 2021",NA,NA,NA,Option for a further year,NA
Callum Anthony Guy,"Nov 25, 1996",Nottingham,24,"1,78 m",England,midfield - Central Midfield,right,Omni-Sports,Carlisle United,"Jan 30, 2020","Jun 30, 2023",NA,NA,,"Sep 30, 2021",NA,NA,NA,NA,NA
Daniel Steven Devine,"Sep 4, 1997",Bradford,24,"1,80 m",England,midfield - Central Midfield,right,Every Aspect,Carlisle United,"Aug 6, 2020","Jun 30, 2022",NA,NA,NA,NA,NA,NA,NA,NA,NA
Taylor Ryan Charters,"Oct 2, 2001",NA,20,"1,85 m",England,midfield - Central Midfield,NA,SMI Sports Management,Carlisle United,"Jul 1, 2020","Jun 30, 2022",NA,NA,NA,NA,NA,NA,NA,NA,NA
Keelan James Leslie,"May 23, 2003",NA,18,NA,England,midfield - Central Midfield,NA,NA,Carlisle United,"Jul 1, 2021","Jun 30, 2022",NA,NA,NA,NA,NA,NA,NA,NA,NA
Brennan Peter Dickenson,"Feb 26, 1993",Ashford,28,"1,84 m",England,midfield - Left Midfield,left,New Vision,Carlisle United,"Aug 13, 2020","Jun 30, 2022",NA,NA,NA,NA,NA,NA,NA,NA,NA
Jordan Lewis Gibson,"Feb 26, 1998",Birmingham,23,"1,78 m",England,attack - Left Winger,right,14 Sports Management,Carlisle United,"Aug 30, 2021","Jun 30, 2023",NA,NA,NA,NA,NA,NA,NA,NA,NA
Lewis James Bell,"Sep 29, 2002",NA,19,"1,81 m",England,attack - Right Winger,right,PIR,Carlisle United,"Aug 31, 2020","Jun 30, 2023",NA,NA,NA,NA,NA,NA,NA,club option 1 year,NA
Zach Paul John Clough,"Mar 8, 1995",Manchester,26,"1,70 m",England,attack - Second Striker,right,Omni-Sports,Carlisle United,"Jul 1, 2021","Jun 30, 2023",NA,NA,,NA,NA,adidas,NA,NA,NA
Lewis Peter Alessandra,"Feb 8, 1989",Bury,32,"1,78 m",England,attack - Second Striker,right,NA,Carlisle United,"Jan 24, 2020","Jun 30, 2022",NA,NA,NA,"May 19, 2020",NA,NA,NA,NA,NA
Tristan Michael Alexander Abrahams,"Dec 29, 1998",London,22,"1,75 m",England,attack - Centre-Forward,left,Elite Management Agency,Carlisle United,"Jul 1, 2021","Jun 30, 2023",NA,NA,NA,NA,NA,NA,NA,NA,NA
Bradley Jamie Ethan Young,"Jan 6, 2003",NA,18,"1,85 m",England,attack - Centre-Forward,NA,Omni-Sports,Carlisle United,"Aug 16, 2021","May 31, 2022",Aston Villa U23,"Jun 30, 2023",,NA,NA,NA,NA,NA,NA
Luke Paul McGee,"Sep 2, 1995",Edgware,26,"1,93 m",England,Goalkeeper,right,NA,Forest Green Rovers,"Jul 15, 2020","Jun 30, 2022",NA,NA,,NA,NA,NA,NA,NA,NA
Lewis Rhys Thomas,"Sep 20, 1997",Swansea,24,"1,85 m",Wales,Goalkeeper,right,Refuel Performance Management,Forest Green Rovers,"Jul 1, 2018","Jun 30, 2022",NA,NA,NA,"Jun 8, 2021",NA,NA,NA,NA,NA
Baily James Cargill,"Jul 5, 1995",Winchester,26,"1,89 m",England,Defender - Centre-Back,left,Wasserman,Forest Green Rovers,"Jan 7, 2021","Jun 30, 2022",NA,NA,,NA,NA,NA,NA,NA,NA
Jordan Alan Moore-Taylor,"Jan 21, 1994",Exeter,27,"1,80 m",England,Defender - Centre-Back,left,Unique Sports Group,Forest Green Rovers,"Jul 21, 2020","Jun 30, 2022",NA,NA,NA,NA,NA,NA,NA,NA,NA
Daniel Liam Sweeney,"Apr 25, 1994",London,27,"1,91 m",England,Defender - Centre-Back,right,Elite Management Agency,Forest Green Rovers,"Jul 1, 2020","Jun 30, 2022",NA,NA,NA,NA,NA,NA,NA,NA,NA
Udoka Favour Godwin-Malife,"May 9, 2000",NA,21,"1,80 m",England,Defender - Centre-Back,right,Wasserman,Forest Green Rovers,"Jan 24, 2019","Jun 30, 2023",NA,NA,NA,"Jun 17, 2021",NA,NA,NA,NA,NA
Jack Lucas James Evans,"Aug 10, 2000",Warrington,21,"1,73 m",England,Defender - Left-Back,left,FullNinety,Forest Green Rovers,"Jul 7, 2020","Jun 30, 2022",NA,NA,,NA,NA,NA,NA,NA,NA
Kane Leo Wilson,"Mar 11, 2000",Birmingham,21,"1,78 m",England,Defender - Right-Back,right,Wasserman,Forest Green Rovers,"Jul 8, 2020","Jun 30, 2022",NA,NA,,NA,NA,adidas,NA,NA,NA
Dominic Archie Bernard,"Mar 29, 1997",Gloucester,24,"1,80 m",Ireland England,Defender - Right-Back,right,World in Motion,Forest Green Rovers,"Jul 17, 2019","Jun 30, 2022",NA,NA,NA,NA,NA,NA,NA,NA,NA
Ben Edward Stevenson,"Mar 23, 1997",Leicester,24,"1,82 m",England,midfield - Central Midfield,right,Unique Sports Group,Forest Green Rovers,"Jul 1, 2021","Jun 30, 2023",NA,NA,NA,NA,NA,NA,NA,NA,NA
Elliott Mark Whitehouse,"Oct 27, 1993",Worksop,27,"1,80 m",England,midfield - Central Midfield,right,LPM Football Agents,Forest Green Rovers,"Aug 10, 2020","Jun 30, 2022",NA,NA,NA,NA,NA,NA,NA,NA,NA
Ebrima Adams,"Jan 15, 1996",London,25,"1,78 m",The Gambia England,midfield - Central Midfield,right,NA,Forest Green Rovers,"Jul 1, 2019","Jun 30, 2022",NA,NA,,"Jul 17, 2020",NA,NA,NA,NA,NA
Taylor Ellis Allen,"Jun 16, 2000",NA,21,"1,78 m",England,midfield - Central Midfield,left,Unique Sports Group,Forest Green Rovers,"Jul 1, 2019","Jun 30, 2022",NA,NA,NA,"Jun 8, 2021",NA,NA,NA,NA,NA
Harvey James Bunker,"Apr 15, 2003",Portsmouth,18,"1,83 m",England,midfield - Central Midfield,right,NA,Forest Green Rovers,"Jul 1, 2020","Jun 30, 2022",NA,NA,NA,NA,NA,NA,NA,NA,NA
Opanin Osafo-Adjei Edwards,"Apr 30, 1999",Bristol,22,"1,71 m",England,midfield - Right Midfield,right,Volenti,Forest Green Rovers,"Jul 1, 2021","Jun 30, 2022",NA,NA,NA,NA,NA,NA,NA,NA,NA
Nicholas Cadden,"Sep 19, 1996",Bellshill,25,"1,78 m",Scotland,midfield - Left Midfield,left,PLG Scotland,Forest Green Rovers,"Jul 3, 2020","Jun 30, 2022",NA,NA,,NA,NA,NA,NA,NA,NA
Vaughn Patrick Covil,"Jul 26, 2003",NA,18,"1,79 m",United States England,attack - Right Winger,right,SHINE Entertainment Media,Forest Green Rovers,"Jul 1, 2020","Jun 30, 2022",NA,NA,NA,NA,NA,NA,NA,NA,NA
Jamille Antonio Matt,"Oct 20, 1989",Kingston,32,"1,86 m",Jamaica England,attack - Centre-Forward,right,Refuel Performance Management,Forest Green Rovers,"Jul 20, 2020","Jun 30, 2022",NA,NA,,NA,NA,NA,NA,NA,NA
Mathew Antony Stevens,"Feb 12, 1998",Guildford,23,"1,80 m",England,attack - Centre-Forward,right,NA,Forest Green Rovers,"Jul 27, 2019","Jun 30, 2022",NA,NA,NA,NA,NA,NA,NA,NA,NA
Jake Alan Young,"Jul 22, 2001",Huddersfield,20,"1,86 m",England,attack - Centre-Forward,right,NA,Forest Green Rovers,"Jul 16, 2020","Jun 30, 2022",NA,NA,NA,NA,NA,NA,NA,NA,NA
Joshua Thomas March,"Mar 18, 1997",Stourbridge,24,"1,75 m",England,attack - Centre-Forward,right,NA,Forest Green Rovers,"Jan 6, 2020","Jun 30, 2022",NA,NA,NA,NA,NA,NA,NA,NA,NA
Richard Mark O'Donnell,"Sep 12, 1988",Sheffield,33,"1,88 m",England,Goalkeeper,left,NA,Bradford City,"Jul 1, 2018","Jun 30, 2022",NA,NA,,"Jul 20, 2020",NA,NA,NA,NA,NA
Samuel Connor Hornby,"Feb 14, 1995",NA,26,"1,88 m",England,Goalkeeper,NA,Integral Sports Management,Bradford City,"Jul 1, 2019","Jun 30, 2023",NA,NA,NA,"Jun 21, 2021",NA,NA,NA,NA,NA
Niall David Stephen Canavan,"Apr 11, 1991",Leeds,30,"1,91 m",Ireland England,Defender - Centre-Back,right,Deluxe Sports Group,Bradford City,"Jan 12, 2021","Jun 30, 2022",NA,NA,NA,NA,NA,NA,NA,NA,NA
Padhraic John O'Connor,"Jul 14, 1997",Ballybrown,24,"1,91 m",Ireland,Defender - Centre-Back,NA,NA,Bradford City,"Jul 1, 2019","Jun 30, 2022",NA,NA,NA,NA,NA,NA,NA,NA,NA
Fiacre Blane Kelleher,"Mar 10, 1996",Cork,25,"1,90 m",Ireland,Defender - Centre-Back,right,NA,Bradford City,"Jul 1, 2021","Jun 30, 2023",NA,NA,NA,NA,NA,NA,NA,NA,NA
Reece Jospeh Staunton,"Dec 10, 2001",Bradford,19,"1,83 m",Ireland England,Defender - Centre-Back,left,Chris Brandon,Bradford City,"Dec 24, 2019","Jun 30, 2022",NA,NA,NA,NA,NA,NA,NA,NA,NA
Jorge Jack Antoni Sikora,"Nov 10, 2001",Bradford,19,"1,87 m",Poland England,Defender - Centre-Back,right,Chris Brandon,Bradford City,"Jul 1, 2020","Jun 30, 2022",NA,NA,NA,"Jul 22, 2020",NA,NA,NA,NA,NA
Liam Mark Ridehalgh,"Apr 20, 1991",Halifax,30,"1,78 m",England,Defender - Left-Back,left,366 Group,Bradford City,"Jul 1, 2021","Jun 30, 2023",NA,NA,NA,NA,NA,NA,NA,NA,NA
Matthew Colin Foulds,"Feb 17, 1998",Bradford,23,"1,78 m",England,Defender - Left-Back,left,NA,Bradford City,"Jan 16, 2021","Jun 30, 2022",NA,NA,,"Jun 15, 2021",NA,NA,NA,NA,NA
Oscar George Threlkeld,"Dec 15, 1994",Bolton,26,"1,84 m",England,Defender - Right-Back,right,SME 83,Bradford City,"Jul 1, 2021","Jun 30, 2023",NA,NA,NA,NA,NA,NA,NA,NA,NA
Charles Hamilton Wood,"Oct 5, 2002",NA,19,NA,England,midfield,NA,Autograph Sports Management,Bradford City,"Jul 1, 2021","Jun 30, 2022",NA,NA,NA,NA,NA,NA,NA,NA,NA
Jack Levi Sutton,"Mar 24, 1996",Scunthorpe,25,"1,80 m",England,midfield - Defensive Midfield,right,NA,Bradford City,"Jul 11, 2020","Jun 30, 2022",NA,NA,NA,NA,NA,NA,NA,NA,NA
Elliot William Watt,"Mar 11, 2000",Preston,21,"1,75 m",Scotland England,midfield - Central Midfield,NA,Omni-Sports,Bradford City,"Jul 27, 2020","Jun 30, 2022",NA,NA,,NA,NA,NA,NA,NA,NA
Olivier Mariusz Sukiennicki,"May 25, 2003",Częstochowa,18,NA,Poland,midfield - Central Midfield,NA,Unique Sports Group,Bradford City,"Jul 1, 2021","Jun 30, 2022",NA,NA,NA,NA,NA,NA,NA,NA,NA
Gareth Charles Evans,"Apr 26, 1988",Macclesfield,33,"1,79 m",England,midfield - Right Midfield,right,no agent,Bradford City,"Sep 25, 2020","Jun 30, 2022",NA,NA,NA,NA,NA,NA,NA,NA,NA
Callum James Cooke,"Feb 21, 1997",Peterlee,24,"1,72 m",England,midfield - Attacking Midfield,right,NA,Bradford City,"Jul 25, 2020","Jun 30, 2022",NA,NA,NA,NA,NA,NA,NA,NA,NA
Abobaker Mamoun Eisa,"Jan 5, 1996",Khartoum,25,"1,80 m",England Sudan,attack - Left Winger,right,Family & Football,Bradford City,"Jul 1, 2021","Jun 30, 2023",NA,NA,,NA,NA,NA,NA,NA,NA
Charles Terence Priestley Vernam,"Oct 8, 1996",London,25,"1,70 m",England,attack - Left Winger,right,Wasserman,Bradford City,"Feb 1, 2021","Jun 30, 2022",NA,NA,,NA,NA,NA,NA,NA,NA
Alex Nicholas Gilliead,"Feb 11, 1996",Consett,25,"1,83 m",England,attack - Right Winger,right,SMI Sports Management,Bradford City,"Jul 1, 2021","Jun 30, 2023",NA,NA,NA,NA,NA,NA,NA,NA,NA
Theo Larayan Ronaldo Robinson,"Jan 22, 1989",Birmingham,32,"1,75 m",Jamaica England,attack - Centre-Forward,right,NA,Bradford City,"Aug 31, 2021","Jun 30, 2022",NA,NA,,NA,NA,NA,NA,NA,NA
Lee Anthony Angol,"Aug 4, 1994",London,27,"1,87 m",England,attack - Centre-Forward,NA,NA,Bradford City,"Jul 1, 2021","Jun 30, 2022",NA,NA,NA,NA,NA,NA,NA,NA,NA
Caolan Owen Lavery,"Oct 22, 1992","Red Deer, Alberta",28,"1,80 m",Northern Ireland Canada,attack - Centre-Forward,right,Unique Sports Group,Bradford City,"Aug 2, 2021","Jun 30, 2022",NA,NA,NA,NA,NA,NA,NA,NA,NA
Andrew Ellis Cook,"Oct 18, 1990",Bishop Auckland,31,"1,85 m",England,attack - Centre-Forward,right,Fifty Fifty Sports,Bradford City,"Jul 1, 2021","Jun 30, 2023",NA,NA,NA,NA,NA,NA,NA,NA,NA
Lawrence Ian Vigouroux,"Nov 19, 1993",London,27,"1,94 m",Chile England,Goalkeeper,right,Refuel Performance Management,Leyton Orient,"Jan 2, 2020","Jun 30, 2023",NA,NA,,"Jul 6, 2021",NA,NA,NA,NA,NA
Sam Joseph Dennis Sargeant,"Sep 23, 1997",London,24,"1,87 m",England,Goalkeeper,NA,New Era Global Sports,Leyton Orient,"Jul 1, 2016","Jun 30, 2022",NA,NA,,NA,NA,NA,NA,NA,NA
Rhys John Howard Byrne,"Aug 22, 2002",NA,19,"1,80 m",England,Goalkeeper,right,Integral Sports Management,Leyton Orient,"Jul 1, 2021","Jun 30, 2022",NA,NA,NA,NA,NA,NA,NA,NA,NA
Adam Lee Thompson,"Sep 28, 1992",Harlow,29,"1,83 m",Northern Ireland England,Defender - Centre-Back,right,366 Group,Leyton Orient,"Jan 30, 2021","Jun 30, 2022",NA,NA,NA,NA,NA,NA,NA,NA,NA
Omar Jerome Beckles,"Oct 25, 1991",London,29,"1,88 m",Grenada England,Defender - Centre-Back,right,NA,Leyton Orient,"Jul 1, 2021","Jun 30, 2023",NA,NA,,NA,NA,NA,NA,NA,NA
Daniel Keith Happe,"Sep 28, 1998",London,23,"1,97 m",England,Defender - Centre-Back,left,Wasserman,Leyton Orient,"Oct 2, 2017","Jun 30, 2023",NA,NA,NA,"Jun 21, 2021",NA,NA,NA,NA,NA
Alexander Paul Mitchell,"Feb 12, 2002",NA,19,"1,91 m",England,Defender - Centre-Back,NA,Coda Independent Sports,Leyton Orient,"Aug 31, 2021","May 31, 2022",Millwall FC U23,"Jun 30, 2023",NA,NA,NA,NA,NA,NA,NA
Connor Oliver Wood,"Jul 17, 1996",Harlow,25,"1,77 m",England,Defender - Left-Back,left,Major League Sports Management,Leyton Orient,"Jul 1, 2021","Jun 30, 2023",NA,NA,NA,NA,NA,NA,NA,NA,NA
Jayden Deslandes Sweeney,"Dec 4, 2001",NA,19,"1,78 m",England,Defender - Left-Back,left,Elite Management Agency,Leyton Orient,"Jul 1, 2019","Jun 30, 2023",NA,NA,NA,"May 26, 2021",NA,NA,NA,NA,NA
Shadrach Nosa Ogie,"Aug 26, 2001",Limerick,20,"1,85 m",Ireland Nigeria,Defender - Left-Back,left,NA,Leyton Orient,"Jul 1, 2019","Jun 30, 2022",NA,NA,,NA,NA,NA,NA,NA,NA
Thomas Lynn James,"Apr 15, 1996",Cardiff,25,"1,80 m",Wales,Defender - Right-Back,right,CAA Base Ltd,Leyton Orient,"Jul 19, 2021","Jun 30, 2022",NA,NA,NA,NA,NA,NA,NA,NA,NA
Έκτορα Μάθιου Κυπριανού / Hector Matthew Kyprianou,"May 27, 2001",London,20,"1,89 m",Cyprus England,midfield - Defensive Midfield,NA,New Vision,Leyton Orient,"Jul 1, 2019","Jun 30, 2022",NA,NA,NA,NA,NA,NA,NA,NA,NA
Darren Antony Pratley,"Apr 22, 1985",London,36,"1,86 m",England Jamaica,midfield - Central Midfield,right,New Vision,Leyton Orient,"Jul 1, 2021","Jun 30, 2022",NA,NA,NA,NA,NA,NA,NA,NA,NA
Callum Anthony Reilly,"Oct 3, 1993",Warrington,28,"1,85 m",Ireland England,midfield - Central Midfield,left,Integral Sports Management,Leyton Orient,"Aug 31, 2021","Jun 30, 2022",NA,NA,NA,NA,NA,NA,NA,NA,NA
Craig William Clay,"May 5, 1992",Nottingham,29,"1,80 m",England,midfield - Central Midfield,NA,NA,Leyton Orient,"Jul 17, 2017","Jun 30, 2023",NA,NA,NA,"May 20, 2019",NA,NA,NA,NA,NA
Matthew Young,"Dec 9, 2002",NA,18,"1,71 m",England,midfield - Central Midfield,NA,SSG,Leyton Orient,"Jul 1, 2021","Jun 30, 2022",NA,NA,,NA,NA,NA,NA,NA,NA
Theodore Valentine Archibald,"Mar 5, 1998",Glasgow,23,"1,80 m",Scotland,midfield - Left Midfield,left,Omni-Sports,Leyton Orient,"Jul 29, 2021","May 31, 2022",Lincoln City,-,,NA,NA,NA,NA,NA,NA
Paul Patrick Smyth,"Sep 10, 1997",Belfast,24,"1,75 m",Northern Ireland,attack - Right Winger,right,NA,Leyton Orient,"Jul 1, 2021","Jun 30, 2023",NA,NA,,NA,NA,NA,NA,NA,NA
Daniel Harry Kemp,"Jan 11, 1999",Sidcup,22,"1,68 m",England,attack - Right Winger,left,Elite Management Agency,Leyton Orient,"Jan 15, 2021","Jun 30, 2023",NA,NA,,NA,NA,NA,NA,NA,NA
Aaron John Drinan,"May 6, 1998",Cork,23,"1,82 m",Ireland,attack - Centre-Forward,left,NA,Leyton Orient,"Jul 1, 2021","Jun 30, 2023",NA,NA,NA,NA,NA,NA,NA,NA,NA
Harry Roy Smith,"May 18, 1995",Chatham,26,"1,96 m",England,attack - Centre-Forward,right,Every Aspect,Leyton Orient,"Jul 7, 2021","Jun 30, 2023",NA,NA,,NA,NA,NA,NA,NA,NA
Tyrese Demola Huxley Omotoye,"Sep 23, 2002",NA,19,NA,Belgium England,attack - Centre-Forward,right,ICM Stellar Sports,Leyton Orient,"Aug 17, 2021","May 31, 2022",Norwich City U23,"Jun 30, 2024",,NA,NA,NA,NA,NA,NA
Ruel Dimitrios Sotiriou,"Aug 24, 2000",London,21,"1,80 m",Cyprus England,attack - Centre-Forward,right,Emimel Sports Management,Leyton Orient,"Jul 1, 2018","Jun 30, 2022",NA,NA,NA,"Aug 14, 2020",NA,NA,NA,NA,NA
Sacha Charles Julian Guy Bastien,"Jan 22, 1995",Metz,26,"1,96 m",France,Goalkeeper,right,RT Management & Consultancy,Stevenage FC,"Aug 2, 2021","Jun 30, 2022",NA,NA,NA,NA,NA,NA,NA,NA,NA
Joseph Tetteh Anang,"Jun 8, 2000",NA,21,"1,90 m",England Ghana,Goalkeeper,right,Philip Mbah,Stevenage FC,"Jul 1, 2021","May 31, 2022",West Ham United U23,"Jun 30, 2024",NA,NA,NA,NA,NA,NA,NA
Scott James Cuthbert,"Jun 15, 1987",Alexandria,34,"1,88 m",Scotland,Defender - Centre-Back,right,NA,Stevenage FC,"Jul 1, 2018","Jun 30, 2022",NA,NA,NA,"Jun 15, 2020",NA,NA,NA,NA,NA
Luke Barrie Prosser,"May 28, 1988",London,33,"1,91 m",England,Defender - Centre-Back,left,NA,Stevenage FC,"Aug 10, 2020","Jun 30, 2022",NA,NA,NA,NA,NA,NA,NA,NA,NA
Terence Owen Vancooten,"Dec 29, 1997",London,23,"1,85 m",Guyana England,Defender - Centre-Back,right,ICM Stellar Sports,Stevenage FC,"Jul 18, 2017","Jun 30, 2023",NA,NA,NA,"Aug 5, 2021",NA,NA,NA,NA,NA
Ross Steven Marshall,"Oct 9, 1999",Norwich,22,"1,91 m",England,Defender - Centre-Back,right,Lilywhite Evo,Stevenage FC,"Jul 10, 2020","Jun 30, 2022",NA,NA,NA,"Aug 7, 2021",NA,NA,NA,NA,NA
Benjamin Leslie Coker,"Jul 1, 1990",Cambridge,31,"1,80 m",England,Defender - Left-Back,left,New Era Global Sports,Stevenage FC,"Oct 16, 2020","Jun 30, 2022",NA,NA,NA,"May 28, 2021",NA,NA,NA,NA,NA
Bradley Oliver Barry,"Feb 13, 1995",Hastings,26,"1,83 m",England,Defender - Right-Back,right,NA,Stevenage FC,"Jul 8, 2021","Jun 30, 2022",NA,NA,NA,NA,NA,NA,NA,NA,NA
Luther Ash James-Wildin,"Dec 3, 1997",Leicester,23,"1,78 m",Antigua and Barbuda England,Defender - Right-Back,NA,Unique Sports Group,Stevenage FC,"Jul 1, 2018","Jun 30, 2022",NA,NA,NA,"Jun 26, 2021",NA,NA,NA,NA,NA
Alfie Keith Williams,"Apr 20, 2003",Watford,18,NA,England,midfield,left,NA,Stevenage FC,"Jan 1, 2021","Jun 30, 2022",NA,NA,NA,NA,NA,NA,NA,club option 1 year,NA
Jack Justin Smith,"Sep 15, 2001",NA,20,"1,85 m",England,midfield - Defensive Midfield,NA,Progress Manage,Stevenage FC,"Jul 1, 2019","Jun 30, 2023",NA,NA,NA,"Jun 24, 2021",NA,NA,NA,NA,NA
Jake Kenny Reeves,"May 30, 1993",Greenwich,28,"1,73 m",England,midfield - Central Midfield,NA,NA,Stevenage FC,"Jul 1, 2021","Jun 30, 2022",NA,NA,NA,NA,NA,NA,NA,NA,NA
Jake William Trevor Taylor,"Dec 1, 1991",Ascot,29,"1,78 m",Wales England,midfield - Central Midfield,right,ASC,Stevenage FC,"Jul 1, 2021","Jun 30, 2022",NA,NA,,NA,NA,NA,NA,NA,NA
Christopher John Lines,"Nov 30, 1985",Bristol,35,"1,88 m",England,midfield - Central Midfield,right,Volenti,Stevenage FC,"Jan 5, 2021","Jun 30, 2022",NA,NA,NA,"Jun 26, 2021",NA,NA,NA,NA,NA
Arthur James Read,"Nov 3, 1999",London,21,"1,78 m",England,midfield - Central Midfield,left,NA,Stevenage FC,"Jul 1, 2021","Jun 30, 2022",NA,NA,NA,NA,NA,NA,NA,NA,NA
Charlie Leslie Carter,"Oct 25, 1996",London,24,"1,85 m",England,midfield - Attacking Midfield,NA,NA,Stevenage FC,"Jul 1, 2019","Jun 30, 2022",NA,NA,NA,"May 26, 2021",NA,NA,NA,NA,NA
Elliot James Osborne,"May 12, 1996",Stoke-on-Trent,25,"1,83 m",England,midfield - Attacking Midfield,NA,Beswicks Sports Ltd,Stevenage FC,"Jul 1, 2020","Jun 30, 2022",NA,NA,NA,NA,NA,NA,NA,NA,NA
Bruno Miguel Carvalho Andrade,"Oct 2, 1993",Viseu,28,"1,75 m",Portugal Cape Verde,attack - Left Winger,right,PowerHause SG,Stevenage FC,"Aug 26, 2021","Jun 30, 2022",NA,NA,,NA,NA,NA,NA,NA,NA
Elliott Ricardo Wignal List,"May 12, 1997",London,24,"1,78 m",England,attack - Right Winger,NA,PODIA SPORTS LTD,Stevenage FC,"Aug 31, 2019","Jun 30, 2023",NA,NA,NA,NA,NA,NA,NA,NA,NA
Luke Michael Norris,"Jun 3, 1993",Stevenage,28,"1,82 m",England,attack - Centre-Forward,NA,Two Touch Agency,Stevenage FC,"Jan 5, 2021","Jun 30, 2022",NA,NA,,NA,NA,NA,NA,NA,NA
James Stanley Daly,"Jan 12, 2000",Brighton,21,"1,78 m",England,attack - Centre-Forward,left,NA,Stevenage FC,"Jul 1, 2021","Jun 30, 2022",NA,NA,NA,NA,NA,NA,NA,NA,NA
Jamie Tyrrell Reid,"Jul 15, 1994",Torquay,27,"1,81 m",Northern Ireland England,attack - Centre-Forward,right,Volenti,Stevenage FC,"Jul 13, 2021","Jun 30, 2022",NA,NA,,NA,NA,NA,NA,NA,NA
Thomas David Bannatyne-Billson,"Oct 18, 2000",NA,21,"1,88 m",England,Goalkeeper,NA,First Access Sports,Scunthorpe United,"Jul 26, 2021","May 31, 2022",Coventry City U23,-,NA,NA,NA,NA,NA,NA,NA
Thomas Ryan Collins,"Aug 4, 2002",NA,19,"1,80 m",England,Goalkeeper,left,Unique Sports Group,Scunthorpe United,"Jul 1, 2020","Jun 30, 2022",NA,NA,NA,NA,NA,NA,NA,NA,NA
George William Taft,"Jul 29, 1993",Leicester,28,"1,91 m",England,Defender - Centre-Back,left,Major League Sports Management,Scunthorpe United,"Feb 1, 2021","Jun 30, 2023",NA,NA,NA,NA,NA,NA,NA,NA,NA
Harry Spencer Davis,"Sep 24, 1991",Burnley,30,"1,85 m",England,Defender - Centre-Back,right,NA,Scunthorpe United,"Jul 1, 2021","Jun 30, 2022",NA,NA,NA,NA,NA,NA,NA,NA,NA
Osaore Emmanuel Onariase,"Oct 21, 1996 Happy Birthday",London,25,"1,88 m",England Nigeria,Defender - Centre-Back,right,NA,Scunthorpe United,"Aug 3, 2020","Jun, 2022",NA,NA,,NA,NA,NA,NA,NA,NA
Mason Lewis O'Malley,"Jun 8, 2001",NA,20,"1,70 m",Ireland England,Defender - Left-Back,NA,NA,Scunthorpe United,"Jul 1, 2020","Jun 30, 2022",NA,NA,NA,"May 5, 2020",NA,NA,NA,NA,NA
Ross Andrew Millen,"Sep 28, 1994",Glasgow,27,"1,86 m",Scotland,Defender - Right-Back,right,NA,Scunthorpe United,"Jul 6, 2021","Jun 30, 2023",NA,NA,NA,NA,NA,NA,NA,NA,NA
Jai Tyler Rowe,"Aug 8, 2001",Nuneaton,20,"1,81 m",England,Defender - Right-Back,right,Omni-Sports,Scunthorpe United,"Jul 1, 2020","Jun 30, 2022",NA,NA,,NA,NA,NA,NA,NA,NA
Alexander George Kenyon,"Jul 17, 1992",Euxton,29,"1,82 m",England,midfield - Defensive Midfield,NA,INS Management,Scunthorpe United,"Jul 1, 2021","Jun 30, 2022",NA,NA,NA,NA,NA,NA,NA,NA,NA
Alexander Anthony Perry,"Mar 4, 1998",Liverpool,23,"1,76 m",England,midfield - Defensive Midfield,right,SMI Sports Management,Scunthorpe United,"Jul 27, 2021","Jun 30, 2023",NA,NA,NA,NA,NA,NA,NA,NA,NA
Hayden Rhys Hackney,"Jun 26, 2002",Middlesbrough,19,NA,England,midfield - Central Midfield,NA,SMI Sports Management,Scunthorpe United,"Aug 31, 2021","Jun 30, 2022",Middlesbrough FC U23,-,NA,NA,NA,NA,NA,NA,NA
Finley Thomas Shrimpton,"Aug 24, 2002",NA,19,NA,England,midfield - Central Midfield,NA,NA,Scunthorpe United,"Jul 27, 2020","Jun 30, 2022",NA,NA,NA,NA,NA,NA,NA,NA,NA
Thomas Edward Pugh,"Sep 27, 2000",NA,21,"1,69 m",Wales,midfield - Central Midfield,right,Unique Sports Group,Scunthorpe United,"Jul 1, 2020","Jun 30, 2022",NA,NA,NA,"May 5, 2020",NA,NA,NA,club option 1 year,NA
Daniel James Gallimore,"Mar 21, 2003",Grimsby,18,NA,England,midfield - Central Midfield,NA,Seven Sport,Scunthorpe United,"Jul 1, 2021","Jun 30, 2022",NA,NA,NA,NA,NA,NA,NA,NA,NA
Alfie Dillon Beestin,"Oct 1, 1997",Leeds,24,"1,78 m",England,midfield - Attacking Midfield,NA,CAA Base Ltd,Scunthorpe United,"Jan 15, 2020","Jun 30, 2022",NA,NA,,"Jul 8, 2020",NA,NA,NA,NA,NA
Jordan Paul Hallam,"Oct 6, 1998",Sheffield,23,"1,73 m",England,midfield - Attacking Midfield,NA,NA,Scunthorpe United,"Jan 25, 2019","Jun 30, 2023",NA,NA,NA,"Jun 15, 2021",NA,NA,NA,NA,NA
Cameron Harry Wilson,"Dec 1, 2002",Scunthorpe,18,NA,England,midfield - Attacking Midfield,NA,Seven Sport,Scunthorpe United,"Jul 1, 2021","Jun 30, 2022",NA,NA,NA,NA,NA,NA,NA,NA,NA
Harry Charles Bunn,"Nov 21, 1992",Oldham,28,"1,75 m",England,attack - Left Winger,right,ICM Stellar Sports,Scunthorpe United,"Jul 23, 2021","Jun 30, 2022",NA,NA,NA,NA,NA,NA,NA,NA,NA
Myles Elliot Zach Hippolyte,"Nov 9, 1994",London,26,"1,83 m",England Grenada,attack - Left Winger,left,NA,Scunthorpe United,"Aug 29, 2020","Jun 30, 2022",NA,NA,NA,NA,NA,NA,NA,NA,NA
Devarn Rohan Green,"Aug 26, 1996",NA,25,"1,81 m",England,attack - Right Winger,right,SMI Sports Management,Scunthorpe United,"Jan 31, 2020","Jun 30, 2022",NA,NA,NA,NA,NA,NA,NA,NA,NA
Philipp Kenan Dünnwald-Turan,"Nov 14, 1995",Düsseldorf,25,"1,89 m",Germany,attack - Centre-Forward,NA,TPWE GmbH,Scunthorpe United,"Sep 3, 2020","Jun 30, 2022",NA,NA,NA,NA,NA,NA,NA,NA,NA
Ryan George Henson Loft,"Sep 14, 1997",Gravesend,24,"1,90 m",England,attack - Centre-Forward,NA,CS-Management Ltd,Scunthorpe United,"Aug 31, 2020","Jun 30, 2022",NA,NA,NA,NA,NA,NA,NA,NA,NA
Harry Peter Jessop,"Aug 1, 2002",NA,19,"1,80 m",England,attack - Centre-Forward,left,IWSM,Scunthorpe United,"Jul 1, 2020","Jun 30, 2022",NA,NA,,NA,NA,NA,NA,NA,NA
Aaron Derek Ahmad Jarvis,"Jan 24, 1998",Basingstoke,23,"1,88 m",England,attack - Centre-Forward,NA,NA,Scunthorpe United,"Aug 3, 2020","Jun 30, 2022",NA,NA,NA,NA,NA,NA,NA,NA,NA
Tyrone Daniel O'Neill,"Oct 12, 1999",Grangetown,22,"1,86 m",England,attack - Centre-Forward,NA,SMI Sports Management,Scunthorpe United,"Jul 23, 2021","Jun 30, 2023",NA,NA,NA,NA,NA,NA,NA,NA,NA
Dean Anthony Bouzanis,"Oct 2, 1990",Sydney,31,"1,89 m",Australia Greece,Goalkeeper,right,Aspire Management,Sutton United,"Aug 7, 2020","Jun 30, 2022",NA,NA,NA,"Jun 30, 2021",NA,NA,NA,NA,NA
Coby Jake Rowe,"Oct 2, 1995",London,26,"1,92 m",England Jamaica,Defender - Centre-Back,right,D&S Sports Management LTD,Sutton United,"Jan 11, 2020","Jun 30, 2022",NA,NA,NA,"Jun 17, 2021",NA,NA,NA,NA,NA
Ben David Goodliffe,"Jun 19, 1999",Watford,22,"1,88 m",England,Defender - Centre-Back,NA,World in Motion,Sutton United,"Jul 12, 2019","Jun 30, 2022",NA,NA,NA,"Jun 29, 2021",NA,NA,NA,NA,NA
Louis Tyler John,"Apr 19, 1994",NA,27,"1,90 m",England St. Vincent & Grenadinen,Defender - Centre-Back,right,LPM Football Agents,Sutton United,"Jan 23, 2020","Jun 30, 2022",NA,NA,NA,"Jun 30, 2021",NA,NA,NA,NA,NA
Robert Steven Milsom,"Jan 2, 1987",Redhill,34,"1,80 m",England,Defender - Left-Back,left,LPM Football Agents,Sutton United,"Aug 1, 2019","Jun 30, 2022",NA,NA,NA,"Jun 29, 2021",NA,NA,NA,NA,NA
Benjamin Thomas Wyatt,"Feb 4, 1996",Norwich,25,"1,73 m",England,Defender - Left-Back,left,NA,Sutton United,"Sep 1, 2019","Jun 30, 2022",NA,NA,NA,"Jun 29, 2021",NA,NA,NA,NA,NA
Jonathan Patrick Barden,"Nov 9, 1992",Harrow,28,"1,80 m",England,Defender - Right-Back,right,World in Motion,Sutton United,"Mar 12, 2019","Jun 30, 2022",NA,NA,,"Jun 30, 2021",NA,NA,NA,NA,NA
Joseph Mohamed Kizzi,"Jun 24, 1993",London,28,"1,88 m",England,Defender - Right-Back,right,NA,Sutton United,"Jul 1, 2021","Jun 30, 2022",NA,NA,NA,NA,NA,NA,NA,NA,NA
Craig Leon Eastmond,"Dec 9, 1990",London,30,"1,82 m",England Jamaica,midfield - Defensive Midfield,right,NA,Sutton United,"Sep 9, 2015","Jun 30, 2022",NA,NA,,"Jun 27, 2021",NA,NA,NA,NA,NA
Kenny George Michael Davis,"Apr 17, 1988",London,33,"1,72 m",England,midfield - Central Midfield,right,NA,Sutton United,"Jul 1, 2017","Jun 30, 2022",NA,NA,NA,"Jun 27, 2021",NA,NA,NA,NA,NA
Alistair Oluwashaun Smith,"May 19, 1999",Beverley,22,"1,87 m",England,midfield - Central Midfield,NA,Elite Management Agency,Sutton United,"Jul 1, 2021","Jun 30, 2022",NA,NA,NA,NA,NA,NA,NA,NA,NA
William George James Randall-Hurren,"May 2, 1997",Swindon,24,"1,80 m",England,attack - Left Winger,right,NA,Sutton United,"Jul 17, 2019","Jun 30, 2022",NA,NA,NA,"Jun 29, 2021",NA,NA,NA,NA,NA
Ricky Samuel Korboa,"Aug 2, 1996",NA,25,"1,78 m",England,attack - Left Winger,right,NA,Sutton United,"Jul 1, 2021","Jun 30, 2022",NA,NA,NA,NA,NA,NA,NA,NA,NA
Enzio Imanuel Ruel Boldewijn,"Nov 17, 1992",Amsterdam,28,"1,85 m",Netherlands Suriname,attack - Right Winger,right,366 Group,Sutton United,"Jul 6, 2021","Jun 30, 2022",NA,NA,,NA,NA,NA,NA,NA,NA
David Ibukun Ajiboye,"Sep 28, 1998",NA,23,"1,72 m",England Nigeria,attack - Right Winger,right,World in Motion,Sutton United,"Jul 1, 2019","Jun 30, 2022",NA,NA,NA,"Jun 29, 2021",NA,NA,NA,NA,NA
Donovan Junior Wilson,"Mar 14, 1997",Yate,24,"1,80 m",England Jamaica,attack - Centre-Forward,NA,Quorum Sports Advisors,Sutton United,"Jul 1, 2021","Jun 30, 2022",NA,NA,NA,NA,NA,NA,NA,NA,NA
Isaac Tanitoluwaloba Aduraoluwatimileyin Olaofe,"Nov 21, 1999",Lewisham,21,"1,81 m",England,attack - Centre-Forward,right,Crown Football Ltd,Sutton United,"Aug 31, 2021","May 31, 2022",Millwall FC U23,"Jun 30, 2022",,NA,NA,NA,NA,NA,NA
Oluwatobi Fabian Shobowale Akintunde Sho-Silva,"Mar 27, 1995",Thamesmead,26,"1,86 m",England Nigeria,attack - Centre-Forward,right,Omari Williams,Sutton United,"Aug 7, 2020","Jun 30, 2022",NA,NA,NA,NA,NA,NA,NA,NA,NA
Omar Khalid Chaaban Bugiel,"Jan 3, 1994",Berlin,27,"1,85 m",Lebanon Germany,attack - Centre-Forward,right,NA,Sutton United,"Jul 1, 2019","Jun 30, 2022",NA,NA,,"Jun 27, 2021",NA,NA,NA,NA,NA
Craig Charles Dundas,"Feb 16, 1981",London,40,NA,England,attack - Centre-Forward,NA,NA,Sutton United,"Jul 1, 2019","Jun 30, 2022",NA,NA,NA,NA,NA,NA,NA,NA,NA
Richard Thomas Bennett,"Mar 3, 1991",Oldham,30,"1,91 m",England,attack - Centre-Forward,NA,Inspire Sports Management,Sutton United,"Jul 9, 2021","Jun 30, 2022",NA,NA,NA,NA,NA,NA,NA,NA,NA
Mark Thomas Oxley,"Sep 28, 1990",Sheffield,31,"1,90 m",England,Goalkeeper,right,NA,Harrogate Town,"Jul 1, 2021","Jun 30, 2022",NA,NA,NA,NA,NA,NA,NA,NA,NA
Joseph Cracknell,"Jun 5, 1994",NA,27,"1,83 m",England,Goalkeeper,left,NA,Harrogate Town,"Aug 8, 2017","Jun 30, 2022",NA,NA,NA,NA,NA,NA,NA,NA,NA
Rory Alexander McArdle,"May 1, 1987",Sheffield,34,"1,85 m",Northern Ireland England,Defender - Centre-Back,right,Omni-Sports,Harrogate Town,"Jul 1, 2021","Jun 30, 2022",NA,NA,NA,NA,NA,NA,NA,NA,NA
William Owen Smith,"Nov 4, 1998",Leeds,22,"1,89 m",England,Defender - Centre-Back,right,Titan One Sports,Harrogate Town,"Jul 1, 2019","Jun 30, 2024",NA,NA,NA,"Oct 1, 2020",NA,NA,NA,NA,NA
Lewis Robert Page,"May 20, 1996",London,25,"1,78 m",England,Defender - Left-Back,left,Unique Sports Group,Harrogate Town,"Jul 16, 2021","Jun 30, 2022",NA,NA,,NA,NA,NA,NA,NA,NA
Ryan Jack Glenn Fallowfield,"Jan 3, 1996",Kingston-upon-Hull,25,"1,74 m",England,Defender - Right-Back,right,NA,Harrogate Town,"Jul 1, 2017","Jun 30, 2021",NA,NA,NA,"Aug 25, 2020",NA,NA,NA,NA,NA
Warren Matthew Burrell,"Jun 3, 1990",Sheffield,31,"1,78 m",England,Defender - Right-Back,right,NA,Harrogate Town,"Jan 1, 2016","Jun 30, 2022",NA,NA,NA,NA,NA,NA,NA,NA,NA
Nathan John Sheron,"Oct 4, 1997",Whiston,24,"1,84 m",England,midfield - Defensive Midfield,right,Midas Sports,Harrogate Town,"Jul 16, 2021","Jun 30, 2022",NA,NA,NA,NA,NA,NA,NA,NA,NA
Alexander Antony Pattison,"Sep 6, 1997",Darlington,24,"1,73 m",England,midfield - Central Midfield,right,SMI Sports Management,Harrogate Town,"Jul 1, 2021","Jun 30, 2022",NA,NA,,NA,NA,NA,NA,NA,NA
Joshua David Falkingham,"Aug 25, 1990",Leeds,31,"1,68 m",England,midfield - Central Midfield,left,NA,Harrogate Town,"Jul 1, 2017","Jun 30, 2022",NA,NA,NA,NA,NA,NA,NA,NA,NA
George Henry Thomson,"May 19, 1992",Melton Mowbray,29,"1,75 m",England,midfield - Right Midfield,left,NA,Harrogate Town,"Jul 1, 2017","Jun 30, 2022",NA,NA,NA,"Aug 25, 2020",NA,NA,NA,NA,NA
Jack Tyler Diamond,"Jan 12, 2000",NA,21,"1,75 m",England,attack - Left Winger,right,NA,Harrogate Town,"Aug 31, 2021","May 31, 2022",Sunderland AFC,"Jun 30, 2024",,NA,NA,NA,NA,NA,NA
Luke Thomas Armstrong,"Jul 2, 1996",Durham,25,"1,85 m",England,attack - Centre-Forward,NA,CAA Base Ltd,Harrogate Town,"Jul 1, 2021","Jun 30, 2023",NA,NA,NA,NA,NA,NA,NA,NA,NA
Aaron Lewiss Martin,"Jul 5, 1991",Sheffield,30,"1,83 m",England,attack - Centre-Forward,NA,NA,Harrogate Town,"Mar 16, 2020","Jun 30, 2023",NA,NA,NA,"Mar 19, 2021",NA,NA,NA,NA,NA
Danilo Orsi-Dadomo,"Apr 19, 1996",NA,25,"1,88 m",England Italy,attack - Centre-Forward,right,PowerHause SG,Harrogate Town,"Jul 1, 2021","Jun 30, 2022",NA,NA,NA,NA,NA,NA,NA,NA,NA
Jonathan Jack Muldoon,"May 19, 1989",Scunthorpe,32,"1,78 m",England,attack - Centre-Forward,right,NA,Harrogate Town,"Jul 1, 2018","Jun 30, 2022",NA,NA,,NA,NA,NA,NA,NA,NA
